timestamp,review,sentiment,value
2025-12-25 23:18:08,"aplikasinya bagus tapi ada beberapa fitur yg masih kurang, segera dibenahi saja",Positive,1
2025-12-25 23:18:37,"aplikasinya masih jelek, tolong diperbaiki lagi yaa",Negative,0
2025-12-25 23:19:30,aplikasi tolool,Negative,0
2025-12-25 23:19:30,suka error,Positive,1
2025-12-25 23:19:30,sudah paling Update malah eror terussssss,Negative,0
2025-12-25 23:19:30,"ga bisa login, captcha nya muter doang",Negative,0
2025-12-25 23:19:30,"kita daftar berobat harus lewat online,tapi kenyataan dari aplikasi ini apa?suka keluar sendiri, waktu mau login lagi, tidak bisa bisa, selau loading padahan apk lain tidak loading, mau berobat saja susah, padahal kita aja bayar meskipun itu perbulan!!!,memang harus mempersulit kita sebagai rakyat kecil yang ingin berobat? apa fungsinya aplikasi yg selalu loading ga jelas !!",Negative,0
2025-12-25 23:19:30,"tolong di perbaiki, kode captha muter doang gak muncul²... jadi gak bisa login paketan padahal aman jaringan kenceng, sampe hp di restar berkali2 sama aja masih gak bisa",Negative,0
2025-12-25 23:19:30,Bikin ribed aja aplikasi pas lagi dibutuhin sering error padahal orang sakit harus buru2 ditangani.,Negative,0
2025-12-25 23:19:30,"setiap bulan update aplikasi dan slalu login, tapi setiap log-in selalu susah yg caphca tidak tampil,yg aplikasi eror bukan membatu malah buat ribet",Negative,0
2025-12-25 23:19:30,"dikasih chapta, eh malah muter2. gimana loginnya klo kaya gini",Negative,0
2025-12-25 23:19:30,terlog-out sendiri dan tdk bisa login. dulu bagus skrg kok turun performa. saya tidak yakin aplikasi ini mendapat rating 4.5 bintang saya baca hampir rata² memberi nilai 1 bintang,Negative,0
2025-12-25 23:19:30,"mau login aja susah banget, captcha nya muter2 mulu",Negative,0
2025-12-25 23:19:30,"aplikasi bodoh, orang dimana mana bikin software untuk mempermudah pengguna, ini justru makin mempersulit pengguna, orang mau berobat udah setengah mati pun harus ngingat ngingat password dulu, lawak",Negative,0
2025-12-25 23:19:30,sudah update malah gabisa log in,Negative,0
2025-12-25 23:19:30,tidak bisa login capcha tidak keluar,Negative,0
2025-12-25 23:19:30,apk ga bisa di pake ga update nyusahin banget sumpah orang mau berobat malah ga bisa login su,Negative,0
2025-12-25 23:19:30,kenapa mau login captcha muter2 terus? tolong dong d perbaiki,Negative,0
2025-12-25 23:19:30,tidak bisa log in stak terus di menu log in,Negative,0
2025-12-25 23:19:30,entahlah lebih lancar buka YouTube sama Facebook ketimbang buka aplikasi mobile JKN... semoga menjadi perhatian serius untuk lebih baik lagi melayani rakyat Indonesia.,Negative,0
2025-12-25 23:19:30,"semenjak di perbarui kenapa JD susah eror Mulu, mau berobat jkn nya eror terus ,",Negative,0
2025-12-25 23:19:30,aplikasi yg MEMPERSULIT orang. susah sekali mau log in. berbenah coba. !,Negative,0
2025-12-25 23:19:30,gabisa d gunakan selalu eror,Negative,0
2025-12-25 23:19:30,Sulit login,Negative,0
2025-12-25 23:19:30,"orang mau berobat captcha nya muter2 doank, gk ad yg monitoring aplikasinya apa?",Negative,0
2025-12-25 23:19:30,sangat membantu,Positive,1
2025-12-25 23:19:30,"sering logout sendiri, di samsung S23 ultra. Setiap ada update selalu logout. Ini captcha nya error jadi tidak bisa login. Tolong ya kak",Negative,0
2025-12-25 23:19:30,servernya lemot,Negative,0
2025-12-25 23:19:30,"Pasword sydwh benar dan captcha sudah bener masih saja gak bisa,,,apa sih maunya aplikasi ini",Negative,0
2025-12-25 23:19:30,ini yang bikin aplikasi niat ga ?? errorr terusss sistem nya !!!! coba lagi coba lagi,Negative,0
2025-12-25 23:19:30,aplikasi aneh gangguan mulu duit nya di korup mulu sih engga bner kalah ama server roblox,Negative,0
2025-12-25 23:19:30,login susah banget,Negative,0
2025-12-25 23:19:30,"gabisa login, padahal kuota aman jaringan pun stabil",Negative,0
2025-12-25 23:19:30,"suka tiba-tiba keluar sendiri pas mau masuk lagi gak bisa,, loading terus,, payah",Negative,0
2025-12-25 23:19:30,Tidak bisa login walau sinyal dan identitas telah dimasukkan dengan benar.,Negative,0
2025-12-25 23:19:30,keluar mulu dan susah masuknya,Negative,0
2025-12-25 23:19:30,susah buat akun bnyk bug,Negative,0
2025-12-25 23:19:30,kenapa ini jaringan ?? tidak bisa masuk,Negative,0
2025-12-25 23:19:30,kenapa ya sekarang eror Mulu tolong lah perbaiki kekurang nya,Negative,0
2025-12-25 23:19:30,error mulu 🙄,Negative,0
2025-12-25 23:19:30,Aplikasi nyusahin..... ERORRRRRRRRRR NGGA BISA MASUK,Negative,0
2025-12-25 23:19:30,"ini aplikasi bobrok banget dah gilaa mau login sama buat akun susah nya minta ampun, giliran makan uang rakyat aja cepet",Negative,0
2025-12-25 23:19:30,ok,Positive,1
2025-12-25 23:19:30,ribet jncok kita mau berobat mlh d persulit tinggal dtng daftar mlh d sruh pke apk login ngk mau msuk msuk INTINYA RIBETTT,Negative,0
2025-12-25 23:19:30,"Mau dipake pendaftaran, login ajh susah, minta tolong diperbaiki Trimakasih",Negative,0
2025-12-25 23:19:30,ada beberapa kendala tapi overall bagus,Positive,1
2025-12-25 23:19:30,dapat membantu orang orang,Positive,1
2025-12-25 23:19:30,error. ga bisa ambil antrian,Negative,0
2025-12-25 23:19:30,cepat responnya dan mudah menggunakan nya,Positive,1
2025-12-25 23:19:30,Sangat Membantu terima kasij mobile jkn,Positive,1
2025-12-25 23:19:30,bikin ribet doang 😄,Negative,0
2025-12-25 23:19:30,habis periksa poli umum dan akan daftar untuk poli gigi hari selanjutnya tidak dapat masuk karena riwayat pendaftaran masih dan tidak ada menu hapus riwayat daftar tak kasih bintang 2 dulu,Negative,0
2025-12-25 23:19:30,mantap aplikasinya sangat membantu,Positive,1
2025-12-25 23:19:30,mantap sangat membantu,Positive,1
2025-12-25 23:19:30,sangat membantu,Positive,1
2025-12-25 23:19:30,Alhamdulillah sekarang sudah bisa cuma ya masih bingung kok bisa nomor dibilang sudah dipakai padahal belum pernah buat sebelumnya,Negative,0
2025-12-25 23:19:30,"ini aplikasi jkn knp. erory ketutup sendiri hrs masuk dftr ulang.. kita nih ngecek aplikasi utk byr.. aneh bngt.. bikin ribet dftr ulang mskin no nik dll.. jgn di bikin ribet lah.. kita byr tepat wkt utk. di pake aj kagak. inibpjs.. cuma untuk cek mau BAYAR.. di buat ribet dh berkali"" hrs login awal.. hbskan wkt aj.. nungak juga kagak pernah.. tepat waktu.. zonk bngt.. mau byr aj di susah"" apa lagi kalo gk bayar...",Negative,0
2025-12-25 23:19:30,mudah menggunakannya,Positive,1
2025-12-25 23:19:30,"update mulu, giliran login tidak bisa masuk,mau ganti kata sandi kode OTP tidak dikirim kan.",Negative,0
2025-12-25 23:19:30,sangat membantu,Positive,1
2025-12-25 23:19:30,ok,Positive,1
2025-12-25 23:19:30,aplikasinya bagus sekali,Positive,1
2025-12-25 23:19:30,aplikasi tidak berguna dan menyusahkan,Negative,0
2025-12-25 23:19:31,ok bet,Positive,1
2025-12-25 23:19:31,"susah amat mau verifikasi minta kode wa kita ke wa kembali ke jkn dah ilang, begitu terus, minta kode mail, kita tinggal buka mail kembali ke halaman jkn dah ilang lagi..",Negative,0
2025-12-25 23:19:31,sangat membantu,Positive,1
2025-12-25 23:19:31,sangat membantu,Positive,1
2025-12-25 23:19:31,memudahkan kita untuk meningkatkan kesehatan,Positive,1
2025-12-25 23:19:31,mantap,Positive,1
2025-12-25 23:19:31,kode di SMS gak masuk2 pulsa udah abis hadeh,Negative,0
2025-12-25 23:19:31,sangat membantu,Positive,1
2025-12-25 23:19:31,"verifikasi wajah gabisa, daftar ambil antrian jg gabisa",Negative,0
2025-12-25 23:19:31,"satu dari ribuan layanan pemerintah yang tidak ribet, tidak berbelit-belit dan sangat membantu masyarakat benar benar berdedikasi untuk melayani masyarakat dan integritas tinggi defenisi sebenarnya dari integritas dan melayani dengan sepenuh hati adalah cerminan dari JKN mobile",Positive,1
2025-12-25 23:19:31,respon cepat,Positive,1
2025-12-25 23:19:31,"mempermudah urusan utk mengubah data peserta jg faskes pertama,mantap moga dpt dipermudah segala urusannya,terimakasih",Positive,1
2025-12-25 23:19:31,banyak eror nya ini aplikasi,Negative,0
2025-12-25 23:19:31,sudah bagus mantap,Positive,1
2025-12-25 23:19:31,Sangat membantu dan mempermudah,Positive,1
2025-12-25 23:19:31,sangat mebantu,Positive,1
2025-12-25 23:19:31,sudah 2 minggu ngebug terus..padahal saya butuh buat ambil antrian..tolong diperbaiki..,Negative,0
2025-12-25 23:19:31,tolong sediakan fitur ss,Negative,0
2025-12-25 23:19:31,"susah login, katanya no antian rs biar cepat lewat aplikasi ini nyatanya login aja susah banget",Negative,0
2025-12-25 23:19:31,mantap,Positive,1
2025-12-25 23:19:31,"Saya login apk tp logout sendiri dan ada keterangan udh login di perangkat lain. Saat itu saya langsung amanin akun dan ganti passowrd. Tp pas login kenapa ga jadi ya? NIK, password dan kode captcha udh bener tp salah mulu ga bisa masuk. Tolong dibantu buat menyelesaikan masalah ini.",Negative,0
2025-12-25 23:19:31,terima kasih,Positive,1
2025-12-25 23:19:31,luar biasa hebat,Positive,1
2025-12-25 23:19:31,Udah berulang kali minta kode verifikasi otp kagak pernah muncul,Negative,0
2025-12-25 23:19:31,apakah aplikasi ini bisa di akses 2 KK kalau bisa caranya gimna?,Negative,0
2025-12-25 23:19:31,sangat membantu... ga usah ribet datang ke kantor BPJS dan lama ngantri... tinggal klik klik beres.... terus banyak fitur dan kelebihan nya LG .. ga percaya download donk...,Positive,1
2025-12-25 23:19:31,memudahkan peserta..dlm urusan kesehatan.ke RSUD,Positive,1
2025-12-25 23:19:31,"Saya mau nambah peserta untuk anak saya, tapi nggak bisa dengan alasan bayi baru lahir, padahal jelas-jelas data yang saya isi tahun lahir anak saya 2023, Ini terjadi berulang, dari 2023, 2024, dan bahkan sekarang 2025 saya coba lagi, ternyata masih nggak bisa.. tolong dong,",Negative,0
2025-12-25 23:19:31,kurang nya no antrian suka ngilang sndri jdi susah liat nya lagi,Negative,0
2025-12-25 23:19:31,aplikasinya sangat memudahkan saya dan keluarga,Positive,1
2025-12-25 23:19:31,membantu memudahkan pendaftaran,Positive,1
2025-12-25 23:19:31,"sering keluar sendiri dari aplikasi jkn,kemudian login lagi susah masuk",Negative,0
2025-12-25 23:19:31,ok bgd,Positive,1
2025-12-25 23:19:31,mudah,Positive,1
2025-12-25 23:19:31,ini aplikasi gimana ya.. suka log out sendiri.. mau daftar antrian buat kontrol susah padahal rujukan sudah baru. kan capek harus log in terus. setelah coba log in gak bisa.. ngisi data sudah benar2. malah suruh mengulang2 terus.,Negative,0
2025-12-25 23:19:31,proses perubahan data cepat terima kasih,Positive,1
2025-12-25 23:19:31,Bagus banyak kemajuan dan sangat bermanfaat.,Positive,1
2025-12-25 23:19:31,akun sering keluar sendiri,Negative,0
2025-12-25 23:19:31,mantap jaya,Positive,1
2025-12-25 23:19:31,"nice pertahankan jgn berhenti ditengah jalan, kebiasaan pemerintah ganti pimpinan ganti aplikasi, kalo sudah bagus lanjutkan dan lebih dilengkapi dan di tingkatkan kecepatan servernya agar makin baik aplikasinya",Positive,1
2025-12-25 23:19:31,semoga kedepan nya makin lancar,Positive,1
2025-12-25 23:19:31,abis di update... log-in ulang lagi.. di login GK bisa ... pakai lupa sandi ..no verifikasi gak di kirim.. coba hari berikutnya sama aja .. Ampe sekarang masih gak bisa.. pakai cara apalagi supaya bisa log- in,Negative,0
2025-12-25 23:19:31,"Alhamdulillah semakin mudah dan semakin terbantu berkat adanya mobile jkn periksa lebih gampang, banyak informasi nya juga terima kasih jkn 🙏👍👍👍👍👍👍🔥🔥🔥🔥",Positive,1
2025-12-25 23:19:31,"KENAPA TIBA-TIBA LOGOUT, APLIKASI RIBET, KEBANYAKAN CHAPTA!!!!!",Negative,0
2025-12-25 23:19:31,sangat membantu,Positive,1
2025-12-25 23:19:31,"seperti aplikasi pemerintah pada umumnya, TIDAK cepat, TIDAK lancar, sering TIDAK berhasil input data tidak bisa daftar online sudah 1 Minggu lebih, dengan keterangan kuota penuh, sudah dipastikan di klinik yg saya tuju, masih kosong pendaftaran atau kuota tersedia, anak saya sedang tambal gigi, padahal tambalan sementara harus di lepas tapi ternyata gak bisa daftar online dan kejadian ini tidak hanya di M JKN saya, keluarga lain juga mengalami hal sama, ayolah",Negative,0
2025-12-25 23:19:31,"tidak bisa masuk, aplikasi parah",Negative,0
2025-12-25 23:19:31,ok mantap,Positive,1
2025-12-25 23:19:31,mantap,Positive,1
2025-12-25 23:19:31,sangat membantu,Positive,1
2025-12-25 23:19:31,sangat membantu saat menjalani perawatan,Positive,1
2025-12-25 23:19:31,Kenapa ya susah banget ngirim kode otp doang. Trs ga ada kah pengaturan yang ngatur buat ganti nomer hp atau gmail. Tolonglah binding aplikasi ini sama gmail atau aplikasi lain tuh harus ada biar ga nyusahin jangan pas bikin akun doang 🤦‍♀️,Negative,0
2025-12-25 23:19:31,pelayanannya bagus,Positive,1
2025-12-25 23:19:31,mudah praktis aman untuk melakukan perubahan data secara online terimakasih,Positive,1
2025-12-25 23:19:31,sangat memudahkan untuk ambil antrian,Positive,1
2025-12-25 23:19:31,tambah ke sini tambah ribet tiap mau buka aplikasi harus login ulang bahkan sering gagal,Negative,0
2025-12-25 23:19:31,bagus,Positive,1
2025-12-25 23:19:31,"aneh sekali aplikasi mobile JKN ini, mau log in eh akun gak terdaftar, terus daftar pemberitahuannya akun sdh terdaftar, coba log in lagi malah tidak terdaftar..! bukannya dipermudah malah dipersulit!",Negative,0
2025-12-25 23:19:31,heran suka banget log out sendiri mau log in lagi lupa salah mulu password nya. ga bisa log in! capek!,Negative,0
2025-12-25 23:19:31,simple,Positive,1
2025-12-25 23:19:31,cukup unt.memudahkan urusan dlm kesehatan. meringankan dlm antrian pemeriksaan dll,Positive,1
2025-12-25 23:19:31,"Punya saya kenapa waktu mau ambil antrian tulisannya invalid-F1, terima kasih",Negative,0
2025-12-25 23:19:31,okeh,Positive,1
2025-12-25 23:19:31,isi nik udah bener di bilang salah memasukan nik sudah 2 x...gimana ini teh mau log in,Negative,0
2025-12-25 23:19:31,"Guamah gak paham sama mobile jkn ini.. Bener2 susah bgt mau daftar lagi dengan cara pilih lupa kata sandi, daftar pakai nomor hp malah gak masuk2 kode verifikasinya. Nyebelin ini bener2 mobile jkn",Negative,0
2025-12-25 23:19:31,aplikasi sering eror dan sulit masuk,Negative,0
2025-12-25 23:19:31,Mobil jkn lebih enak dan mudah.,Positive,1
2025-12-25 23:19:31,"tolong sistem lupa password nya di perbaiki, nomor verifikasi menuju sms dan email tidak muncul sama sekali padahal jaringan lancar, dan waktu pengiriman ulang nya 300 detik terlalu lama",Negative,0
2025-12-25 23:19:31,ok,Positive,1
2025-12-25 23:19:31,pengalaman adalah guru terbaik,Positive,1
2025-12-25 23:19:31,susahnya ganti nomor hp sampai kontrol RS saja terlewat gara ² gak bisa masuk lupa password...,Negative,0
2025-12-25 23:19:31,Aplikasi yang sangat membantu dan mudah digunakan,Positive,1
2025-12-25 23:19:31,parah kartu ada bulanan nggak pernah nunggak kok tiba 2 saya tidak terdaftar kacau2,Negative,0
2025-12-25 23:19:31,"aplikasi lemot, aplikasi sering log out tapi ga bisa login lagi. kirim kode otp via sms ga ada sms masuk samsek, kirim kode otp via email tapi email tidak terdaftar padahal sudah pernah login pake email. di suruh pake aplikasi tapi aplikasinya busuk banget. ketika dibutuhkan malah aplikasi eror, kalau urgent gimana dong",Negative,0
2025-12-25 23:19:31,mudah penggunaan nya,Positive,1
2025-12-25 23:19:31,ok,Positive,1
2025-12-25 23:19:31,sangat bobrok aplikasi jkn indonesia. bermasalah terus menerus. pelayanan sangat kecewa sekali. korupsi besar besaran aplikasinya saja bobrok apalagi pelayanan masyahrakat tidak di perbaiki. untuk apa ada aplikasi jkn kalo gak bisa di gunakan aplikasinya. bagai mana dengan pekerja yg sedang sakit yg membutuhkan bukti riwayat berobat untuk di berikan bukti ke perusahaan. jika tidak di lampirkan maka kami di potong gaji 1 hk. aplikasi bukan membantu malah menyusahkan saja.,Negative,0
2025-12-25 23:19:31,"saya mau bayar tunggakan, tapi ribet poll, udh pernah daftar hrs dftr lagi, trs mau masuk hrs langsung dihubungin ke autodebit, padahal kan saya mau benerin data dulu, byk yg blm disesuaikan. Mau chatt cs lewat mana ya?, jgn yg wa biasa krn itu bot/template semua, maunya sama org langsung yg solutif. proses autodebit juga ga selesai2, capek ngulangnya, mau pake nonbank jg katanya email tdk sesuai format, aneh!. suruh bikin pengaduan by jkn, orang LOGIN AJA BELUM! gimana caranya?, KOCAK",Negative,0
2025-12-25 23:19:31,mantap sangat membantu,Positive,1
2025-12-25 23:19:31,bagus mudah di pergunakan,Positive,1
2025-12-25 23:19:31,saya lupa pasport dan email susah banget masuk nya mohon di permudah cari cara lain agar bisa masuk,Negative,0
2025-12-25 23:19:31,bagus,Positive,1
2025-12-25 23:19:31,cepat,Positive,1
2025-12-25 23:19:31,aplikasi yang wajib di instal karena sangat membantu,Positive,1
2025-12-25 23:19:31,sangat baik,Positive,1
2025-12-25 23:19:31,"karena saya baru pindah faskes, ketika ingin melakukan pengambilan antrian selalu muncul pertanyaan , apakah ingin mendaftarkan rekam medis , sudah saya pilih option setuju, tetap saja selalu muncul pertanyaan itu, sehingga saya tidak bisa melakukan pengambilan antrian, kepada tim developer mohon untuk di atasi, agar aplikasi berfungsi seperti seharusnya",Negative,0
2025-12-25 23:19:31,"mau mengaktifkan kembali kartu BPJS kesehatan,",Negative,0
2025-12-25 23:19:31,sangat membantu,Positive,1
2025-12-25 23:19:31,"lebih baik, semoga lancar selalu",Positive,1
2025-12-25 23:19:31,pelayanan mudah dan cepat,Positive,1
2025-12-25 23:19:31,aplikasilu ribet sat. nomer tlpn udah bener dibilang salah. mana bikin skck suru bikin bpjs beban lu,Negative,0
2025-12-25 23:19:31,baru download semoga bermanfaat,Positive,1
2025-12-25 23:19:31,apik tenan,Positive,1
2025-12-25 23:19:31,aplikasi lebih mudah dan cepat untuk proses administrasi kesehatan,Positive,1
2025-12-25 23:19:31,mudah dan bisa ganti faskes,Positive,1
2025-12-25 23:19:31,Alhamdulillah sekarang aoknya lebih baik dan gk ngekek kyk dulu,Positive,1
2025-12-25 23:19:31,bermafaat untk kesehatan diri,Positive,1
2025-12-25 23:19:31,kemudahan berobat,Positive,1
2025-12-25 23:19:31,bagus cepat sigap,Positive,1
2025-12-25 23:19:31,2021 ⭐ sekarang sudah bagus sekali aplikasinya trimkasih utk upgrade nya,Positive,1
2025-12-25 23:19:31,Tingkat lagi fasilitas untuk masyarakat,Positive,1
2025-12-25 23:19:31,mudah cepat,Positive,1
2025-12-25 23:19:31,layanan terbaik 👍,Positive,1
2025-12-25 23:19:31,"booking H-1 selalu error ga jelas, udah mah sulit, aplikasi nya pun masih sampah",Negative,0
2025-12-25 23:19:31,bagus,Positive,1
2025-12-25 23:19:31,sangat membantu,Positive,1
2025-12-25 23:19:31,sangat membantu,Positive,1
2025-12-25 23:19:31,Saya ko tidak menerima nomor otp dari jkn,Negative,0
2025-12-25 23:19:31,sangat membantu masyarakat,Positive,1
2025-12-25 23:19:31,aplikasi ini sangat berguna🩷,Positive,1
2025-12-25 23:19:31,ok,Positive,1
2025-12-25 23:19:31,bagaian aotu debet harus pake mama verifikasi ga keluar kodenya saya lau mindahin faske ga bisa bisa tolong ya saya ingin mindahin faskes,Negative,0
2025-12-25 23:19:31,Tolonglah masa cuman tutup app bentar buat lihat verifikasi WhatsApp langsung keulang proses daftarnya lagi,Negative,0
2025-12-25 23:19:31,mantap,Positive,1
2025-12-25 23:19:31,suka erro aja sih klau sering2 di buka pdhal siyal full,Negative,0
2025-12-25 23:19:31,trmkasih,Positive,1
2025-12-25 23:19:31,"Aplikasi yang sangat membantu, terimakasih",Positive,1
2025-12-25 23:19:31,Cukup baik,Positive,1
2025-12-25 23:19:31,"kinerja apk nya buruk,, susah log in..",Negative,0
2025-12-25 23:19:31,good,Positive,1
2025-12-25 23:19:31,"semua aplikasi plat merah (pemerintah) busuk semua. registrasi di aplikasi sulitnya bukan main, recognition wajah gagal terus",Negative,0
2025-12-25 23:19:31,aplikasi rusak. permintaan tidak dapat diproses tunggu beberapa saat lagi. beberapa saat berapa lama? udh 2 hari gitu terus. bikin aplikasi yg bener jangan korupsi doang diprioritasin,Negative,0
2025-12-25 23:19:31,jelas dan akurat dan memudahkan,Positive,1
2025-12-25 23:19:31,bagus siip,Positive,1
2025-12-25 23:19:31,tiap verifikasi balik deui KA awal susah daftar,Negative,0
2025-12-25 23:19:31,mantap,Positive,1
2025-12-25 23:19:31,Kalau lupa kata sandi...dan kirim kode ke nomor yang terdaftar gak masuk2. jelek nya...,Negative,0
2025-12-25 23:19:31,lebih ditingkatkan lagi,Positive,1
2025-12-25 23:19:31,"Chaptcha loading terus tidak bisa terbuka,jadi tidak bisa login. Mohon di perbaiki.",Negative,0
2025-12-25 23:19:31,ok mantapp,Positive,1
2025-12-25 23:19:31,"bikin ribett susah aja mau berobat, bener"" gapenting make"" bginian jadi makin bikin lama ribettt gajelasss",Negative,0
2025-12-25 23:19:31,Good Job,Positive,1
2025-12-25 23:19:31,Sangat bermanfaat tapi aplikasinya sering error. jelek,Negative,0
2025-12-25 23:19:31,"aplikasi burik, terus2an ga bisa, ganguan ntah apa yang gangguan padahal semua aman dari jaringan sampai apk udah versi update",Negative,0
2025-12-25 23:19:31,layanan cepat dan akurat,Positive,1
2025-12-25 23:19:31,bagus,Positive,1
2025-12-25 23:19:31,daftar online nya gak bisa boss... gak efisien,Positive,1
2025-12-25 23:19:31,mantap,Positive,1
2025-12-25 23:19:31,baik,Positive,1
2025-12-25 23:19:31,"biasa aplikasi pemerintah, ribet ndk gak jelas. mo login aja di putar².",Negative,0
2025-12-25 23:19:31,bagus,Positive,1
2025-12-25 23:19:31,ga bisa d buka eror trus,Negative,0
2025-12-25 23:19:31,"setiap pembaharuan suka keluar akun terus, dan susah untuk menanyakan lupa sandi",Negative,0
2025-12-25 23:19:31,"Tinggal tingkat kan untuk Verifikasi Wajah , sering Gagal klu di gunakan 🙂",Positive,1
2025-12-25 23:19:31,aplikasinya keren,Positive,1
2025-12-25 23:19:31,mantap,Positive,1
2025-12-25 23:19:31,Sangat membantu,Positive,1
2025-12-25 23:19:31,"mohon maaf ini tiket yg sudah dipesan tidak bisa di screenshot, terus klo mau cari lagi dimana? kurang informatif nama menunya dan juga saya masih bingung cara ubah email terdaftar, liat di tiktok atau hubungi call center malah ditutup wkwkkkk jgn mempersulit lah!",Negative,0
2025-12-25 23:19:31,kasih bintang 5 biar gak apa kali,Negative,0
2025-12-25 23:19:31,awal yang bagus,Positive,1
2025-12-25 23:19:31,bagus lah membantu gk ribet,Positive,1
2025-12-25 23:19:31,gak bisa login,Negative,0
2025-12-25 23:19:31,pelayanan online nya sangat cepat dan udah terimakasih 🙏,Positive,1
2025-12-25 23:19:31,"tidak bisa mengirim penilaian kesan n pesan stelah berobat ,, gagal terussss",Negative,0
2025-12-25 23:19:31,"baik ,hanya saja suka keluar secara tiba tiba",Positive,1
2025-12-25 23:19:31,"bro,perbaiki lagi system antriannya,saat pas mau kontrol ke faskes 3 mesti ga muncul rujukannya padahal sudah daftar ke faskes 3",Negative,0
2025-12-25 23:19:31,Mantap Betul aplikasinya..Banyak bermanfaat buat semua orang.,Positive,1
2025-12-25 23:19:31,godd job,Positive,1
2025-12-25 23:19:31,"aplikasi tidak jelas, selalu ke logout sendiri. bukannya mempermudah malah menyusahkan.",Negative,0
2025-12-25 23:19:31,gak bisa digunakan,Positive,1
2025-12-25 23:19:31,"bermanfaat, good job",Positive,1
2025-12-25 23:19:31,sangat membantu kesehatan terjamin,Positive,1
2025-12-25 23:19:31,"sangat amat membantu ,biarkan bintang yg mnjwb",Positive,1
2025-12-25 23:19:31,good,Positive,1
2025-12-25 23:19:31,mudah,Positive,1
2025-12-25 23:19:31,jd lebih mudah karena ada apk ini,Positive,1
2025-12-25 23:19:31,kartu bpjs bapak dan mama ku keluar setelah di perbaharui yang tersisa hanya kartu bpjsku saja,Negative,0
2025-12-25 23:19:31,terimakasih sangat membantu,Positive,1
2025-12-25 23:19:31,sangat baik,Positive,1
2025-12-25 23:19:31,nice,Positive,1
2025-12-25 23:19:31,mantap.,Positive,1
2025-12-25 23:19:31,mantab,Positive,1
2025-12-25 23:19:31,aplikasi ini sangat membantu dan mempermudah dalam pengurusan pelayanan kesehatan,Positive,1
2025-12-25 23:19:31,ok,Positive,1
2025-12-25 23:19:31,GOOD,Positive,1
2025-12-25 23:19:31,aplikasi mantaff,Negative,0
2025-12-25 23:19:31,ok,Positive,1
2025-12-25 23:19:31,aplikasi bukan ngebantu malah bikin pusing. logout sendiri pas masuk salah pasword jelas jelas pasword udh gua tulis di kertas masa salah. aplikasi bikin pusing ga ngebantu sama sekali,Negative,0
2025-12-25 23:19:31,"aplikasi gak guna, minta pin, tapi gak bisa masukin pin otomatis nya,",Negative,0
2025-12-25 23:19:31,"sangat ribet,tanggalnya tidak muncul terus,,apk jelek harus si perbaiki,,kalau yang sakit parah udah mati duluan.",Negative,0
2025-12-25 23:19:32,"EH KENAPA NOMOR GUA GAK TERLACAK PADAHAL GUA BAYAR.... APA PERLU NGAMUK DI KANTOR LOE... KENAPA NOMOR RUJUKAN BEDA2 INI KENAPA YA MUMET GUA NGURUSIN ATURAN PEMERINTAH INI. ATURAN BPJS BEDA DENGAN RUMAH SAKIT. PANTAS KALO BANYAK YANG NGAMUK SUDAH PELAYANANNYA LAMA, JELEK BANGET",Negative,0
2025-12-25 23:19:32,gabisa bikin apps,Negative,0
2025-12-25 23:19:32,bagus sgat membantu,Positive,1
2025-12-25 23:19:32,good,Positive,1
2025-12-25 23:19:32,aplikasi bobrok di buka aja gak bisa,Negative,0
2025-12-25 23:19:32,saat mendaftar mendapat banyak kesulitan ini salah itu salah Jahat banget sih bukan nya dipermudah apa apa sulit aplikasi jahat,Negative,0
2025-12-25 23:19:32,terimakasih sangat membantu untuk berobat keluarga saya,Positive,1
2025-12-25 23:19:32,bagus,Positive,1
2025-12-25 23:19:32,membantu banget,Positive,1
2025-12-25 23:19:32,"tolong, kembalikan aplikasinya seperti yang lalu. masa ambil antrean saja tidak bisa discreenshot. tidak semua orang punya ponsel masing2. minimal bisa di screenshot. toh, cuman nomor antrian untuk di tunjukkan ke petugas medis saja.",Negative,0
2025-12-25 23:19:32,pelayanan sangat baik,Positive,1
2025-12-25 23:19:32,susah sekali mau daftar... di bagian verifikasi wajahh selalu gagal.. ada 1 jam lebih verifikasi wajah selalu gagal... mempersulit !!!!,Negative,0
2025-12-25 23:19:32,mudah praktis,Positive,1
2025-12-25 23:19:32,ok membantu,Positive,1
2025-12-25 23:19:32,"aplikasi eror, tidak bisa pindah faskes dan pengaduan.",Negative,0
2025-12-25 23:19:32,burukk bangettt knpa akhir² ini aplikasny sering trouble jdi malas makeee,Negative,0
2025-12-25 23:19:32,Gimna mau ngirim video layar atau SS orang ngga bisa di ss/v layar .. di page login captcha muter trus ngga nongol-nongol.. kendala kaya gini udah lama banget ngga di betul²in kenapa?,Negative,0
2025-12-25 23:19:32,JELEK PISAN JKN NYA susah login mulu,Negative,0
2025-12-25 23:19:32,bagus,Positive,1
2025-12-25 23:19:32,sering logout sendiri,Negative,0
2025-12-25 23:19:32,"bukanya mempermudah malah mempersulit, kalau belum siap digitalisasi jangan maksain yang ada kaya gini. orang mau berobat dibuat susah gara2 aplikasi eror Mulu",Negative,0
2025-12-25 23:19:32,app kurang berkualitas mohon di upgrade biar gak lemot,Negative,0
2025-12-25 23:19:32,"aplikasi paling jelek sering pisan gangguan, kalau bukan karna diwajibkan oleh si bpjs mah gak mungkin saya instal aplikasi ini",Negative,0
2025-12-25 23:19:32,harus di tingkatkan lagi apknya. kenapa harus logout melulu. dan login lagi. ribettt,Negative,0
2025-12-25 23:19:32,"apk jelek banget loading terus padahal internet bagus, administrasi kesehatan kek gini memperibet",Negative,0
2025-12-25 23:19:32,ok,Positive,1
2025-12-25 23:19:32,"Tolong aplikasinya diperbaiki lagi. aplikasinya suka log out sendiri mau masuk lagi susah, sering nge bug juga, ga recommend buat kondisi urgent. pernah pas mau liat kode booking buat cek in di rs tiba-tiba gabisa jadi harus daftar manual lagi di rs nya.",Negative,0
2025-12-25 23:19:32,"tiap hari senin eror mulu, kasian pasien nunggu lama",Negative,0
2025-12-25 23:19:32,woooiiii .. udh pembaharuan mlh ga bs masuk bnjiiiirrr !!!,Negative,0
2025-12-25 23:19:32,"knpa ini akun keluar2 sendiri.. pas login lagi ga bisa2 .. padahal sinyal bagus tp yg katanya captcha salah kek, nik salah kek, sandi salah kek .. pdhal bener semua .. karna saya save sandi jd gak mungkin banget saya lupa karna saya lihat gak ingat2 🫩 pdhal mau buat lihat kartu BPJS anak saya besok mau dibuat posyandu..",Negative,0
2025-12-25 23:19:32,"dari awal download stelah update ga bisa masuk aplikasi dikarenakan capcha tidak muncul, bagaimana ini solusinya ????????????????????????????",Negative,0
2025-12-25 23:19:32,"ribet sumpah kalo udh daftar sesuai data nomor HP dan lain lain mintak ,nomor lain pulak yang di kasih di mintak ganti harus hubungin ribet kali katanya nunggu besok udh di tunggu gk ada jawaban mau ngurus aja ribet amat . kalo bisa buat lah di profile itu atau ganti email sama nomor HP biar gampang ini mau ganti harus chat dulu udh verikasi wajah gagal mulu verifikasi nomor malah nomor lain yang di data bisa bisanya nomor lama aku yang di masukan nomor itu gk ada",Negative,0
2025-12-25 23:19:32,"Tak bisa login, eror parah",Negative,0
2025-12-25 23:19:32,aplikasi sering keluar sendiri,Negative,0
2025-12-25 23:19:32,sering gangguan saat benar-benar di butuhkan...,Negative,0
2025-12-25 23:19:32,mau daftar tapi captcha nya tidak mau muncul sudah dicoba berkali-kali,Negative,0
2025-12-25 23:19:32,Tolong adain lagi fitur screenshot di aplikasi. biar lebih gampang klo mau tolong ambilin no antrian punya sodaraaaaaaaa,Negative,0
2025-12-25 23:19:32,gajelas kode captcha ga muncul gabisa login,Negative,0
2025-12-25 23:19:32,tolol,Negative,0
2025-12-25 23:19:32,"Tiap mau buka aplikasi, susahnya minta ampun. Minta password, sdh bener passwordnya tetap salah katanya. Harusnya memudahkan tapi malah memusingkan",Negative,0
2025-12-25 23:19:32,"aplikasi nya sering keluar sendiri tiba tiba, mana kadang pas selesai ambil nomor antrian lagi keluarnya..",Negative,0
2025-12-25 23:19:32,"benahin aplikasi mau masuk error , tolong di perbaiki lagih",Negative,0
2025-12-25 23:19:32,aplikasi sampah udah login malah keluar sendiri,Negative,0
2025-12-25 23:19:32,"Kenapa ngebut ya, tolong aplikasinya di tingkatkan lagi",Negative,0
2025-12-25 23:19:32,"akhir"" ini tiap mau periksa jam 9 pagi aplikasi trouble terus,sampai ijin kerjaan jadi sampai setengah hari",Negative,0
2025-12-25 23:19:32,suka lemot,Positive,1
2025-12-25 23:19:32,"kenapa punyaku dianggap login yg berbeda, padahal sudah terdaftar",Negative,0
2025-12-25 23:19:32,apk setiap senin pasti Eror,Negative,0
2025-12-25 23:19:32,"aplikasi apaandah, selaluu ajaaa server gangguan dri kmrin2 udah pake 2 HP tpi gangguan terus2an!!!!!!!!!!!!!! menghambat org daftar ke poli ajaa ni aplikasiiiiiii",Negative,0
2025-12-25 23:19:32,sering eror,Negative,0
2025-12-25 23:19:32,kenapa bpjs .padahal iuran tak pernah telat tapi kena sangsi rehap.,Negative,0
2025-12-25 23:19:32,"Aplikasinya g bisa d buka, cuma loading terus g abiz"", aplikasi apaan sih nie 🙄",Negative,0
2025-12-25 23:19:32,heran deh setiap mau daft eh keluar sendri trs gk bsa mulu lg....,Negative,0
2025-12-25 23:19:32,"Sering Gangguan,ERORRRR",Negative,0
2025-12-25 23:19:32,selalu logout sendiri dari aplikasi. payah,Negative,0
2025-12-25 23:19:32,udah log in malah keluar2 Mulu di suruh log in LG bgtu terus ngulang2... keterangan log in di device yg berbeda.....jelas2 hp cm 1 slalu log in di hp yg sama...jgn banyak pembaruan apk klo jd nya nambah ribet,Negative,0
2025-12-25 23:19:32,kenapa hari ini saya tidak bisa login?apakah ada kendala dengan mobile JKN?,Negative,0
2025-12-25 23:19:32,"tdi pagi jam 7an saya buka aplikasi JKN mobile masih aman, skrng knp buffering ini kebetulan saya mau daftar k klinik, barusan loading melulu",Negative,0
2025-12-25 23:19:32,"entah kenapa sekarang aplikasi kya gni gampang banget logout sendiri klo ga di buka"" apl nya , ini sungguh menyusahkan sekali apalagi bagi orang yang pelupa karna klo mau login harus ingat pasword nya , belum lagi sering eror , kejadian pas aku udh daptar antrian pas pergi ke klinik apl nya malah ga bisa di buka sama sekali",Negative,0
2025-12-25 23:19:32,dari bulan lalu belum bisa login kembali mohon ditindak lanjuti karna penting untuk daftar kepoli pertama,Negative,0
2025-12-25 23:19:32,"Banyak Bag nya,lemot dan kadang keluar sendiri,mohon perbaiki lebih aman,nyaman dan lebih responsif. mohon segerakan di update lagi namun untuk menu dan yang lain nya pertahankan. hanya kadang sering error dan bag,keluar sendiri.",Negative,0
2025-12-25 23:19:32,"kalo bikin aplikasi yg niat lah .jangan asal ada aja ..terus aja suruh login ,susah di akses ,gagal terusss . lagi butuh tapi gabisa digunakan .!! Ganti lebih baik lahh jangan asal2an",Negative,0
2025-12-25 23:19:32,bagus,Positive,1
2025-12-25 23:19:32,Susah log in anehh,Negative,0
2025-12-25 23:19:32,kok error gak bisa daftar ya,Negative,0
2025-12-25 23:19:32,aplikasi broken,Negative,0
2025-12-25 23:19:32,kenapa akhi akhir ini sering trouble. mau buka aplikasi kadang keluar sendiri dan harus log in lagi,Negative,0
2025-12-25 23:19:32,"habis update malah ngga bisa login akun otomatis keluar, dicoba login ngga bisa",Negative,0
2025-12-25 23:19:32,"aplikasi ampas, server offline mulu",Negative,0
2025-12-25 23:19:32,"gak bisa login, kalo update bisa lah jangan bikin log out akun susah buat masuk wooyy, padahal internet kenceng nik, password, captcha bener malah gak bisa log in payaaaahh",Negative,0
2025-12-25 23:19:32,aplikasi pemerintah lemotnya minta ampun parrrraaaahhhhhh,Negative,0
2025-12-25 23:19:32,kalo update info dong gak bisa login,Negative,0
2025-12-25 23:19:32,"dikit2 gangguang dikit2 gangguan apasih???? tolong dongg di perbaikiii!!!!!!!!!!!!! 😒 pake kuota pke wifi selalu gangguan2 terusss, server bermasalah lah, apalah ini lahhh GEDEGGG BANGETTT DAHH!!!!!!!! di perbaiki dongggg ahh gimana sihhh",Negative,0
2025-12-25 23:19:32,ngelag bgt jembot,Negative,0
2025-12-25 23:19:32,sekarang jkn keluar sendiri udah di login kembali gak bisa terus gak bisa kebuka .pdahal wifi/kouta aman gimana ini?semoga bisa diperbaiki segera mungkin,Negative,0
2025-12-25 23:19:32,"ini apk tolong software di upgrade, sangat susah untuk login",Negative,0
2025-12-25 23:19:32,Aplikasi dari instansi pemerintah selalu ujung-ujungnya gak beres. Kenapa kartu JKN malah gak tampil???,Negative,0
2025-12-25 23:19:32,"Sering banget error, padahal jaringan aman. kesel banget klo udah buru-buru tapi aplikasi nya ga bisa kebuka. gangguan terus",Negative,0
2025-12-25 23:19:32,"sepertinya aplikasi mobile jkn semakin membaik terbukti dr penggantian faskes semakin mudah, gak seperti dlu sulit bgt utk mengganti faskes",Positive,1
2025-12-25 23:19:32,membantu dan baik,Positive,1
2025-12-25 23:19:32,baik,Positive,1
2025-12-25 23:19:32,aplikasi jelek,Negative,0
2025-12-25 23:19:32,kenapa tidak bisa membuka jadwal kontrol? apakah maintenance?,Negative,0
2025-12-25 23:19:32,mudah dan cepat tapi agak berat,Positive,1
2025-12-25 23:19:32,"setiap kali berobat dia minta login, dan selalu salah katanya. keburu mati yg mau berobat.",Negative,0
2025-12-25 23:19:32,"TOLONG UNTUK HALAMAN LOGIN, TIDAK PERLU MENGGUNAKAN CHAPTCA YANG TIDAK TERBACA OLEH ORANG TUA. BANYAK JUGA PENGGUNA APLIKASI INI DARI KALANGAN ORANG TUA DAN LANSIA. TOLONG DI PERTIMBANGKAN SECARA SADAR",Negative,0
2025-12-25 23:19:32,pindah faskes sangat mudah,Positive,1
2025-12-25 23:19:32,ok,Positive,1
2025-12-25 23:19:32,tolong tambahkan dark mode supaya lebih mudah digunakan bagi yang mengalami sakit mata,Negative,0
2025-12-25 23:19:32,Good,Positive,1
2025-12-25 23:19:32,terimakasih jkn mobile tutorial seputar bpjs kesehatan di channe senang berbagi Indonesia. bantu subscribe ya.,Positive,1
2025-12-25 23:19:32,sangat membantuu❤❤,Positive,1
2025-12-25 23:19:32,membantu,Positive,1
2025-12-25 23:19:32,buat apa ada aplikasi kalo misalnya cara masuknya aja susah banget,Negative,0
2025-12-25 23:19:32,good job,Positive,1
2025-12-25 23:19:32,bagus,Positive,1
2025-12-25 23:19:32,lebih mudah tidak perlu ke kantor,Positive,1
2025-12-25 23:19:32,"kok skrng sy tdk bisa mengakses akun jkn sy? sy mau memperbaiki sandi sy tapi, tiap kali aplikasinya di buka selalu eror. Tolong bantu penanganan nya",Negative,0
2025-12-25 23:19:32,"lemot banget, loading aja luama",Negative,0
2025-12-25 23:19:32,ini gimna ya..skrng aplikasi GK bsa d screenshot...smentra log in cuma bsa d 1 akun 1 KK..JD ketika hp d bawa kerja smentra yg brobat orng rumah JD susah..,Negative,0
2025-12-25 23:19:32,"App Sampah, untuk melakukan verifikasi SMS butuh waktu yang sangat lama, Kalau belum siap beralih ke digital ga usah maksain",Negative,0
2025-12-25 23:19:32,"dulu bagus ..sangat membantu memudahkan untuk ambil antrian,tapi sekrg kok susah bgt .. ada apa? akhir2 ini sulit banget buat daftar nomer antrian",Negative,0
2025-12-25 23:19:32,"sudah punya akun,tp pas mau diaktifin lagi gabisa gagal terus,pdhl sandi no nik sudsh benar",Negative,0
2025-12-25 23:19:32,Bagus,Positive,1
2025-12-25 23:19:32,"mau ambil antrian harus isi skrining dulu, mana lgh 9 step😭😭",Negative,0
2025-12-25 23:19:32,suka eror buat daftar faskes,Negative,0
2025-12-25 23:19:32,terbaik sangat memuaskan,Positive,1
2025-12-25 23:19:32,seringkali logout sendiri dan loginnya tombol masuknya tidak fungsi.,Negative,0
2025-12-25 23:19:32,baguss,Positive,1
2025-12-25 23:19:32,error parahm..masa nggak bisa log in terus...membagongkan...bikin pusing...bukan bikin mudah,Negative,0
2025-12-25 23:19:32,"Sangat membantu, menu nya udah cukup banyak. Gak perlu ambil antrean offline lagi, mau ngubah kelas juga tinggal pencet, gak perlu dateng ke kantor asal tunggakan bulan berjalan sudah dibayar.",Positive,1
2025-12-25 23:19:32,"Aplikasinya bagus,praktis dan bermanfaat.. sangat membantu",Positive,1
2025-12-25 23:19:32,sangat memudahkan para pengguna BPJS,Positive,1
2025-12-25 23:19:32,sangat membantu dalam segala hal tentang kesehatan,Positive,1
2025-12-25 23:19:32,"Puas dengan penanganan BPJS kesehatan, lebih cepat lewat Pandawa,atau aplikasi JKN... status kepesertaan anak saya bisa aktif lagi, Alhamdulilah terimakasih Pandawa dan Mobile JKN,KLO bisa jangan nunggu satu bulan setelah pindah fakes..",Positive,1
2025-12-25 23:19:32,mau masuk akun susah bngt dikenakan udh masuk akun 3 skrg bikin akun kudu 1 nik.giliran mau masuk nik 1 nya Mlah GK bisa.. tlong donk permudah Kasin jg yg GK punya hp buat mintak tolong masuk JKN JD GK bisa ..buat dftr online..,Negative,0
2025-12-25 23:19:32,akun saya buat login tidak bisa min karena udah login dengan akun yang berbeda 3 kali,Negative,0
2025-12-25 23:19:32,data terkunci susah buka,Negative,0
2025-12-25 23:19:32,Mempersulit,Negative,0
2025-12-25 23:19:32,mantap,Positive,1
2025-12-25 23:19:32,"aplikasi gak bermutu,sangat2 tidak membantu",Positive,1
2025-12-25 23:19:32,"apk udah bagus dan sangat memudahkan cuma kendala untuk verifikasi nomor via sms lamanya minta ampun, kedepannya tolong di perbaiki lagi",Negative,0
2025-12-25 23:19:32,"dr bulan lalu log out sendiri, masuk lagi Captcha nya gak keluar cuma muter aja, gimana dong 😭",Negative,0
2025-12-25 23:19:32,Sangat Membatu,Negative,0
2025-12-25 23:19:32,"gak jelas tiba-tiba bpjs saya di non-aktifkan padahal saya dari golongan tidak mampu, sementara tetangga² saya yang punya duit masih pada aktif bpjsnya, kocak² kecewa berat sih... padahal saya udah seneng bisa punya bpjs, kalo sakit udah gak perlu mikirin biaya apapun, eh tiba-tiba di non aktifkan tanpa alasan yang jelas!!",Negative,0
2025-12-25 23:19:32,sy akan menggunakan aplikasi ini juga ok.,Positive,1
2025-12-25 23:19:32,sang a ton me Bantu until kesehatan,Positive,1
2025-12-25 23:19:32,sangat membantu,Positive,1
2025-12-25 23:19:32,membantu bgt buat keluarga kecil kita.trimakasih pemeritahan indonesia,Positive,1
2025-12-25 23:19:32,is the best 👍,Positive,1
2025-12-25 23:19:32,"busuk ! aplikasi dari pemerintah kenapa selalu begini ! di suruh online tapi pas udah online dipersulit, sebelumnya tiba2 disuruh perifikasi apalah katanya ada maslah padahal di pake juga jarang, sekarang sering log out sendiri harus masuk ulang berkali2 mending klo simple. orang lagi sakit di ajak bermain masalah sama aplikasi gaje. mending kek sebelumnya pake aplikasi masing2 rumah sakit, gak pernah tuh ada masalah ngaco2 kek gini. pada becus gak sih ini masa kalah sama swasta, memalukan.",Negative,0
2025-12-25 23:19:32,"berulang kali masuk kembali ke aplikasi tidak bisa. berulang kali minta kode Verifikasi, tapi tidak dikirim kirim. bagaimana ini? sedangkan pembayaran BPJS tiap bulan dipotong dari perusahaan. kartu tidak ada. aplikasi tidak dapat digunakan. sangat merugikan.",Negative,0
2025-12-25 23:19:32,"setalah up date peserta d aplikasi header masih muncul status "" anggota keluarga non aktif "",padahal sdh aktif semuanya,tolong segera d perbaiki",Negative,0
2025-12-25 23:19:32,"tolong solusinya, bagaimana jika akun JKn tidak bisa login karena perangkat saya sudah digunakan untuk login oleh lebih dari 3 NIK yang berbeda, terima kasih:)",Negative,0
2025-12-25 23:19:32,"mau login susah...padahal NIk sudah benar,trus gmn?aplikasi gak jelas",Negative,0
2025-12-25 23:19:32,sangat sulit untuk login,Negative,0
2025-12-25 23:19:32,GK bisa login,Negative,0
2025-12-25 23:19:32,"Tolong dong kalau setiap update jangan tbtb ke logout sendiri,kasian yang lupa sama paswordnya",Negative,0
2025-12-25 23:19:32,ok,Positive,1
2025-12-25 23:19:32,Simpel,Positive,1
2025-12-25 23:19:32,ini mau login susah banget data yang terdaftar sudah saya masukin password sudah benar nik kependudukan SDH benar tapi pas mau masuk salah bingung lama lama,Negative,0
2025-12-25 23:19:32,saya mau verifikasi udh beberapa hari beberapa kali..mau minta otf permintaan anda belum dapat di proses terus gimana ini saya mau daftar online...,Negative,0
2025-12-25 23:19:32,mudah pengoperasian nya,Positive,1
2025-12-25 23:19:32,ganti faskes lebih gampang,Positive,1
2025-12-25 23:19:32,sangat membantu,Positive,1
2025-12-25 23:19:32,aplikasi sangat membantu,Positive,1
2025-12-25 23:19:32,best,Positive,1
2025-12-25 23:19:32,sangat membantu,Positive,1
2025-12-25 23:19:32,mantap,Positive,1
2025-12-25 23:19:32,mudah,Positive,1
2025-12-25 23:19:32,sangat tidak memuaskan aplikasi ini,Negative,0
2025-12-25 23:19:32,Sangat membantu,Positive,1
2025-12-25 23:19:32,good,Positive,1
2025-12-25 23:19:32,"udah pernah terdaftar,udah pernah dipake,,dan bisa bisanya log out sendiri,tp saat coba mau digunakan masuk dan masukan no NIK, tertulis no NIK tidak terdaftar,ya ampun payah sekali,entah gimana caranya masuk lagi",Negative,0
2025-12-25 23:19:32,antab,Positive,1
2025-12-25 23:19:32,bisa lebih mudah dalam berobat,Positive,1
2025-12-25 23:19:32,sumpah min ini gjls bgt aku lupa sndi tpi PAS disuruh lewat SMS malah ga keluar trs gjls bgt,Negative,0
2025-12-25 23:19:32,mobile jkn sangat bagus sekali sangat membantu kami,Positive,1
2025-12-25 23:19:32,memudahkan pelayanan,Positive,1
2025-12-25 23:19:32,oke. sip,Positive,1
2025-12-25 23:19:32,mantab,Positive,1
2025-12-25 23:19:32,cuma doktor di faskes lanjutan sulit keluar,Negative,0
2025-12-25 23:19:32,"aplikasi nya baik, sayang bikin pusing dah lama gak di buka sekali nya buka mau di gunakan. suruh login lagi, pasword lagi kebanyakan tidur nih sistem",Negative,0
2025-12-25 23:19:32,"jkn membantu kita perubahan data, tidak harus ketempat yg di tuju. bagus bgt",Positive,1
2025-12-25 23:19:32,membantu,Positive,1
2025-12-25 23:19:32,terbaik,Positive,1
2025-12-25 23:19:32,sangat mempermudah segala nya goos mobile JKN,Positive,1
2025-12-25 23:19:32,semakin terbaik,Positive,1
2025-12-25 23:19:32,Terbaik,Positive,1
2025-12-25 23:19:32,mantep lah pokok nya,Positive,1
2025-12-25 23:19:32,mudah praktis hemat waktu,Positive,1
2025-12-25 23:19:32,bagus,Positive,1
2025-12-25 23:19:32,terima Kasih BPJS kesehatan,Positive,1
2025-12-25 23:19:32,"mau ubah data tapi waktu dimintain verifikasi otp lewat sms selalu ga dikirim, jadi bingung mau ngisi apa😔",Negative,0
2025-12-25 23:19:32,wooooo,Positive,1
2025-12-25 23:19:32,sanggat membantu. top jos,Positive,1
2025-12-25 23:19:32,suruh nambahin nomer tapi pas di tambah in suruh masukin kode yang dikirim lewat sms. tapi udh seharian engk ada sms masuk 1 pun.,Negative,0
2025-12-25 23:19:32,disuruh klik pilihan tapi ga muncul apa apa gajelas,Negative,0
2025-12-25 23:19:32,"verifikasi wajah di persulit, padahal pencahayaan sudah bagus, tapi tetep saja verifikasi tidak berhasil",Negative,0
2025-12-25 23:19:32,ok...semoga lebih baik lagi,Positive,1
2025-12-25 23:19:32,"ga bisa log in mulu woy,",Negative,0
2025-12-25 23:19:32,aplikasi payah...ruwet.😤,Negative,0
2025-12-25 23:19:32,terimakasih sangat membantu,Positive,1
2025-12-25 23:19:32,gak bisa screenshot nomor antrian. mana sistemnya sering error,Negative,0
2025-12-25 23:19:32,aplikasi sudah update dan mudah digunakan..,Positive,1
2025-12-25 23:19:32,sekarang sangat mudah dan berguna,Positive,1
2025-12-25 23:19:32,sangat membantu,Positive,1
2025-12-25 23:19:32,mudah,Positive,1
2025-12-25 23:19:32,knapa pada kis sya malah tidak bisa malah yah saya,Negative,0
2025-12-25 23:19:32,good,Positive,1
2025-12-25 23:19:32,kenapa pas saya update aplikasinya malah ga bisa dibuka padahal nik sama password dan capcha udah bener isinya tau gini ga di update aplikasinya,Negative,0
2025-12-25 23:19:32,"kenapa keluar2 sendiri sih....masuk LG gak bisa katanya nik salah, inilah.... gimana ini...",Negative,0
2025-12-25 23:19:33,"kenapa klo pas notifikasi email,baru mau diketik kode verifikasi nya udh suruh ngulang"" trs dr awal😭",Negative,0
2025-12-25 23:19:33,alhamdulillah kerennn,Positive,1
2025-12-25 23:19:33,cepat mudah tanggap,Positive,1
2025-12-25 23:19:33,👍👍,Positive,1
2025-12-25 23:19:33,ubah data peserta agak sukit coba beberapa kali baru bisa,Negative,0
2025-12-25 23:19:33,"BPJS Gak kepakek, Tapi bayar cicilan Wajib, Giliran mau di Nonaktifkan RIBET. SELAIN MENYUSAHKAN RAKYAT PEMERINTAH BISA APA.?",Negative,0
2025-12-25 23:19:33,"mantap jos, sangat puas",Positive,1
2025-12-25 23:19:33,sangat membantu,Positive,1
2025-12-25 23:19:33,saya susah login nik nomor hp sudah benar kok saya tidak bisa login mohon di perhatikan lagi perbaiki lagi sistemnya,Negative,0
2025-12-25 23:19:33,Sangat membantu karna mudah di aplikasikan,Positive,1
2025-12-25 23:19:33,tambah memudahkan tambah menjangkau segala kalangan.. tambah maju,Positive,1
2025-12-25 23:19:33,"JKN ga ribet, mudah dalam setiap keinginan kita",Positive,1
2025-12-25 23:19:33,👍👍👍👍👍,Positive,1
2025-12-25 23:19:33,👍👍,Positive,1
2025-12-25 23:19:33,mantap,Positive,1
2025-12-25 23:19:33,aneh verivikasi SMS ga bisa,Negative,0
2025-12-25 23:19:33,memudahkan pengguna,Positive,1
2025-12-25 23:19:33,"ribet, aplikasinya sering eror ujung²nya tetep harus daftar ke rumah sakit, bukan membantu malah tambah ribet",Negative,0
2025-12-25 23:19:33,sangat membantu,Positive,1
2025-12-25 23:19:33,JANGAN PADA UPDATE APLIKASI.setelah update malah ngk bisa log in.mau coba daftar NIK ngk kedaftar.,Negative,0
2025-12-25 23:19:33,Aplikasi yang sangat membantu memudahkan kita dalam memilih faskes,Positive,1
2025-12-25 23:19:33,"sangat menjengkelkan, kalau tidak terpaksa malas saya mau makan jkn. Krena aplikasi nya menyusahkan.",Negative,0
2025-12-25 23:19:33,"Alhamdulillah dengan adanya Aplikasi ini,,kini semakin mudah untuk mendapatkan pelayanan medis.Jazakumullohu Khoiron katsiro🤲🙏",Positive,1
2025-12-25 23:19:33,hebat keren terus tingaktkan,Positive,1
2025-12-25 23:19:33,Terimakasihh untuk apk nya sangat2 membantu sekali,Positive,1
2025-12-25 23:19:33,Terbaik,Positive,1
2025-12-25 23:19:33,good apk,Positive,1
2025-12-25 23:19:33,aplikasi bagus,Positive,1
2025-12-25 23:19:33,baik,Positive,1
2025-12-25 23:19:33,"aplikasi selalu trouble ,,, mau daftar selalu silahkan coba lagi beberapa saat g guna njiiirrr",Negative,0
2025-12-25 23:19:33,bagus,Positive,1
2025-12-25 23:19:33,aplikasi yang sangat membantu rakyat,Positive,1
2025-12-25 23:19:33,mantapp,Positive,1
2025-12-25 23:19:33,ok,Positive,1
2025-12-25 23:19:33,Terima kasih sangat bermanfaat sekali untuk kami rakyat yang membutuhkan,Positive,1
2025-12-25 23:19:33,"bagus, sangat membantu",Positive,1
2025-12-25 23:19:33,terima kasih jkn,Positive,1
2025-12-25 23:19:33,good,Positive,1
2025-12-25 23:19:33,"kenapa setiap upgrade apk harus login lagi? ketika login selalu NIK salah, saran saja ketika login ulang cukup dengan nomor NIK saja",Negative,0
2025-12-25 23:19:33,sangat Membantu,Positive,1
2025-12-25 23:19:33,lebih dipermudah aja trimakasih,Positive,1
2025-12-25 23:19:33,sangat bermanfaat,Positive,1
2025-12-25 23:19:33,mau masuk aplikasi dan daftar aja gak bisa di proses di aplikasi ini gangguan terus...,Negative,0
2025-12-25 23:19:33,mantap,Positive,1
2025-12-25 23:19:33,"pelayanan sangat bagus, pasien pun nyaman ketika rawat jalan dan rawat inap",Positive,1
2025-12-25 23:19:33,ok cepat jga ga lemot,Positive,1
2025-12-25 23:19:33,sangatbagus,Positive,1
2025-12-25 23:19:33,"bener""ini aplikasi ...sebelumnya saya pakai jkn mobile buat kontrol anak aman""aja cuma disuruh ganti pin aja tapi sekarang malah tiba""gk bisa login dimasukin nik ktp yg terdaftar sam paswort jawabannya salah mulu...klik lupa sandi gk dikirim otp....gmana nih sdangkan desember mau dipakai dan sekarang pendaftaran rumah sakit diwajibkan menggunakan mobile jkn tolong sistem perbaharui seperti sedia kala",Negative,0
2025-12-25 23:19:33,mantap,Positive,1
2025-12-25 23:19:33,good,Positive,1
2025-12-25 23:19:33,lebih mudah. ga harus antre,Positive,1
2025-12-25 23:19:33,Good,Positive,1
2025-12-25 23:19:33,baik,Positive,1
2025-12-25 23:19:33,sangat mudah dan bermanfaat,Positive,1
2025-12-25 23:19:33,Toppp,Positive,1
2025-12-25 23:19:33,sangat baik ....,Positive,1
2025-12-25 23:19:33,bagus lah,Positive,1
2025-12-25 23:19:33,"menghilangkan kemampuan untuk screenshot sangat mengganggu, meskipun saya paham ini mungkin untuk alasan keamanan.. tapi sejujurnya saya tidak suka.. saya hilangkan 1 bintang dari 5",Negative,0
2025-12-25 23:19:33,udh terdaftar tapi harus login lgi,Negative,0
2025-12-25 23:19:33,mantap kali mudah dan cepat,Positive,1
2025-12-25 23:19:33,oke baik,Positive,1
2025-12-25 23:19:33,Sangat mudah dan membantu buat aktivitas bpjs,Positive,1
2025-12-25 23:19:33,ok dan baik,Positive,1
2025-12-25 23:19:33,mudah penggunaanya dan cepat dalam meanggapi apa yg kita butuhkan (informasi),Positive,1
2025-12-25 23:19:33,semoga selalu lancar,Positive,1
2025-12-25 23:19:33,"gagal log in Mulu nih dari November, sebelum2 nya aman aja. tolonglah d perbaiki, jangan suruh orang kirim e-mail tapi gak d beres2in!",Negative,0
2025-12-25 23:19:33,"terimakasih developer. Dengan adanya aplikasi ini sangat membantu sekali, jika ingin melakukan perubahan data, sperti faskes 1, kita ga perlu repot-repot datang ke kantor BPJS dan mengantri Berjam-jam. 🏥😊👍",Positive,1
2025-12-25 23:19:33,gud,Positive,1
2025-12-25 23:19:33,bagus,Positive,1
2025-12-25 23:19:33,mantap,Positive,1
2025-12-25 23:19:33,memudahkan untuk berobat kalau lupa bawa kartu,Positive,1
2025-12-25 23:19:33,mantab,Positive,1
2025-12-25 23:19:33,sangat membantu,Positive,1
2025-12-25 23:19:33,"Susah login, dan berbelit2",Negative,0
2025-12-25 23:19:33,kenapa ini mobile JKN saya ngk bisa di buka lagi tolong ini gmna,Negative,0
2025-12-25 23:19:33,"daftar ribet minimal ada verifikasi lewat wa, SMS suka jarang masuk",Negative,0
2025-12-25 23:19:33,mantap ajah lahkk,Positive,1
2025-12-25 23:19:33,ok,Positive,1
2025-12-25 23:19:33,sangat memudahkan,Positive,1
2025-12-25 23:19:33,sangat bermanfaat,Positive,1
2025-12-25 23:19:33,sangat bagus,Positive,1
2025-12-25 23:19:33,Oke.. Mwmudahkan,Positive,1
2025-12-25 23:19:33,bagus mudah di gunakan akurat,Positive,1
2025-12-25 23:19:33,jos Sehat2 semua,Positive,1
2025-12-25 23:19:33,kenapa terbaca gak konek internet? padahal ke aplikasi lain bisa internetan. programmer nya amatir,Negative,0
2025-12-25 23:19:33,"Aplikasi Mobile JKN proses pendaftaran peserta online sangat cepat, fiturnya juga sangat lengkap sehingga memudahkan saya untuk mendapatkan info tentang layanan kesehatan",Positive,1
2025-12-25 23:19:33,good,Positive,1
2025-12-25 23:19:33,terlalu ribet !!! satu hp max log in 3 akun.. kasian sama yg tidak mempunyai hp .. dan cara reset kata sandi pun sungguh ribet,Negative,0
2025-12-25 23:19:33,ini yg terbaik. hanya perlu modal sabar dan kertas rujukan,Negative,0
2025-12-25 23:19:33,"Ok, mudah digunakan",Positive,1
2025-12-25 23:19:33,tidak bisa di screenshot padahal perlu buat screenshot antrian,Negative,0
2025-12-25 23:19:33,ta1111kkk gak bisa daftar ke puskesmas kapan bisa daftar,Negative,0
2025-12-25 23:19:33,Terlalu banyak pop-up,Positive,1
2025-12-25 23:19:33,mantap,Positive,1
2025-12-25 23:19:33,sangat membantu,Positive,1
2025-12-25 23:19:33,ko ngga bisa yah,Positive,1
2025-12-25 23:19:33,"aplikasi jelek pen verif kaga bisa bisa et ribet bener, benerin apa nih aplikasi di ss aja kaga bisa sok privasi bet jadi aplikasi",Negative,0
2025-12-25 23:19:33,susah login,Negative,0
2025-12-25 23:19:33,is the best jkn memang luar biasa,Positive,1
2025-12-25 23:19:33,sangat bagus membantu,Positive,1
2025-12-25 23:19:33,jelekssssssss,Positive,1
2025-12-25 23:19:33,"suka tiba tiba log out, sekalinya nyoba login lagi susah banget, kalo Dateng ke faskes juga nggak bisa langsung Dateng meskipun udah punya kartu BPJS karna tetep harus daftar ambil antrian online, mau ngambil nya gimana orang login aja gagal terus padahal wifi/data aman, pulsa sudah di isi juga, heran banget kenapa harus login/log out berulang kali sekalinya di butuhin kan susah",Negative,0
2025-12-25 23:19:33,bagus layanan nya cepet,Positive,1
2025-12-25 23:19:33,aplikasi busuk. verifikasi rumit. ga bisa buat daftarin orang lain.,Negative,0
2025-12-25 23:19:33,minusnya sering logout sendiri,Negative,0
2025-12-25 23:19:33,Aplikasi yang sangt membtu,Negative,0
2025-12-25 23:19:33,sangat membantu,Positive,1
2025-12-25 23:19:33,sangat membantu,Positive,1
2025-12-25 23:19:33,mudah di pahami,Positive,1
2025-12-25 23:19:33,mantap ok terimakasih,Positive,1
2025-12-25 23:19:33,mudah di pahami,Positive,1
2025-12-25 23:19:33,setiap mau ambil antrian selalu aja gk bisa selalu keluar terus kayak gini mohon diurus diupgrade yg lebih baik lagi,Negative,0
2025-12-25 23:19:33,mantap aplikasiya sangat membantu semua mudah di aplikasi ini,Positive,1
2025-12-25 23:19:33,"Minta update, tapi diupdate selalu tidak bisa. Sangat mengecewakan! sekarang sudah oke (updated)",Negative,0
2025-12-25 23:19:33,okok,Positive,1
2025-12-25 23:19:33,apk apa in gak bisa login eror parah dan aplikasi ribet,Negative,0
2025-12-25 23:19:33,the best,Positive,1
2025-12-25 23:19:33,"Alhamdulillah mempermudah dalam pengambilan antrian,",Positive,1
2025-12-25 23:19:33,update atau tidak update aplikasi selalu minta login,Negative,0
2025-12-25 23:19:33,mudah untuk di akses,Positive,1
2025-12-25 23:19:33,tingkatkan terus kwalitas pelayanan,Positive,1
2025-12-25 23:19:33,Sangat Membantu,Positive,1
2025-12-25 23:19:33,bpjs sekarang lebih baik,Negative,0
2025-12-25 23:19:33,good,Positive,1
2025-12-25 23:19:33,wokeee,Positive,1
2025-12-25 23:19:33,bagus pelayanannya cepat,Positive,1
2025-12-25 23:19:33,jos,Positive,1
2025-12-25 23:19:33,mudah akses kesehatan,Positive,1
2025-12-25 23:19:33,ok,Positive,1
2025-12-25 23:19:33,sangat memudahkan,Positive,1
2025-12-25 23:19:33,sangat membantu,Positive,1
2025-12-25 23:19:33,untuk perubahan dri alamat lama ke baru sudah 2 bulan ga ter update mohon di bantu,Negative,0
2025-12-25 23:19:33,baik,Positive,1
2025-12-25 23:19:33,"maaf sebelumnya, sebenarnya enak ada aplikasi seperti ini, TPI KLO setiap bulan harus login trus juga lama2 Ga nyaman juga, kadang lupa pasword dan harus ganti pasword TPI menunggu otp masuk ke email atau no hp itu lama bngetstengah jam lebih ada, kalau bisa itu sekali login sudah masuk, knpa tiba2 aplikasi keluar sendiri , terimakasih",Negative,0
2025-12-25 23:19:33,semoga selalu dimudahkan dalam melayani masyarakat,Positive,1
2025-12-25 23:19:33,mantap dan sangat membantu,Positive,1
2025-12-25 23:19:33,ok,Positive,1
2025-12-25 23:19:33,mudah tapi ribet,Positive,1
2025-12-25 23:19:33,"selalu update tapi setiap masuk selalu ng-reset sendiri untuk harus login, bahkan sampai sekarang makin parah kaga bisa masuk/login karena dibilang error di akun yg notabene nomor KTP yg dah terdaftar. sangat jelek sistem database ni aplikasi, ngeluh ke pelayanan di kantor juga pada bingung karena mereka juga orangnya gaptek.",Negative,0
2025-12-25 23:19:33,Jos,Positive,1
2025-12-25 23:19:33,baru aja di update malah gak bisa login kocak amat,Negative,0
2025-12-25 23:19:33,fitur tangkapan layar munculkan lagi dunk kk supaya memudahkan,Positive,1
2025-12-25 23:19:33,"mengapa harus ada jangka waktu 14 hari? mau dipakai berobat malah harus nunggu 14 hari karena penangguhan pembayaran. pasti mottonya ""selama bisa dipersulit mengapa harus dipermudah""",Negative,0
2025-12-25 23:19:33,aplikasi suka bermasalah. pengembang tidak berguna di minta untuk lampirkan bukti foto atau video sementara aplikasi jkn tidak bisa screenshot atau rekam layar dengan alasan kebijakan layanan. aplikasi aneh,Negative,0
2025-12-25 23:19:33,tidak bisa reservasi,Positive,1
2025-12-25 23:19:33,sangat membatu,Negative,0
2025-12-25 23:19:33,pindah faskes lebih mudah.,Positive,1
2025-12-25 23:19:33,sangat mudah digunakan,Positive,1
2025-12-25 23:19:33,saya lupa kata sandi tapi tidak di krm notifikasinya gmn nih,Negative,0
2025-12-25 23:19:33,biarkan bintang yg berbicara,Positive,1
2025-12-25 23:19:33,"Plis help, 2 bulanan ini ga bisa login , captcha muter2 doang. cache udah dibersihin, internet kenceng, aplikasi updated. why? please help. thx",Negative,0
2025-12-25 23:19:33,"kenapa sekarang ga ada fitur ngasih penilaian ke faskes? harusnya ada, biar ada evaluasi buat pemerintah tentang pelayanan faskesnya",Negative,0
2025-12-25 23:19:33,tidak bisa di login . capcha nya gk keluar . jadi gimana solusinya ini ya ?,Negative,0
2025-12-25 23:19:33,sangant membantu,Positive,1
2025-12-25 23:19:33,"sementara bintang 4 dulu, soalnya saya belum pernah pakai fasilitas BPJSnya, semoga semua pelayanannya baik dan tidak mengecewakan",Positive,1
2025-12-25 23:19:33,terbaikkkk ⭐⭐⭐⭐⭐,Positive,1
2025-12-25 23:19:33,mudah di gunakan,Positive,1
2025-12-25 23:19:33,"Pin itu di bikin sendiri apa dapat dari mobile jkn, saya pengguna baru,.",Negative,0
2025-12-25 23:19:33,ok,Positive,1
2025-12-25 23:19:33,"untuk pendaftaran nya mudah , pelayanan nya sangat baik, dokternya profesional",Positive,1
2025-12-25 23:19:33,pokoke yess,Positive,1
2025-12-25 23:19:33,aplikasinya tidak bisa login kenapa iya apa byk hutang bpjs ini,Negative,0
2025-12-25 23:19:33,Bagus...akurat ..mudah dimengerti,Positive,1
2025-12-25 23:19:33,good,Positive,1
2025-12-25 23:19:33,semakin mudah,Positive,1
2025-12-25 23:19:33,sangat simple,Positive,1
2025-12-25 23:19:33,"saya belum pernah daftar, tapi nomor telepon dan email saya kok udah dipakai? saya cek di email gak pernah ada mail dari JKN loh.",Negative,0
2025-12-25 23:19:33,ok,Positive,1
2025-12-25 23:19:33,"Respon cepat ,,dan sangat mudah",Positive,1
2025-12-25 23:19:33,bagus,Positive,1
2025-12-25 23:19:33,mantap,Positive,1
2025-12-25 23:19:33,tolong dong booking antriannya bisa di mulaii sehari sebelum priksa. .soalnya kuota gigi sedikit .. sedangkan pasien bpjs harus pake mobile jkn. . jadinya keduluan terus sama pasien yang pke apk sebelah. . klo mau daftar mesti habis padahal daftar jam 00.00 ..,Negative,0
2025-12-25 23:19:33,"semenjak di upgrade tidak bisa login, susah mendapatkan OTP lewat SMS, pulsa banyak tapi tetep OTP tidak muncul, e-mail yang terhubung juga tidak bisa di akses harus menggunakan OTP SMS,, APK PEMERINTAH Bukannya mempermudah ini malah mempersulit,, SEGERA PERBAIKI,,",Negative,0
2025-12-25 23:19:33,sudah bagus nyaman,Positive,1
2025-12-25 23:19:33,kanapa si susah banget buat ndaftarnya pas bagian verifikasi wajah emosi nin,Negative,0
2025-12-25 23:19:34,sangat membantu dan berguna bagi rakyat,Positive,1
2025-12-25 23:19:34,kemudahan dalam perpindahan faskes,Positive,1
2025-12-25 23:19:34,sangat membantu,Positive,1
2025-12-25 23:19:34,"klo bisa perubahan ke faskes yg baru jgn 1 bln tp, bsa lebih cepat, maksimal 3 hari misalnya",Positive,1
2025-12-25 23:19:34,sangat puas pelayanan kesehatan Mobil JKN,Positive,1
2025-12-25 23:19:34,"aplikasi apa sih ini? , erarr erorr mulu",Negative,0
2025-12-25 23:19:34,ga jelas keluar trus pas mau upload,Negative,0
2025-12-25 23:19:34,"memudahkan segalanya.. identitas peserta BPJS, pindah faskes, antrian dll mantap pokoknya",Positive,1
2025-12-25 23:19:34,sangat membantu sekali,Positive,1
2025-12-25 23:19:34,"keren, cepat mantab",Positive,1
2025-12-25 23:19:34,bagus,Positive,1
2025-12-25 23:19:34,pelayanan josss,Positive,1
2025-12-25 23:19:34,proses nya sangat cepat,Positive,1
2025-12-25 23:19:34,sangat puas sekali pelayanan nya,Positive,1
2025-12-25 23:19:34,aplikasi yang merepotkan dan mempersulit layanan,Negative,0
2025-12-25 23:19:34,Andai bisa landscape pasti tambah oke 😁,Positive,1
2025-12-25 23:19:34,"sangat membantu sekali dan sangat memuaskan, terima kasih",Positive,1
2025-12-25 23:19:34,bagus,Positive,1
2025-12-25 23:19:34,mohon maaf saya lupa kata sandi mau memperbarui pakai nomor untuk mendapatkan kode otd SMS tetapi tidak bisa di proses. tolong bimbingannya,Negative,0
2025-12-25 23:19:34,kurang memuaskan setelah di-update harus log in lagi,Negative,0
2025-12-25 23:19:34,Aplikasi dibuat orang tolol.. banyak error. sekarang gak bisa login karena dibatasi NIK yg login di satu HP. kalo HP satu buat bantu tetangga kampung yg mau update data trus gimana jadinya. And jink yg bikin kebijakan,Negative,0
2025-12-25 23:19:34,Alangkah baiknya kalau kita daftar peserta baru ada menu daftar kis pemerintahnya,Negative,0
2025-12-25 23:19:34,"bikin tambah ribet nih aplikasi mobile jkn mau daftar nmr antrian segala di skrining dan ngisi soal pertanyaan, tdk mau ribet periksa pasien,",Negative,0
2025-12-25 23:19:34,kenapa screenshoot aplikasi jkn mobile tidak bisa?!,Positive,1
2025-12-25 23:19:34,sangat membantu,Positive,1
2025-12-25 23:19:34,sangat membantu...,Positive,1
2025-12-25 23:19:34,"eror mulu padahal internet nyala, nik bener, sandi bener, di pake buat lupa sandi juga erar eror mulu, apalah",Negative,0
2025-12-25 23:19:34,mantap mudah dan membantu,Positive,1
2025-12-25 23:19:34,Terimakasih MJKN. Selalu pertahankan pelayanan yang terbaik. Sukses selalu.,Positive,1
2025-12-25 23:19:34,"aplikasi bermanfaat, karena gampang untuk ubah data kepesertaan seperti alamat dan faskes yang dipilih tanpa harus datang ke kantor",Positive,1
2025-12-25 23:19:34,"Saat daftar di aplikasi kode verifikasi ga masuk-masuk, padahal sudah diulang beberapa kali kirim ulang tetap ga masuk. Tolong dong itu diperhatikan, gimana sih orang mau cepat malah jadi lebih lama.",Negative,0
2025-12-25 23:19:34,memudahkan pelayanan kesehatan,Positive,1
2025-12-25 23:19:34,dngn ada'y apk ini sngat membntu skli,Negative,0
2025-12-25 23:19:34,"susah bener mau daftar auto debit aja,, offline mulu.. aplikasi eror terus.. tolong di perbaiki laah, ini kan aplikasi pemerintah..",Negative,0
2025-12-25 23:19:34,bagus,Positive,1
2025-12-25 23:19:34,josss,Positive,1
2025-12-25 23:19:34,layanan cepat,Positive,1
2025-12-25 23:19:34,Nunggu pesan verifikasi kode OTP nomer telepon aja lama banget ai lah ngerepotin bener ni aplikasi,Negative,0
2025-12-25 23:19:34,"jelek, suka ke logout mlu setiap dibuka pasti akunnya ke logout sendiri, dan tetep aja harus ngelakuin konfirmasi pas mau daftar ke tr*medika",Negative,0
2025-12-25 23:19:34,mempermudah proses pendaftaran dan sangat membantu,Positive,1
2025-12-25 23:19:34,pelayanan nya sangat puas,Positive,1
2025-12-25 23:19:34,sangat membantu dan mempermudah untuk semua pelayanan,Positive,1
2025-12-25 23:19:34,cukup dr apk saja.. tanpa harus ke kantor cabang,Positive,1
2025-12-25 23:19:34,tidak bisa instal,Positive,1
2025-12-25 23:19:34,awesome,Positive,1
2025-12-25 23:19:34,sangat membantu,Positive,1
2025-12-25 23:19:34,"gak bisa login, panduan gak jelas.",Negative,0
2025-12-25 23:19:34,sangat membantu,Positive,1
2025-12-25 23:19:34,kecewa berat.. daftar online tidak bisa screening. jauh jauh daftar ke kantor cabang. Di Mobile JKN captcha tidak keluar sampe beberapa bulan. telepon call centernya juga tidak membantu. malah di matikan.. hingga detik ini masih belum bisa daftar JKN mobile,Negative,0
2025-12-25 23:19:34,sangat mudah mantap trmksh,Positive,1
2025-12-25 23:19:34,mantap,Positive,1
2025-12-25 23:19:34,Semoga amanah,Positive,1
2025-12-25 23:19:34,tolong update nya di percepat,Negative,0
2025-12-25 23:19:34,"Kenapa makin kesini aplikasinya makin banyak error,susah dipakai daftar. Apa maksudnya? Masyarakat jadi makin sulit buat pakai terus tujuan mobile jkn apa?",Negative,0
2025-12-25 23:19:34,Good Job's... 👍🙏,Positive,1
2025-12-25 23:19:34,sangat membantu,Positive,1
2025-12-25 23:19:34,mantap,Positive,1
2025-12-25 23:19:34,aplikasi jelek sudah tidak bisa login lagi.. dan tiba-tiba keluar sendiri,Negative,0
2025-12-25 23:19:34,"parah ini error mulu, udah pindah faskes nunggu 3bulan bgtu bisa masih tetap error, smntra kliniknya minta daftar by JKN... Klo blum siap aplikasiny tlong lah jgn maksain... ini nyangkut keselamatan, kesehatan n nyawa orang lo... mana pake asuransi ini dipaksa, giliran layanan ngaco, AR di kota Cimahi yg harusnya ngasih solusi customer malah susah dihub. n gk mau bantu... mending pake asuransi swasta klo emg gk dipaksa ngurus macem² kudu pake ni asuransi...hufzzzz",Negative,0
2025-12-25 23:19:34,bagus untuk segala urusan kesehatan,Positive,1
2025-12-25 23:19:34,mantap,Positive,1
2025-12-25 23:19:34,bagus..stabil,Positive,1
2025-12-25 23:19:34,jelek koneksi,Negative,0
2025-12-25 23:19:34,mudah digunakan,Positive,1
2025-12-25 23:19:34,benerin bug di verifikasi pindah faskes. jelek amat maa cameranya miror susah baget verifikasi . car progremer yg berkompeten lah bug dmna mana,Negative,0
2025-12-25 23:19:34,bagus dan mudah digunakan,Positive,1
2025-12-25 23:19:34,aplikasi kok error terus.. punya pemerintah tapi gk dibenerin...,Negative,0
2025-12-25 23:19:34,info sangat lengkap dan mudah di cari..,Positive,1
2025-12-25 23:19:34,kebanyakan erornya ngulang ngulang login mulu tiap minggu tolong di perbaiki dong jangan anggaran ya di pakai korupsi muli,Negative,0
2025-12-25 23:19:34,sangat membatu,Negative,0
2025-12-25 23:19:34,aplikasi yg super duper menyulitkn . pke captha ga bs dibaca.. bukannya bikin gampang tp bikin ribet pke aplikasi ini..,Negative,0
2025-12-25 23:19:34,"gak bisa masuk,gagal terus. aneh!",Negative,0
2025-12-25 23:19:34,sangat baik,Positive,1
2025-12-25 23:19:34,"dari bulan oktober udah ga pernah bisa ambil antrian secara online, setiap mau kontrol harus bolak balik ambil nomor antrian manual dulu ke rumah sakit, itu pun ngga bisa langsung kontrol, siang hari baru bisa kontrol....ini sebenernya kenapa aplikasinya",Negative,0
2025-12-25 23:19:34,sangat bagus,Positive,1
2025-12-25 23:19:34,Ok,Positive,1
2025-12-25 23:19:34,kerren bgt ngubah data lewat apk juga bisaa,Positive,1
2025-12-25 23:19:34,sangat membantu sekali,Positive,1
2025-12-25 23:19:34,sangat baik,Positive,1
2025-12-25 23:19:34,bagus,Positive,1
2025-12-25 23:19:34,memudahkan,Positive,1
2025-12-25 23:19:34,sangat membantu,Positive,1
2025-12-25 23:19:34,tingkatkan lgi ...fitur2 yg bagus Lg,Positive,1
2025-12-25 23:19:34,aplikasi nya sering eror. Ga bisa buat ambil antrian online *Transaksi tidak dapat diproses. udah coba di close aplikasi nya terus di coba lagi tetep gabisa buat daftar antrian online.,Negative,0
2025-12-25 23:19:34,mantap,Positive,1
2025-12-25 23:19:34,aplikasi menyusahkan bin ribet,Negative,0
2025-12-25 23:19:34,"jkn saya lupa sandi karena sudah lama tidak di pake, sudah masuk ke vitur lupa sandi dan masukkan nomor namun SMS verifikasi ke saya tidak pernah masuk sudah saya cuma hampir seminggu namun tidak ada SMS yg masuk dari jkn",Negative,0
2025-12-25 23:19:34,JKN INI RIBET BAGI DOKTER GIGI . UDAH DAPTAR ONLINE TAPI HARUS MANUAL JUGA . DAN TERBATAS Perhari NYA. jadi nomor online gak berlaku bagi dokter gigi . karna harus tetep manual. konsisten harus nya mau offline apa online yang di pake.,Negative,0
2025-12-25 23:19:34,good,Positive,1
2025-12-25 23:19:34,sangat membantu,Positive,1
2025-12-25 23:19:34,"awalnya bingung, tp Alhamdulillah dimudahkan",Positive,1
2025-12-25 23:19:34,apk bikin emosi dengan capta tidak jelas ditambah sering log out sendiri,Negative,0
2025-12-25 23:19:34,begitu mudah digunakan,Positive,1
2025-12-25 23:19:34,sangat sangat membantu dan mudah di akses,Positive,1
2025-12-25 23:19:34,Setelah daftar data dirinya gk sesuai. yang daftar saya tp peserta yg tercantum orang lain. gimana?,Negative,0
2025-12-25 23:19:34,"""Saya sangat puas dengan pelayanannya terimakasih BPJS..""",Positive,1
2025-12-25 23:19:34,bagus,Positive,1
2025-12-25 23:19:34,"akun tiba2 ke logout beberapa kali nyoba buat masuk ke akun, tapi pas sampe proses masukan OTP, gak pernah dapet OTPnya",Negative,0
2025-12-25 23:19:34,good,Positive,1
2025-12-25 23:19:34,lupa kata sandi kode verifikasinya tidak dikirim kirim,Negative,0
2025-12-25 23:19:34,"aplikasi sampah daftar udah kelar giliran dilogin akun anda tidak terdaftar😑, mbayar tiap bulan juga kena denda mana di aplikasi gak ditampilkan giliran mau priksa kena denda kan kocak",Negative,0
2025-12-25 23:19:34,siip,Positive,1
2025-12-25 23:19:34,"aplikasi bukan mempermudah malah mempersulit , mau bayar bpjs kayak mau ngajukan pinjol , aplikasi pemerintah mmng ga ada yg bener",Negative,0
2025-12-25 23:19:34,memudahkan hidup kita,Positive,1
2025-12-25 23:19:34,makin buruk error terus,Negative,0
2025-12-25 23:19:34,install aplikasi cuma untuk daftar SKCK Online 😑,Negative,0
2025-12-25 23:19:34,oke,Positive,1
2025-12-25 23:19:34,mempermudah saya pindah faskes,Positive,1
2025-12-25 23:19:34,pelayanan kesehatan nya baik,Positive,1
2025-12-25 23:19:34,selalu logout sendiri kalau jaringan buruk,Negative,0
2025-12-25 23:19:34,lumayan membantu,Positive,1
2025-12-25 23:19:34,bagus bangettt,Positive,1
2025-12-25 23:19:34,mudah digunakan sangat bermanfaat,Positive,1
2025-12-25 23:19:34,sangat bagus,Positive,1
2025-12-25 23:19:34,cepat dan akurat,Positive,1
2025-12-25 23:19:34,"aplikasi yang membantu sekali, update peserta dll bisa langsung tanpa antri atau datang k kantor BPJs",Positive,1
2025-12-25 23:19:34,baik sangat membantu,Positive,1
2025-12-25 23:19:34,sangat mempermudah,Positive,1
2025-12-25 23:19:34,"coba dong aplikasinya dibuat buat ramah lansia. jangan kalau ada update jadi log out sendiri, atau jadi suka auto log out. lansia tuh suka lupa sama NIK dan password. harusnya dipermudah loginnya. JANGAN PAKE CAPTCHA YANG SUSAH DIBACA LANSIA. KALAU SALAH DIINPUT JANGAN KASIH PENALTI WAKTU. MAKANYA BUAT LAH YANG MUDAH.",Negative,0
2025-12-25 23:19:34,Like,Positive,1
2025-12-25 23:19:34,sangat puas dengan aplikasi jkn,Positive,1
2025-12-25 23:19:34,"gmn si ni aplikasi, tadi awal-awal ada lokasi tempat-tempat periksa daerah jakarta pusat. pdhl blm milih tempatnya mau di daerah mana, waktu pas mau milih lagi ada notif ""mohon maaf, fasilitas kesehatan di tempat yang anda pilih belum tersedia"" . kan kocak DKI loh jakarta pusat ??? awal2 doang ada tempat periksanya abis itu GK bisa buka lg, padahal blm milih mau faskes dmn. tolong la benerin IT support JKN edit : gw dah coba pake cara re install ulang aplikasi, dah restart hp. tetep aja sama",Negative,0
2025-12-25 23:19:34,perubahan faskes sangat mudah,Positive,1
2025-12-25 23:19:34,ok tks,Positive,1
2025-12-25 23:19:34,Ketersediaan ruang rawat inap nya GAG ma di buka. Tolong perbaiki secepatnya.,Negative,0
2025-12-25 23:19:34,ok,Positive,1
2025-12-25 23:19:34,mudah di gunakan,Positive,1
2025-12-25 23:19:34,"kurang memuaskan di faskes tingkat pertama,",Positive,1
2025-12-25 23:19:34,luar biasa bisa on line,Positive,1
2025-12-25 23:19:34,mau ngirim kode konfirmasi lewat sms selalu gagal. gini amat aplikasi pemerintah. BURUK,Negative,0
2025-12-25 23:19:34,sangat membantu,Positive,1
2025-12-25 23:19:34,kebanyakan kewajiban peserta drpd hak peserta..,Negative,0
2025-12-25 23:19:34,bagus,Positive,1
2025-12-25 23:19:34,"Aplikasinya error terus udah ambil no antrian dengan antrian no 3, malah setelah 3 minggu antrian di batalkan. malah harus ngambil antrian lagi. tapi ngga bisa di tanggal yang sama Sedangkan di surat kontrol ulangnya udah ada tertera tanggal kunjungannya. Jangan buat orang susah tambah susah dong. Servernya di perbaiki lah biar penggunana terasa nyaman dan mudah untuk menggunakannya",Negative,0
2025-12-25 23:19:34,"bagus, setelah update jadi mudah",Positive,1
2025-12-25 23:19:34,"semuanya ok,menunya ringkas dan jelas.thanks",Positive,1
2025-12-25 23:19:34,aplikasi yang sangat membantu & mempermudah,Positive,1
2025-12-25 23:19:34,"mau masuk aplikasi aja di persulit mintak sandi muluk tiap update mintak sandi, dikira apal apa nik dan sandi itu apa lagi kalo orang udah tua makin bingung mereka",Negative,0
2025-12-25 23:19:34,sangat membantu,Positive,1
2025-12-25 23:19:34,"sangat mudah dan gampang buat daftar ke RS, poli dlm",Positive,1
2025-12-25 23:19:34,"verifikasi muka susah banget, kalo mau terintegrasi digitalisasi yang bener dong",Negative,0
2025-12-25 23:19:34,mudah gampang bagus,Positive,1
2025-12-25 23:19:34,top,Positive,1
2025-12-25 23:19:34,"udah verifikasi tapi pas buka kamera ga bisa²padahal muka udah di kotak trus udah senyum juga tolong ya diperbaikin,udah berkali²nyoba tetep gagal",Negative,0
2025-12-25 23:19:34,sangat membantu,Positive,1
2025-12-25 23:19:34,oke,Positive,1
2025-12-25 23:19:34,"akses yg baik menuju sehat JKN ini jgn sampai sulit bagi pengguna nya, krn kebanyakan yg menggunakan org tua yg tidak bisa memakai hp. kenapa sy bilang masih sulit, krn di hp itu sdh bnyk aplikasi untuk kebutuhan sehari hari, dan juga aplikasi jkn sering error bila di gunakan.",Negative,0
2025-12-25 23:19:34,tidak bisa masuk haadehhh,Negative,0
2025-12-25 23:19:34,semua serba mudah berkat jkn🥰,Positive,1
2025-12-25 23:19:34,"aplikasi membantu meringankan daftar, tapi kadang aplikasi ini di kliniknya masih bisa menerima pendaftaran tapi lewat aplikasi gk bisa daftar kata pegawai dari jknnya eror",Negative,0
2025-12-25 23:19:34,ok dh pokoknya,Positive,1
2025-12-25 23:19:34,sangat membantu,Positive,1
2025-12-25 23:19:34,ribet dan lama,Negative,0
2025-12-25 23:19:34,ok,Positive,1
2025-12-25 23:19:34,"mau masuk gagal terus,,apalagi mau daftar,,",Negative,0
2025-12-25 23:19:35,oke,Positive,1
2025-12-25 23:19:35,"mau ganti nomor HP aja ribet, udah kayak daftar pinjol",Negative,0
2025-12-25 23:19:35,aplikasi JKN mobile mangkin canggih,Positive,1
2025-12-25 23:19:35,mantap,Positive,1
2025-12-25 23:19:35,halo admin saya mau login dan sudah nunggu otp untuk ganti password kenapa berhari2 ya nunggu nya. kasian pasien uda kadung sakit gk bisa antri krn mobile jkn nya gk bisa daftar,Negative,0
2025-12-25 23:19:35,pertama menggunakan masih ragu,Positive,1
2025-12-25 23:19:35,"dari 2 Minggu lalu saya mau daftarkan anak saya utk ambil antrean ke poli gigi, meskipun udh daftar dri tengah malam, tapi ttp aja yg keluar ""jadwal sudah penuh, silahkan daftar untuk jadwal berikutnya"", pdhl di jadwal jadwal dokternya 0 antrian semua, trus mau daftar buat besok juga gabisa karena diluar jam operasional.. padahal dulu bisa, gimana sih? cuman pentingin pasien pasien itu aja ya? harap diperbaiki sistem apk secepatnya",Negative,0
2025-12-25 23:19:35,top markotop,Positive,1
2025-12-25 23:19:35,aplikasi tolol gk guna,Negative,0
2025-12-25 23:19:35,ribet,Negative,0
2025-12-25 23:19:35,bagus mudah di pahami,Positive,1
2025-12-25 23:19:35,Mengapa Login saja harus mengaktifkan Auto debit??? Padahal tagihan sudah di bayar,Negative,0
2025-12-25 23:19:35,"sayang nya udah komplain di pandawa malah yang balas mesin, aneh banget, saya kan gak bisa login, dulu saya daftar pake no kis, sedangkan sekarang kalok masuk harus pake nik ktp, jadi saya mau rubah tapi gak bisa login, gimana solusi nya,",Negative,0
2025-12-25 23:19:35,bagus,Positive,1
2025-12-25 23:19:35,mempermudah,Positive,1
2025-12-25 23:19:35,Responsif,Negative,0
2025-12-25 23:19:35,"terimakasih,pelayanan yang ramah",Positive,1
2025-12-25 23:19:35,mantap,Positive,1
2025-12-25 23:19:35,👍👍👍,Positive,1
2025-12-25 23:19:35,bgausd,Positive,1
2025-12-25 23:19:35,sangat membantu saya dan keluarga..aplikasi mudah di gunakan..dan praktis,Positive,1
2025-12-25 23:19:35,sangat membantu,Positive,1
2025-12-25 23:19:35,good,Positive,1
2025-12-25 23:19:35,"tolong dong diperbaiki, aplikasi sering log out sendiri.",Negative,0
2025-12-25 23:19:35,lumayan baik,Positive,1
2025-12-25 23:19:35,ok,Positive,1
2025-12-25 23:19:35,ok,Positive,1
2025-12-25 23:19:35,Mantab pelayanan nya,Positive,1
2025-12-25 23:19:35,"sekarang ga bisa ss no antrian, padahal penting sering ditanyakan dan buat bukti, parah...",Negative,0
2025-12-25 23:19:35,"Gimana yaa dari bulan lalu coba ambil antrian tapi ga bisa bisa, keterangannya selalu ""Kegagalan Proses Simpan Data"". jadi ini gimana??? tolong dong aplikasinya ditingkatkan lagi",Negative,0
2025-12-25 23:19:35,"aplikasi bosok dan gajelas samsek. mau ganti ke PBPU aja susah bgt, diarahkan buat menghubungi pandawa tp pas dicrosscheck gbs karena ada peningkatan pelayanan. rekrut orang IT yang bener!. akhirnya aktivasi PBPU ke kantor BPJS lgsg. mana pas buka apk ini disuruh ngisi rek buat autodebet. trs gabisa masuk kode verifnya. niat bikin apk ga si?!?! MEMPERSULIT DOANG👎 bintang 1 jg terlalu bagus buat apk ini.",Negative,0
2025-12-25 23:19:35,"aplikasi parah mau daftar antrian online, loading nya lama kaliiii parahhhhh",Negative,0
2025-12-25 23:19:35,"Saya lupa sandi dan sudah berusaha masuk, mengisi nik sesuai nik pada ktp saya dan nomor hp yang sebelumnya saya pakai untuk mendaftar, tapi kode otp tidak pernah masuk ke pesan di hp saya.",Negative,0
2025-12-25 23:19:35,bagus apps nya,Positive,1
2025-12-25 23:19:35,oke,Positive,1
2025-12-25 23:19:35,"padahal sebelumnya udh pernh masuk aplikasi, knp tiba2 kluar lalu gak bisa di akses LG, padahal udh masuk pakai pasword yg sama, mau berobat klo pke cara bgini malah tambah ribet, kasian yg gak ngerti seperti lansia, tolong lah kebijakan seperti ini malah tambah nyusahin.. gak semua orang pintar kan",Negative,0
2025-12-25 23:19:35,Mantap,Positive,1
2025-12-25 23:19:35,kenapa setelah update jadi gak bisa booking antrian anggota keluarga ya? bisa nya cuma nama yang dipake buat akun doang...,Negative,0
2025-12-25 23:19:35,aplikasi yang di buat oleh pemerintah NKRi patut di pertanyakan padahal Email yang di masukkan sudah benar namun tetap saja di bilang salah di masukkan nomor hp tetapi notifikasi tidak juga kunjung keluar,Negative,0
2025-12-25 23:19:35,apk yg mantap,Positive,1
2025-12-25 23:19:35,bagus sekali,Positive,1
2025-12-25 23:19:35,mantap,Positive,1
2025-12-25 23:19:35,aplikasi ini sangat memudahkan buat berobat,Positive,1
2025-12-25 23:19:35,mantap,Positive,1
2025-12-25 23:19:35,sangat berguna,Positive,1
2025-12-25 23:19:35,aplikasinya sangat membantu,Positive,1
2025-12-25 23:19:35,gooooooooood bgt,Positive,1
2025-12-25 23:19:35,bagus,Positive,1
2025-12-25 23:19:35,"aplikasinya jelek sering logout sndiri, jika ingin masuk ke akun tidak bisa, harus buat akun baru yang mana menghabiskan pulsa belasan ribu, wkwk",Negative,0
2025-12-25 23:19:35,alhamdulillah,Positive,1
2025-12-25 23:19:35,ampas,Negative,0
2025-12-25 23:19:35,Good Good Good Semuanya,Positive,1
2025-12-25 23:19:35,M jkn mantap....,Positive,1
2025-12-25 23:19:35,bagus,Positive,1
2025-12-25 23:19:35,untuk verifikasi otp melalui sms tidak ada kode yang dikirim,Negative,0
2025-12-25 23:19:35,suka,Positive,1
2025-12-25 23:19:35,bagus,Positive,1
2025-12-25 23:19:35,lancar urusan,Positive,1
2025-12-25 23:19:35,ok dan bagus,Positive,1
2025-12-25 23:19:35,dengan aplikasi ini sangat membantu,Positive,1
2025-12-25 23:19:35,aplikasi luar biasa sangat membantu,Positive,1
2025-12-25 23:19:35,"sangat membantu sekali,terimakasih mobile jkn",Positive,1
2025-12-25 23:19:35,sangat membantu,Positive,1
2025-12-25 23:19:35,Sangat Membantu,Positive,1
2025-12-25 23:19:35,gabisa masuk aplikasi keterangan password atau nik salah padahal udah bener semua.mau di lupa password ngga bisa keterangannya permintaan anda tidak dapat diproses [2].mohon maaf atas ketidak nyamanan anda[OFFLINE],Negative,0
2025-12-25 23:19:35,suka bangat..,Positive,1
2025-12-25 23:19:35,amplikasi ini berbahaya menghilangkan barang bukti pembayaran tidak dapat di simpan pribadi sebagai barang bukti,Negative,0
2025-12-25 23:19:35,good,Positive,1
2025-12-25 23:19:35,Indonesia kapan bisa menggratiskan biaya kesehatan rakyatnya.,Positive,1
2025-12-25 23:19:35,bagus,Positive,1
2025-12-25 23:19:35,"gajelas, tiap mau login susah bgt. padahal NIK sama passwordnya udh bener...hadehhhhhh",Negative,0
2025-12-25 23:19:35,memudahkan pasien untuk janji temu dokter,Positive,1
2025-12-25 23:19:35,"Fitur rekam wajah ga berfungsi dgn sempurna. Verifikasinya sulit sekali ya lewat apk ini, padahal dari segala segi persyaratan sdh oke semua",Negative,0
2025-12-25 23:19:35,sangat memuaskan aplikasinya,Positive,1
2025-12-25 23:19:35,knp y aplikasi ni jarang d buka trus hrus login ..knp tidak otomatis login password y KK 🙏 org itu suka lupa no password..tolong d perbaiki secara otomatis 🙏🙏🙏,Negative,0
2025-12-25 23:19:35,"lebih mudah,cepat dan praktis",Positive,1
2025-12-25 23:19:35,good,Positive,1
2025-12-25 23:19:35,bagus,Positive,1
2025-12-25 23:19:35,Ruaar Biasyaaah,Positive,1
2025-12-25 23:19:35,bagus,Positive,1
2025-12-25 23:19:35,top,Positive,1
2025-12-25 23:19:35,"asli pemerinta makin ribet,,mana aplikasinya eror no induk dan kata sandi udah bener malah salah terus apk g jls",Negative,0
2025-12-25 23:19:35,"saya menggunaka ini sangat sulit karena setiap masuk Aplikasi harus selalu masukan NIK dan kata sandi, jadi menurut saya sulit sekali karena setiap manusia sering kali lupa, walaupun sudah di tulis tetap saja tulisanan itu kan hilang/lupa nyimpen.",Negative,0
2025-12-25 23:19:35,untuk pasien anak saat verifikasi wajah jangan dipersulit. 1harian kita tidak bisa verifikasi,Negative,0
2025-12-25 23:19:35,layarnya blank ga ada menu,Negative,0
2025-12-25 23:19:35,"mau daftar antrian gagal terus, keterangan permintaan tidak dapat di proses. Fungsi daftar duluan nya apa jadi?",Negative,0
2025-12-25 23:19:35,sangat membantu sekali,Positive,1
2025-12-25 23:19:35,good,Positive,1
2025-12-25 23:19:35,mudah digunakan,Positive,1
2025-12-25 23:19:35,"apa ini berapa kali harus masuk pasword..pdhal akun sdh terverifikasi, masih aja di suruh masukan password",Negative,0
2025-12-25 23:19:35,"good jobs, semoga semakin lebih baik lagi dan bekerja semakin smart dan berangkat dari hati",Positive,1
2025-12-25 23:19:35,sehat indonesiaku,Positive,1
2025-12-25 23:19:35,sangat membantu,Positive,1
2025-12-25 23:19:35,dipermudah dengan 1 aplikasi,Positive,1
2025-12-25 23:19:35,memudahkan,Positive,1
2025-12-25 23:19:35,Ok banget,Positive,1
2025-12-25 23:19:35,kenapa susah sekali daftarnya..gagal terus,Negative,0
2025-12-25 23:19:35,udah lumayan bagus. tolong pertahankan,Positive,1
2025-12-25 23:19:35,baik,Positive,1
2025-12-25 23:19:35,"setiap MW daftar antrian kuota selalu penuh, padahal di antriannya baru no. 7",Negative,0
2025-12-25 23:19:35,sangat membantu lebih efisien dalam fasilitas kesehatan jaman skrg,Positive,1
2025-12-25 23:19:35,"Tidak bisa daftar auto-debet di aplikasi ini, dicoba lagi malah dibilang lagi Offline.",Negative,0
2025-12-25 23:19:35,sangat membantu,Positive,1
2025-12-25 23:19:35,sever nya bagus,Positive,1
2025-12-25 23:19:35,sangat bagus,Positive,1
2025-12-25 23:19:35,mantap,Positive,1
2025-12-25 23:19:35,aplikasi ini sangat membantu dan gk ribet,Positive,1
2025-12-25 23:19:35,Susah logika,Negative,0
2025-12-25 23:19:35,"aplikasi gak jelas. susah login captchq muter"" terus padahal jaringan stabil",Negative,0
2025-12-25 23:19:35,apk erorr trus ga ada perbaikan,Positive,1
2025-12-25 23:19:35,"aplikasi ini memudahkan kami dalam berobat, cuma jaringan yang membuat terkendala",Positive,1
2025-12-25 23:19:35,"buruk,NIK dan sandi selalu salah..ntah apa yg benar",Negative,0
2025-12-25 23:19:35,"bulan juni 2025 udah pernah pakai,, gampang ambil antrian langsung jadi,, pas dateng ketempat faskes langsung dilayani,, kenapa sekarang ga bisa ambil antrian,, katanya biar efisien, malah jawabanya,, anda belum terdaftar ditempat faskes padahal udah jelas jelas ada riwayat pelayanan,, sama aja dtg ketempat faskes ambil antrian panjang,, maaf bintang 1 kecewa sangat,, semoga ada perbaikan",Negative,0
2025-12-25 23:19:35,baik membantu,Positive,1
2025-12-25 23:19:35,ok,Positive,1
2025-12-25 23:19:35,apk gampang logout,Negative,0
2025-12-25 23:19:35,mudah digunakan,Positive,1
2025-12-25 23:19:35,"kenapa skrng susah masuk ke aplikasi, no induk KTP, pasword,capcah udh sama tetep kaga bisa masuk. selalu ada tulisan no induk KTP salah tolong lah perbaiki. jdi ribet klo mau berobat. makin susah aja login buat masuk ke aplikasi",Negative,0
2025-12-25 23:19:35,saya mohon pelayanan yg baik...makasih,Positive,1
2025-12-25 23:19:35,mantab sangat membantu,Positive,1
2025-12-25 23:19:35,biasa aplikasi negara gk ada yg bener,Negative,0
2025-12-25 23:19:35,bagus mebantu,Positive,1
2025-12-25 23:19:35,bagus,Positive,1
2025-12-25 23:19:35,good,Positive,1
2025-12-25 23:19:35,"setiap login harus masukkan NIK terus,ribet tau gak,harus ambik KTP lagi.",Negative,0
2025-12-25 23:19:35,Bagus,Positive,1
2025-12-25 23:19:35,aplikasi mudah di pahami,Positive,1
2025-12-25 23:19:35,"Aplikasi nya bagus, tapi kadang (bukan kadang lagi. selalu) surat rujukan/surat kontrol yang saya punya pada faskes hilang. jadi kalau saya sudah daftar antrian online, dan sudah dapat antrian nya, pas hari h nya hilang waktu mau kontrol. jadi bingung pas kontrol nya antrian nya gimana, mana gak bisa di ss lagi. tolong lah solusinya gimana 😔",Negative,0
2025-12-25 23:19:35,"tolong diperbaiki dong, mau daftar online gabisa2 sedang offline trs",Negative,0
2025-12-25 23:19:35,"Tolong ditelusuri klinik puri intan kota bekasi, mereka memanipulasi antrian pendaftaran org berobat. lihat review di google bnyak yg mengeluhkan... org sakit keburu meninggal berobat disana !!!",Negative,0
2025-12-25 23:19:35,"Ngeselin Apk sring error dan sllu hrs logout d login ulang kalo sbln g dpake,psti klo mo pke faskes ttup dan ada kt bpjs tdk aktf,pdhl tiap bln sllu byr dipotong kntor",Negative,0
2025-12-25 23:19:35,JAMINAN KESEHATAN TOP SAYA 2 KALI OPRASI KANGKER 8 KALI MASUK IGD SELALU GRATIS TANPA BIAYA SEDIKITPUN👍👍👍,Negative,0
2025-12-25 23:19:35,hallo kak cara mengaktifkan kartu gimana yaa kak? kok kartu saya non aktif kak tidak ditanggung gitu😭😭,Negative,0
2025-12-25 23:19:35,baik terimakasih,Positive,1
2025-12-25 23:19:35,Aplikasi mempermudah dan bermanfaat,Positive,1
2025-12-25 23:19:35,ok laah,Positive,1
2025-12-25 23:19:35,mudah dan praktis,Positive,1
2025-12-25 23:19:35,"Ayolah upgrade, aplikasi ini susaah banget mau check in. padahal sdh nyampe di tempat pelayanan tp gk bisa check in.",Negative,0
2025-12-25 23:19:35,"perbaiki scrining wajah nya lama banget gak bisa ke scan terus, lama, bikin orang nambah sakit, zhalim sekali",Negative,0
2025-12-25 23:19:35,"sangat mudah di akses jdi mudah berobat deh, semoga makin bagus lagi fitur"" nya",Positive,1
2025-12-25 23:19:35,sangat bagus,Positive,1
2025-12-25 23:19:35,"terkadang untuk login susah apalagi saat pindah device, mohon agar akun jkn bisa di gunakan lebih dari 1 device di karenakan dalam 1 akun memuat beberapa anggota keluarga, apabila salah satu anggota keluarga memiliki kepentingan untuk menggunakan jkn akan mengalami kesusahan untuk mengaksesnya",Negative,0
2025-12-25 23:19:35,perubahan menu aplikasi yang bagus...terus tingkatkan,Positive,1
2025-12-25 23:19:35,sangat berguna sekali,Positive,1
2025-12-25 23:19:35,sangat membantu,Positive,1
2025-12-25 23:19:35,Pengoperasiannya terlalu susah,Negative,0
2025-12-25 23:19:35,bagus nih aplikasi,Positive,1
2025-12-25 23:19:35,Logout terus,Negative,0
2025-12-25 23:19:36,sangat mudah,Positive,1
2025-12-25 23:19:36,sangat berguna,Positive,1
2025-12-25 23:19:36,Good Job,Positive,1
2025-12-25 23:19:36,JKN is the best pokonamah,Positive,1
2025-12-25 23:19:36,eror terus tiap hari semoga yang ga benar kerja buat aplikasinya ngalir dosa jariah orang butuh aplikasi nya cepat ini eror terus,Negative,0
2025-12-25 23:19:36,"jkn ini kurang update ketika umur 21 taun kenapa gak bisa dirubah datanya, buat apa ada aplikasi kalo persoalan teknis harus ke kantor. mayoritas yang baru umur 21 itu gen z harusnya pihak bpjs memahami akan kondisi tersebut jika bentuk pelayanan ingin maksimal",Negative,0
2025-12-25 23:19:36,lumayan membantu aplikasinya,Positive,1
2025-12-25 23:19:36,sangat berguna,Positive,1
2025-12-25 23:19:36,sangat membantu,Positive,1
2025-12-25 23:19:36,sekarang kenapa sering offline,Negative,0
2025-12-25 23:19:36,"mantul,,,",Positive,1
2025-12-25 23:19:36,mudah dan sangat aman,Positive,1
2025-12-25 23:19:36,ok,Positive,1
2025-12-25 23:19:36,untuk saat ini mulai oke nih aplikasi... pertahankan terus,Positive,1
2025-12-25 23:19:36,apknya susah loading parah nyampe beli kuota tetep parah loadingnya,Negative,0
2025-12-25 23:19:36,gampang,Positive,1
2025-12-25 23:19:36,Mantaf membantu dan mempermudah pelayanan mksh,Positive,1
2025-12-25 23:19:36,face recognition PAOK.ga bisa2. buang aja fitur ga guna ini.kalo sistem belum siap ga usah dipaksa. paok,Negative,0
2025-12-25 23:19:36,selama masih aman aja,Negative,0
2025-12-25 23:19:36,mantap,Positive,1
2025-12-25 23:19:36,good,Positive,1
2025-12-25 23:19:36,"lupa pin tapi harus verifikasi nomor, tapi nomor belum verifikasi, mau daftar tapi di suruh verifikasi, muter² jadi pusing",Negative,0
2025-12-25 23:19:36,apk paling buruk sedunia,Negative,0
2025-12-25 23:19:36,"buat akun nya,ko susah udah dua hari masih belum bisa juga,",Negative,0
2025-12-25 23:19:36,sudah beberpakali gal bisa bisa masuk aneh padahal jaringan bagus maen game bagus cuma aplikasi jkn berat gak bis masuk parah 🤮🤮🤮🤮,Negative,0
2025-12-25 23:19:36,Mana kode otp nyaa,Negative,0
2025-12-25 23:19:36,memuaskan,Positive,1
2025-12-25 23:19:36,aplikasi busyuk! sering banget error saat mau dibuka. resiko ploduk pemerintah anggaran doang gede tapi hasilnya zonk.,Negative,0
2025-12-25 23:19:36,oke,Positive,1
2025-12-25 23:19:36,mantap,Positive,1
2025-12-25 23:19:36,"aplikasi sampah ,, udah ditf kelamaan masuknya ,, diterima bank ,, trus kapan masuk ke apknya dasar apk sampah udah gabisa discreenshot gabisa di salin ,, emang gaada yang bener apk milik negara",Negative,0
2025-12-25 23:19:36,"kenapa kok gagal mulu pas bagian masukan alamat, padahal aku udah ngikutin yang di ktp",Negative,0
2025-12-25 23:19:36,bagus,Positive,1
2025-12-25 23:19:36,terima kasih,Positive,1
2025-12-25 23:19:36,"ey ini verifikasi nomor hp data pesertanya tolong bnerin disuruh milih tapi kaga ada popup pilihan nya, bagian teknisi aplikasinya mana ini verifikasi nya dongok kaga ada tombol nya",Negative,0
2025-12-25 23:19:36,"saya mengubah faskes prosesnya cepat, klik klik klik langsung sudah bisa dirubah. terimakasih",Positive,1
2025-12-25 23:19:36,amazing,Positive,1
2025-12-25 23:19:36,👍👍,Positive,1
2025-12-25 23:19:36,Membantu,Positive,1
2025-12-25 23:19:36,aplikasi ini sangat mendukung...mungkin bisa dimaksimalkan lagi untuk semua fiturnya,Negative,0
2025-12-25 23:19:36,mudah digunakan ok,Positive,1
2025-12-25 23:19:36,"ada satu pertanyaan, kalau yang daftar bukan pesertanya langsung, lalu bagaimana dia bisa tahu sandi yang dibutuhkan untuk masuk, kenapa tidak dibuat sesederhana nik dan nomor kis yang ada di kartunya saja yang digunakan untuk masuk, maksudnya daripada dibuat seperti untuk masuk ke aplikasi media sosial, kenapa tidak dibuat seperti itu, toh akhirnya dengan seperti itu, bukannya satu orang cuma bisa satu akun saja, berbeda dengan media sosial, cobalah untuk lebih cerdas.",Negative,0
2025-12-25 23:19:36,fast respon,Positive,1
2025-12-25 23:19:36,mjkn mempermudah saya untuk melakukan pemeriksaan ke rs.,Positive,1
2025-12-25 23:19:36,ok bagus,Positive,1
2025-12-25 23:19:36,mantap,Positive,1
2025-12-25 23:19:36,jos,Positive,1
2025-12-25 23:19:36,sangat bagus,Positive,1
2025-12-25 23:19:36,good,Positive,1
2025-12-25 23:19:36,gajelas apk nya benerin lagi sana,Negative,0
2025-12-25 23:19:36,aplikasi yang sangat membantu dan mempermudah proses pendaftaran,Positive,1
2025-12-25 23:19:36,"saya sudah daftar,, pas mau login harus daftar, ketika daftar, anda sudah terdaftar, ini gmna sih,, minta kirim kode otp buat verifikasi tidak di beri",Negative,0
2025-12-25 23:19:36,"parah bgt,mau login gagal terus, pasword salah,no NIK salah,parah bgt pokok pelayanannya!!!",Negative,0
2025-12-25 23:19:36,"Tolong diperbaiki fitur Autentikasi nya, di pendaftaran ngebolehin whitespace untuk password tapi ketika login tidak diperbolehkan. Kalau memang dari mobile nya mau pakai whitespace trimming, perbaiki validasi di BE nya. Sekarang saya tidak dapat login karena masalah ini. Tolong segera diperbaiki.",Negative,0
2025-12-25 23:19:36,mudah dan lancar,Positive,1
2025-12-25 23:19:36,top,Positive,1
2025-12-25 23:19:36,mudah dan praktis terimakasih jkn,Positive,1
2025-12-25 23:19:36,okeh,Positive,1
2025-12-25 23:19:36,dendan RITL Lma smpai 1 bulan 15hri lma bnget,Positive,1
2025-12-25 23:19:36,mantap,Positive,1
2025-12-25 23:19:36,"saran saya supaya jadwal dokternya ada,sering saya ambil antrian tapi dokternya lagi cuti/sakit",Negative,0
2025-12-25 23:19:36,"Log out mulu, mana sering banget errornya.",Negative,0
2025-12-25 23:19:36,ok,Positive,1
2025-12-25 23:19:36,"apa sih 4J9, kalau gak masuk beberapa hari aja tiba tiba loh out sendiri. terus mau ganti sandi karna lupa aja GAK BISA!!! APAA SIII SITEM LU ITUUU BUSUK BANGET!",Negative,0
2025-12-25 23:19:36,"verifikasi wajah gagal terus, sudh uninstal beberapa kali tetap saja, menghambat saya ingin kontrol pasca operasi",Negative,0
2025-12-25 23:19:36,lemot verifikasi SMS tidak masuk 2 rusak,Negative,0
2025-12-25 23:19:36,ok bagus membantu masyarakat,Positive,1
2025-12-25 23:19:36,"ini gimana sih, verifkasi WhatsApp atau SMS gak bisa bisa,systemnya kurang hebat,berkali kali sampai seharian gak bisa bisa,di ulang lagi gak bisa lagi,hemm buang buang waktu aja 🤦😇",Negative,0
2025-12-25 23:19:36,"Mau daftar ajh susah banget, kembali terus, mau masuk akun ajh salah² terus padahal isi sesuai data yg terdaftar. Malah ribet",Negative,0
2025-12-25 23:19:36,sangat membantu terimah kasih,Positive,1
2025-12-25 23:19:36,mau login tapi kode otp tak pernah dikirim mohon perbaiki layanannya,Negative,0
2025-12-25 23:19:36,"alkhamdulillah,setelah ada jkn mobile msh kesehatan sangat membatu",Positive,1
2025-12-25 23:19:36,good,Positive,1
2025-12-25 23:19:36,Aplikasi yg bermanfaat bagi kesehatan,Positive,1
2025-12-25 23:19:36,sangat membantu,Positive,1
2025-12-25 23:19:36,susah login,Negative,0
2025-12-25 23:19:36,sangat puas,Positive,1
2025-12-25 23:19:36,gud aplikasen,Positive,1
2025-12-25 23:19:36,ok,Positive,1
2025-12-25 23:19:36,terima kasih,Positive,1
2025-12-25 23:19:36,bagus,Positive,1
2025-12-25 23:19:36,aplikasi uelek,Negative,0
2025-12-25 23:19:36,ada aja gangguan,Negative,0
2025-12-25 23:19:36,tolong di perbaiki aplikasi sering error,Negative,0
2025-12-25 23:19:36,SERING EROR,Negative,0
2025-12-25 23:19:36,sering error' ketika mau log in susah ny,Negative,0
2025-12-25 23:19:36,kenapa gak bisa di akses ya.,Positive,1
2025-12-25 23:19:36,"lemott,gabecus bikin apk,mau Regis aja susahh. ini kalo lagi sekarat suruh Regis dulu apk modelan gini keburu lewat",Negative,0
2025-12-25 23:19:36,malah nama mamak saya saya yg muncul,Negative,0
2025-12-25 23:19:36,yuhu semua mudah dan gampang,Positive,1
2025-12-25 23:19:36,sangat membantu,Positive,1
2025-12-25 23:19:36,aplikasi ini dulu sangat bermanfaat ... tapi sekarang ZONK ... login beberapa kali masa password salah terus ... mau coba ganti lewat via sms malah nggak bisa padahal nomer aktid lhoo ...,Negative,0
2025-12-25 23:19:36,mantap,Positive,1
2025-12-25 23:19:36,memudahkan pelayanan tanpa harus antri,Positive,1
2025-12-25 23:19:36,updatenya cepat dan memuaskan,Positive,1
2025-12-25 23:19:36,berobat menjadi lebih mudah,Positive,1
2025-12-25 23:19:36,Terima kasih sangat membantu,Positive,1
2025-12-25 23:19:36,keren sangat penting untuk menjaga,Positive,1
2025-12-25 23:19:36,Susah verifikasinya,Negative,0
2025-12-25 23:19:36,Apk tolol,Negative,0
2025-12-25 23:19:36,"log out otomatis, verifikasi melalui sms kode otp tidak masuk melalui email. email tidak terdaftar. Gaje banget Aplikasi pemerintah",Negative,0
2025-12-25 23:19:36,"tiba² logout sendiri disaat² kondisi genting, eror terus mulu nih apk. terus fungsi biar ga bisa di ss biar apaa??? biar gabisa ngasih bukti keluhan gitu kalo apk ini ada kendalanya??? hebaattt nutupinnya..... 👏👏👏",Negative,0
2025-12-25 23:19:36,membantu,Positive,1
2025-12-25 23:19:36,"bintang 1 krn tidak bisa login,, katanya akun tidak terdaftar giliran mendaftar malah kode referral tidak valid😑😑",Negative,0
2025-12-25 23:19:36,Alhamdulillah sangat terbantu dengan adanya aplikasi ini,Positive,1
2025-12-25 23:19:36,"semua sistem riweh!!! dl yg pntg dr faskes 1 keluar surat rujukan dan bs lgsg ke dkter Sp yg dituju , skrg hrus dftr lwt hp, iy kl lgsg bs,, tiba² akun logout mau masuk g bs gra² capcha ga muncul². Indonesia skrg riweh..sukanya mempersulit aja.",Negative,0
2025-12-25 23:19:36,"saya hanya menginstal app ini di 1 perangkat. kok bisa logout sendiri karena ""Login dari Perangkat yang lain"" ? padahal saya juga mengaktifkan fitur login pakai biometrik.! apakah app ini aman ?",Negative,0
2025-12-25 23:19:36,baru bikin belum tahu kelanjutannya,Negative,0
2025-12-25 23:19:36,Bagus,Positive,1
2025-12-25 23:19:36,sangat puas,Positive,1
2025-12-25 23:19:36,Pengoperasian aplikasi JKN sangat mudah dan praktis,Positive,1
2025-12-25 23:19:36,tidak bisa digunakan padahal internet lancar,Positive,1
2025-12-25 23:19:36,"Bintang 1 untuk aplikasi yg selalu gangguan, permintaan anda belum dapat di proses mulu. gaje bet dah",Negative,0
2025-12-25 23:19:36,belum pulih niih jkn,Positive,1
2025-12-25 23:19:36,"saya ksh bintang 4 dlu ya,klo boleh saran khusus yang lansia atau yg mngkin krng bs pake aplikasi ini,diksh cara pake verifikasi wajah atau sidik jari tanpa hrs log in dulu,kasihan mrka yg ga bs gunain tiap daftar klh trs sma yg udh biasa pke online",Negative,0
2025-12-25 23:19:36,"untuk daftar ke poli sering error,",Negative,0
2025-12-25 23:19:36,",selesai update apl malah tak bisa log in,NIK tdk terdaftar lah,apalah...",Negative,0
2025-12-25 23:19:36,memudahkan,Positive,1
2025-12-25 23:19:36,udah 2 hari susah banget buat login tlpn cs jga sama aja,Negative,0
2025-12-25 23:19:36,"makasih jkn ,,,,mudah. d gunakan",Positive,1
2025-12-25 23:19:36,Mempermudah dalam pelayanan kesehatan,Positive,1
2025-12-25 23:19:36,Sudah lebih stabil aplikasinya hanya data update RS belum sesuai.,Negative,0
2025-12-25 23:19:36,"cepat ,praktis",Positive,1
2025-12-25 23:19:36,terimah kasih...,Positive,1
2025-12-25 23:19:36,"Aplikasi ini penting ,untuk data penduduk,wilayah dan ber KTP DKI.",Negative,0
2025-12-25 23:19:36,"mobile jkn lagi kenapa ya setiap mau daftar pasti muncul ""poli tidak di temukan""... bulan Agustus pake mobile jkn lancar aja pas update kok begini",Negative,0
2025-12-25 23:19:36,pake jkn memudahkan untuk kontrol,Positive,1
2025-12-25 23:19:36,"NIK bener, pss bener, kok GAK BISA LogIn terus??? Suruh bayar tiap bulan tapi pelayanan kek gini??? Cuuiihhh",Negative,0
2025-12-25 23:19:36,aplikasi yang sangat baik,Negative,0
2025-12-25 23:19:36,"kenapa sih mau ambil nomor antrian di persulit, aplikasinya juga selalu keluar semenjak sudah di perbaharui. percuma aplikasi ini di buat kalo hanya untuk di persulit. ambil nomor antrian saja susahnya minta ampun, selalu gagal lah apalah. sangat jelek aplikasi ini, aplikasi juga jelek tidak berguna.",Negative,0
2025-12-25 23:19:36,sangat membantu,Positive,1
2025-12-25 23:19:36,"apk ga jelas,blm jadi sepenuhnya malah diluncurin mana verifikasi wajah udah 1000 kali ga bisa bisa",Negative,0
2025-12-25 23:19:36,masih bingung,Negative,0
2025-12-25 23:19:36,"buat apa ada aplikasi ini kalau ujung2nya tidak bisa di pakai, ambil nomor antrian saja selalu gagal, biar apa coba ada aplikasi ini, biar di lihat bapak presiden ya atau gimana, kan aplikasi ini nggak ada gunanya kenapa tidak di hapus saja, bikin emosi . katanya aplikasi ini memudahkan kita untuk ambil nomor antrian nyatanya hanya mempersulit. balasannya selalu mohon maaf atas tidak kenyamanannya blablabla, sudah tau bermasalah kenapa tidak cepat di perbaiki atau sekalian di hapus saja.",Negative,0
2025-12-25 23:19:36,mantap luar biasa,Positive,1
2025-12-25 23:19:36,"jujur kesel banget karena suka LOG OUT SENDIRI, jadi kalau urgent itu agak ribet, dan lagi padahal sudah mengaktifkan biometrik untuk login sebelum nya, tapi tetep aja pas LOG OUT SENDIRI gak bisa login pakai biometrik",Negative,0
2025-12-25 23:19:36,Sangat membantu masyarakat,Positive,1
2025-12-25 23:19:36,"apaan sih selalu log out, kalo mau log in susah, ganti password juga susah... katane mempermudah tapi ko ribet. tolong dongggg di perbaiki biar lebih jelas, jaman udah maju tapi ini ko masih amburadul",Negative,0
2025-12-25 23:19:36,mudah banget,Positive,1
2025-12-25 23:19:36,"mantap.. kalo bisa , lebih ditingkatkan lagi mengenai jaminan kesehatan bagi rakyat repubik indonesia ini PAK PRABOWO SUBIANTO",Positive,1
2025-12-25 23:19:36,diperbarui malah nambah g bener aplikasinya dan juga kalo pindah faskes sulit,Negative,0
2025-12-25 23:19:36,aplikasi ini sangatembantu dalam mengurus keperluan kesehatan keluarga terimaksih JKN,Positive,1
2025-12-25 23:19:36,sangat membantu,Positive,1
2025-12-25 23:19:36,Excellent,Positive,1
2025-12-25 23:19:37,ok,Positive,1
2025-12-25 23:19:37,susah daftar antrean online status gagal terus,Negative,0
2025-12-25 23:19:37,"apk aneh gabisa dipake susah buat login,padahal udah ferivikasi beberap kali",Negative,0
2025-12-25 23:19:37,lebih mudah pakai mobile jkn,Positive,1
2025-12-25 23:19:37,"kenapa sih sekarang jadi gabisa screenshot padahal butuh banget saya ga tinggal sama orang tua biasanya buat daftarin orang tua dari jarak jauh, nyusahin bgt kalo mau ningkatin keamanan ga gitu caranya..",Negative,0
2025-12-25 23:19:37,okeee,Positive,1
2025-12-25 23:19:37,tidak bisa di gunakan,Positive,1
2025-12-25 23:19:37,"susah banget mau login kembali. mana gak bisa di ss lagi aplikasinya, mau bikin pengaduan jadi susah. pokoknya serba susah.",Negative,0
2025-12-25 23:19:37,dengan adanya pendaftaran on line lebih cepat dan praktis.,Positive,1
2025-12-25 23:19:37,Good,Positive,1
2025-12-25 23:19:37,ok,Positive,1
2025-12-25 23:19:37,jgn sering ngebug dong,Positive,1
2025-12-25 23:19:37,betul betul membantu masyarakat yang tidak mampu,Positive,1
2025-12-25 23:19:37,"bagus.. cuma kadang"" suka keluar sendiri aplikasinya.",Positive,1
2025-12-25 23:19:37,"sering log out sendiri, jadi pas buka app nya harus log in lagi",Negative,0
2025-12-25 23:19:37,bagus,Positive,1
2025-12-25 23:19:37,Mantapp,Positive,1
2025-12-25 23:19:37,aplikasi mobile JKN emang ok,Positive,1
2025-12-25 23:19:37,"Aplikasi ribet, tiap mau dipakai harus login. Pakai fingerprint sering gagal katanya salah NIK. Dibikin mudah kayak WA aja bisa kan kalau mau pakai tinggal buka gak usah logan login segala. Dah gitu kalau mau pakai selalu diingetin menu-menu. Gak penting dan buang-buang waktu.",Negative,0
2025-12-25 23:19:37,sangat membantu biar cepat antrian,Positive,1
2025-12-25 23:19:37,"aplikasi sangat membantu, Alhamdulillah",Positive,1
2025-12-25 23:19:37,"aplikasi lama ga dipakai tiap mau berobat harus login lagi, harus ingat² paswordnya dan apalagi capchanya ga jelas sm sekali ulang terus. Mau simpan daftar berobat malahan wajib isi screening padahal badan sudah meriang pengen cepat minum obat malah kebanyakan ngisi data kayak ujian nasional saja. benar benar payah pelayanannya 👎",Negative,0
2025-12-25 23:19:37,mantablah,Positive,1
2025-12-25 23:19:37,memudahkan,Positive,1
2025-12-25 23:19:37,mantap,Positive,1
2025-12-25 23:19:37,bagus,Positive,1
2025-12-25 23:19:37,bagusss,Positive,1
2025-12-25 23:19:37,"saya kecewa karna selalu ke log out automatic terus saat mau masuk kembali gabisa emailnya salah, kata sandi salah, minta kode OTP juga ga bisa padahal saya sampe bayar orng buat balikkin akun saya pas udah balik malah ke log out lagi rugi saya bayar orang, saya kecewa banget aplikasi nya jadi JELEK DAN TIDAK BERGUNA",Negative,0
2025-12-25 23:19:37,"kenapa aplikasinya selalu keluar sendiri?? saya mau ambil antria selalu ada tulisan ""ANDA SEDANG OFFLINE"" tolong atasi masalah ini MOBILE JKN kenapa selalu keluar sendiri APLIKASINYA!! JUJUR SAYA KECEWA BERAT SAMA APLIKASI JKN INI!! KARNA TIDAK JELAS UNTUK SEKARANG INI!!",Negative,0
2025-12-25 23:19:37,seharusnya Apl ini memudahkan sekali untuk daftar antrian. tapi payahnya kebanyakan Logout apalagi kita lupa pasword payah ini payah yang tadinya buru buru jadi gugup gk karuan. perbarui lagi lah lebih mudah kita masuk apl gk kebnykan logoutnya,Negative,0
2025-12-25 23:19:37,pelayanan baik,Positive,1
2025-12-25 23:19:37,udah ada antrean tapi puskesmasnya ga buka jadi gimana dong tolong beri penjelasan padahal disaana sudah di tetap kan nomor antreannya jam berapa dan tinggal berapa orang lagi yang mau dilayani dokter tersebut,Negative,0
2025-12-25 23:19:37,"aplikasi nya ribet, susah dipake klo darurat",Negative,0
2025-12-25 23:19:37,"tiap bulan selalu log out otomatis,padahal hampir setiap hari di buka,dan setiap minggu di gunakan buat kontrol RS,,sedangkan bsok sudah waktu kontrol,dan apk ga bisa di gunakan,terus harus bagaimana dong?",Negative,0
2025-12-25 23:19:37,sangat membantu,Positive,1
2025-12-25 23:19:37,"sms verifikasi lamaaaa banget , udh 3 x gak nongol'' sms nya !!",Negative,0
2025-12-25 23:19:37,aplikasi ok,Positive,1
2025-12-25 23:19:37,sangnt berguna,Positive,1
2025-12-25 23:19:37,baik,Positive,1
2025-12-25 23:19:37,knp slalu tekeluar setiap mau di pakei slalu daptar ulang susah lagi,Negative,0
2025-12-25 23:19:37,bagus,Positive,1
2025-12-25 23:19:37,sangat puas,Positive,1
2025-12-25 23:19:37,lemot banget gustiii login mau liat antrian rujukan,Negative,0
2025-12-25 23:19:37,sangat membantu,Positive,1
2025-12-25 23:19:37,jadi lebih mudah dalam berobat .terimakasih jkn mobile 🙏🙏,Positive,1
2025-12-25 23:19:37,sangat membantu,Positive,1
2025-12-25 23:19:37,udah d update...pas masuk malah akun tidak terdaftar harus daftar ulang lagi.. udah d isi malah tidak terdaftar di disdukcapil...,Negative,0
2025-12-25 23:19:37,keren coy,Positive,1
2025-12-25 23:19:37,mantap,Positive,1
2025-12-25 23:19:37,ok,Positive,1
2025-12-25 23:19:37,"Aplikasi kecil, tapi butuh internet dgn speed yg besar..",Negative,0
2025-12-25 23:19:37,sangat puas,Positive,1
2025-12-25 23:19:37,sudah di update susah masuk,Negative,0
2025-12-25 23:19:37,semoga jadi makin lebih baik,Positive,1
2025-12-25 23:19:37,"kenapa sih mau ganti password email gak bisa dari SMS gak muncul muncul juga, padahal sinyal bagus. pake biometrik belom terdaftar katanya padahal sebelumnya bisa. kenapa sih apk pemerintah suka kek gini terus. sebelumnya jmo sekarang ini. padahal suka login terus.",Negative,0
2025-12-25 23:19:37,bagus,Positive,1
2025-12-25 23:19:37,bagus,Positive,1
2025-12-25 23:19:37,mantap,Positive,1
2025-12-25 23:19:37,anda blm memiliki rujukan dan surat kontrol.kenapa ya,Negative,0
2025-12-25 23:19:37,sangat membantu,Positive,1
2025-12-25 23:19:37,mobile kkn nya tindak bisa di login lagi,Negative,0
2025-12-25 23:19:37,mantap,Positive,1
2025-12-25 23:19:37,"sangat amat membantu,semua jadi lebih praktis,, terimakasih tetap pertahankan yaa",Positive,1
2025-12-25 23:19:37,"berobat di JEC mata Cinere malah di suruh bayar obat 7rts lebih,seharusnya gratis. gunaya nya bpjs itu apa????? malah di suruh bayar. brengsek lah parah dokter mata itu.",Negative,0
2025-12-25 23:19:37,"semakin hari apk ini semakin bagus,",Positive,1
2025-12-25 23:19:37,dari kemarin gak bisa dibuka,Negative,0
2025-12-25 23:19:37,"saya bingung mau lihat masa Surat rujukan di mobile jkn itu bagaimana caranya ya? soalnya pas saya lihat lihat fitur2nya tidak ada tulisan ""rujukan"" sesuai dengan perintah dari google 🙏",Negative,0
2025-12-25 23:19:37,aplikasi tolol data udah bener bilang gak sesuai sama data emangnya kk sayang bikin dari mna salah bikin sendiri orang bikin dari kelurahan,Negative,0
2025-12-25 23:19:37,"aplikasi yang sangat membantu, tidak merepotkan juga dan sangat menghemat waktu untuk tidak antri",Positive,1
2025-12-25 23:19:37,aplikasi yang sangat membantu,Positive,1
2025-12-25 23:19:37,"Selalu Log Out kalau update dan juga ngirim kode OTP lewat SMS di tunggu sampai lama pun gk ada menerima kodenya coba lewat email malah tertulis email tidak terdaftar... Aplikasi ini menyulitkan pengguna aja tidak ada solusi yang diberikan.. sangat di sayangkan yang seharusnya memudahkan pengguna malah menyulitkan pengguna mending balik ke awal aja tidak perlu ada aplikasi kalau tambah menyulitkan, jujur tidak ada maju²nya aplikasinya malah makin parah... 👎🏻",Negative,0
2025-12-25 23:19:37,terimakasih 💐💐💐,Positive,1
2025-12-25 23:19:37,Sangat Membantu,Positive,1
2025-12-25 23:19:37,mantab,Positive,1
2025-12-25 23:19:37,"kis saya do nonaktifkan, bagaimana cara untuk mengaktifkan kembali. mohon saran",Negative,0
2025-12-25 23:19:37,mudah digunakan,Positive,1
2025-12-25 23:19:37,minta kode otp lama,Negative,0
2025-12-25 23:19:37,good job,Positive,1
2025-12-25 23:19:37,kok banyak yg mengatasnamakan BPJS Kesehatan padahal diduga pencurian data??,Positive,1
2025-12-25 23:19:37,Untuk ubah² data sering error,Negative,0
2025-12-25 23:19:37,ribet amat mau daftar online ke pkm tapi banyak gangguan percuma ada jkn mobile ttep harus ngambil antrean ke faskes 1,Negative,0
2025-12-25 23:19:37,akses mudah..tk perlu ribet,Positive,1
2025-12-25 23:19:37,Bpjs Byk menolong warga Indonesia,Positive,1
2025-12-25 23:19:37,bagus banget respon cepat,Positive,1
2025-12-25 23:19:37,ok,Positive,1
2025-12-25 23:19:37,gmpang dan cepat,Positive,1
2025-12-25 23:19:37,bisa terbantu,Positive,1
2025-12-25 23:19:37,mantap,Positive,1
2025-12-25 23:19:37,aplikasinya sangat membantu,Positive,1
2025-12-25 23:19:37,"mau daptar onlen ko gagal terus,tidak terhubung ke server RS nya.padahal sudah di paskes rujukan.tolong apa kendala nya",Negative,0
2025-12-25 23:19:37,DULU kontrol ke puskesmas MUDAH. sekarang SULIT dan RUWET sejak muncul aplikasi ini. saya ucapkan TERIMA KASIH sudah MEMPERSULIT pendaftaran ke puskesmas.,Negative,0
2025-12-25 23:19:37,Login gagal terus,Negative,0
2025-12-25 23:19:37,sangat membantu,Positive,1
2025-12-25 23:19:37,"gw mo ss gakk bisa, nunjukin no antrian gak bisa karna screenshot ga BS mau Lo apa sih? gak smua org punya paket data. pertimbangkan itu sebelum bikin apps jelek kek gini!",Negative,0
2025-12-25 23:19:37,ok,Positive,1
2025-12-25 23:19:37,sangan bermanfaat,Positive,1
2025-12-25 23:19:37,"tolong fitur screenshot jangan di hapus, saya kalo buat laporan rujukan tidak muncul butuh buktinya, la kalo screenshot nya di hilangkan gimana saya ngasih bukti buat laporannya",Negative,0
2025-12-25 23:19:37,Bagus sistem nya sangat membantu terima kasih,Positive,1
2025-12-25 23:19:37,aplikasi jkn sering eror daftar Mulu payah harusnya dibuat muda masyarakat jangan dipersulit tolong jangan erorr trs aplikasinya,Negative,0
2025-12-25 23:19:37,"mudah digunakan, canggih dan jelas data dan menu yang di tampilkan",Positive,1
2025-12-25 23:19:37,ribet bnyak gangguan nya,Negative,0
2025-12-25 23:19:37,sangat bagus,Positive,1
2025-12-25 23:19:37,"aplikasi sudah tidak berguna, mau daftar antrian aja selalu dan terus bermasalah, cs jugak gak ada gunanya, laporan juga gak berguna, pokoknya nih aplikasi gak ada gunanya, bug dan selalu banyak masalah.",Negative,0
2025-12-25 23:19:37,kenapa makin ada pembaruan makin buruk? kenapa akun sering keluar akun ( logout server)? kenapa semakin lelet meskipun signal bagus? padahal Oktober sedikit nyaman loh tapi kenapa November sampai awal Desember banyak gangguannya?,Negative,0
2025-12-25 23:19:37,mantap,Positive,1
2025-12-25 23:19:37,Sangat membantu dalam mengurus BPJS tidak perlu ke kantor pusat,Positive,1
2025-12-25 23:19:37,Setelah di-update makin sulit untuk masuk atau login. sudah berulang2 tetap salah. entah lah harus bagaimana,Negative,0
2025-12-25 23:19:37,kenapa tagihan bulan desember 2025 2X lipat??? dan saya tidak ada denda apapun,Negative,0
2025-12-25 23:19:37,"JKN Mobile ini jangan sering logout terus lah, kasihan lansia2, orang2 gaptek atau orang2 yg gak punya smartphone harus numpang ke hp orang lain. Selain itu, gak bisa screen capture pula, pdhl sebelumnya bisa capture. Bukannya aplikasinya maju berkembang, malah mundur. Lebih baik developernya cek langsung ke lapangan, strugglenya kayak apa kalo lagi susah, emang keluarga kalian gak ada yg ngerasain pake aplikasi ini, balikan ke keluarga kalian klo lagi kesusahan.",Negative,0
2025-12-25 23:19:37,pelayanannya sangat bermanfaat dan membantu,Positive,1
2025-12-25 23:19:37,memuaskan sekali,Positive,1
2025-12-25 23:19:37,ga bisa masuk sering log out ..udh d benerin kekantor BPJS tetep ga bisa masuk ribett,Negative,0
2025-12-25 23:19:37,sangat membantu dan memudahkan,Positive,1
2025-12-25 23:19:37,baik,Positive,1
2025-12-25 23:19:37,sangat memudah kan untuk pelayanan kesehatan.,Positive,1
2025-12-25 23:19:37,logout otomatis mulu padahal gx pernah di logout. alhasil masukin sandi lupa lagi.,Negative,0
2025-12-25 23:19:37,aplikasi yg sangat membantu di eradigitalisasi,Positive,1
2025-12-25 23:19:37,agak ribet tapi cukup membantu,Positive,1
2025-12-25 23:19:37,aplikasi sampah ga guna. ga di logout malah nglogout sndiri. trus masuk ke akun malah ga ada tanggapan masuk email ga bisa otp kluar. ke no ga bisa masuk. aplikasi ga jelas. di saat di butuhkan malah membagongkan,Negative,0
2025-12-25 23:19:37,ok,Positive,1
2025-12-25 23:19:37,"error udah mau sebulan,,setiap kali masuk jawabanya coba kembali lagi,coba kembali lagi..itu aja terus.....",Negative,0
2025-12-25 23:19:37,"mobile Jkn sudah 2 hari ini down terus, tidak bisa masuk(login). buat antrian aja tidak bisa di akses, screen shot aja tidak bisa",Negative,0
2025-12-25 23:19:37,bagus apk nya simple,Positive,1
2025-12-25 23:19:37,bagus,Positive,1
2025-12-25 23:19:37,Mantap,Positive,1
2025-12-25 23:19:37,"app lemot,katanya mempermudah nyatanya gk bsa d pake karna lemot,lelet",Positive,1
2025-12-25 23:19:37,ke log out sendiri dan sering muncul notif pembaharua sandi,Negative,0
2025-12-25 23:19:37,"PAYAH. Sudah daftar dan sudah bisa login. Begitu beberapa hari tidak dibuka, harus daftar lagi. Sudah diimput username dan password yg benar, selalu dibilang salah. Inilah ciri khas layanan pemerintah. Bikin apa2 nggak pernah matang. PAAAYYAAAH.... Perbaiki dong... Jangan menyusahkan rakyat. Kenapa ya, kalau aplikasi pemerintah umumnya ngawur. Seperti tidak niat.",Negative,0
2025-12-25 23:19:37,"kenapa lagi ini aplikasi,,dikatakan sudah log out,, padahal logout dgn sendirinya,, pas masuk lagi gak bisa bisa ,, gimana mau daftar online ke poli kalo gini",Negative,0
2025-12-25 23:19:37,"disuruh verifikasi tapi semua opsinya gabisa, pake nomor katanya gaada, pake email gabisa, pake wajah gagal terus walau udh terang kaya disurga, tolong dimudahkan",Negative,0
2025-12-25 23:19:37,selalu logout sendiri katanya masalah device padahal aku cuma pake dan punya 1 hp + pas login ulang captcha nya lama banget,Negative,0
2025-12-25 23:19:37,Tolong ya apk nya sering log out sendiri,Negative,0
2025-12-25 23:19:37,"aplikasi aneh,mau daftar aja gak bisa,selalu tulisan offline",Negative,0
2025-12-25 23:19:37,"gangguan mulu, bela bela in ijin kerja malah gangguan",Negative,0
2025-12-25 23:19:37,sering gangguan ruwet mbulet,Negative,0
2025-12-25 23:19:37,"sampahhhh,asli apk sampah low bnget",Negative,0
2025-12-25 23:19:37,"kalo sekarang pendaftaran wajib pake aplikasi, tolong aplikasinya di benahi karna untuk proses login sangat lama. captha yg muncul sangat sangat lama",Negative,0
2025-12-25 23:19:37,"aplikasi dlogok,mau login susah bener,hapus aja",Negative,0
2025-12-25 23:19:37,parah nih BPJS aplikasi eror terus. tolong segera di perhatikan sistem. ini menyangkut orang sakit,Negative,0
2025-12-25 23:19:38,kode verifikasi sangat lama,Negative,0
2025-12-25 23:19:38,aneh sering terjadi susah login 🤔,Negative,0
2025-12-25 23:19:38,"APLIKASINYA MAKIN DIUPDATE MAKIN BANYAK BUG PARAH NI, HABIS UPDATE CAPTCHA ERROR, SEKALINYA LOGIN UNTUK AMBIL ANTREAN AJA LOADING MPE SUBUH..INI APLIKASI MILIK PEMERINTAH BUKAN? JANGAN KEK SAMPAH DONG, TOLONG.",Negative,0
2025-12-25 23:19:38,servernya error ya,Negative,0
2025-12-25 23:19:38,"tolong kalau bisa jgan loh out otomatis ,, loginnya lagi setengah m0dar......boss",Negative,0
2025-12-25 23:19:38,sering eror,Negative,0
2025-12-25 23:19:38,"harus login terus,captcha nya suka error, gabisa di ss untuk kebutuhan ke klinik,mohond diperbaiki",Negative,0
2025-12-25 23:19:38,loading lama capchta tidak keluar.,Negative,0
2025-12-25 23:19:38,"aplikasi muter muter terus, susah login padahal sinyal full",Negative,0
2025-12-25 23:19:38,"Untuk daftar akun baru, sangat menyulitkan pada verifikasi wajah untuk orang tua. Ada perintah untuk senyum, yang orang tua di atas 50 tahun wajahnya sudah tidak seekspresif itu. Sudah berusaha buat senyum tapi yaa terbatas gitu, dan gagal terus di verifikasi wajah. Harusnya bisa dengan verifikasi lainnya",Negative,0
2025-12-25 23:19:38,aplikasi busuk,Negative,0
2025-12-25 23:19:38,"ini captcha nya benerin, masa muter² doang ngga ada kata yang keluar",Negative,0
2025-12-25 23:19:38,"APALAHH CAPTCHANYAA ITUU LOHH, gk bisaa di generate padahal jaringan udah stabill, pas udahh isi capcha malahh""terjadi kesalahan"", tolongglahh benerin servernyaa!!!",Negative,0
2025-12-25 23:19:38,sering bermasalah aplikasi menyusahkan kasian orang yg tua2 yg tidak mengerti,Negative,0
2025-12-25 23:19:38,lemot,Positive,1
2025-12-25 23:19:38,"log out, masuk tidak bisa, error, anda sering device berbeda, tolong bgt ini apk BUMN gunakan anggaran untuk pelayanan semaksimal mungkin, pakai layanan yg pro",Negative,0
2025-12-25 23:19:38,logout lalu ketika login selalu error,Negative,0
2025-12-25 23:19:38,bosok,Negative,0
2025-12-25 23:19:38,Kesel banget ihh kalo ada pembaruan data atau mau daftar autodebit selalu eror cape,Negative,0
2025-12-25 23:19:38,"kenapa auto logout akun saya, padahal gak di apa apain dan gakbisa daftar antrian",Negative,0
2025-12-25 23:19:38,"Apk dari kepemerintahan semuanya ngeleg, kayak gak niat buat aplikasi.",Negative,0
2025-12-25 23:19:38,aneh ngga bisa daftar,Negative,0
2025-12-25 23:19:38,Ndlogok kode verifikasi malah kekirim ke nomor orang lain ki priye,Negative,0
2025-12-25 23:19:38,"mau ganti nomor HP aja nggak bisa padahal sudah mengisi syarat2 sesuai dengan arahan pandawa, tinggal klik proses selesai malah tulisan erorr field tanggal lahir belum diisi padahal dikolom tidak ada tulisan tanggal lahir. aneh",Negative,0
2025-12-25 23:19:38,Satpam Ramah..Jkn Mobile Mantap,Positive,1
2025-12-25 23:19:38,sangat bagus,Positive,1
2025-12-25 23:19:38,"data ada dua jiwa tapi tidak terbaca,, sering offline dan coba lagi",Negative,0
2025-12-25 23:19:38,sering eror masa harus log in Mulu Hadehhh,Negative,0
2025-12-25 23:19:38,Good,Positive,1
2025-12-25 23:19:38,"susah banget mau daftar login, sudah verifikasi email error ulang lagi, ulang lagi. sampai 10 kali belum berhasil. klo sakit parah gimana ini.",Negative,0
2025-12-25 23:19:38,cepat dan mudah,Positive,1
2025-12-25 23:19:38,"Aplikasi sering logout sendiri, mohon diperbaiki saya udh ngisi data buat antri malah keluar dan akhirnya datanya hilang harus ngantri lagi",Negative,0
2025-12-25 23:19:38,ribet pake online seperti ini pas mau di pake malah log out sendiri hrs daftar lagi ....pas mau daftar lg loading nya minta ampun malah error kalo yg sakit nya udah parah bgt keburu pingsan ini mah ngurusin dulu daftar online yg sering gagal terus menerus🤦🏻‍♀️,Negative,0
2025-12-25 23:19:38,mantap memudahkan pengguna,Positive,1
2025-12-25 23:19:38,masa setiap kali login harus verifikasi terus,Negative,0
2025-12-25 23:19:38,buruk.. tahu2 logout sendiri mau login susah amat padahal lg di butuh kan buat berobat... sekarang apa² kudu daftar online tp SDMny belum siap jd ruwet sendiri... remuk²..,Negative,0
2025-12-25 23:19:38,"JKN gak guna, udahmah lagi buru buru mau darurat di RS, gak bisa masuk log out terus, giliran bisa login malah gak bisa di gunain, bikin emosi. kalo belum siap pemerintah gak usah sok soan pake aplikasi segala macem, kalo sulit untuk di akses buat apa, cuma nyusahin.",Negative,0
2025-12-25 23:19:38,apk apa si ini sering banget eror.. mau digunakan juga bikin susah,Negative,0
2025-12-25 23:19:38,"pdhal kmrin udh login, tbtb hari ini logout sendiri. mau login lagi diblg offline terusss!!!!!",Negative,0
2025-12-25 23:19:38,"sering gak muncul putih terus layar nya, kebanyakan muter"", tiba"" keluar sendiri trs disuruh daftar ulang, saya sudah daftar online tapi gak kebaca di RS nya. tolong dibenarkan",Negative,0
2025-12-25 23:19:38,makin kesini makin susah di log in ngeleg,Negative,0
2025-12-25 23:19:38,APLIKASI KEBANYAKAN BUG GAJELAS NGEBANTU JUGA KAGA,Negative,0
2025-12-25 23:19:38,"aplikasi tersampah menurut gua yah ini, masak ke puskesmas daftar lewat aplikasi dulu ambil antrean sedangkan aplikasi lemot gk ngotak ujung2nya gak bisa data belum masuk yah terpaksa ikut umum biar cepet , plis kalau antri2 gak usah pakek aplikasi trobel gini",Negative,0
2025-12-25 23:19:38,kenapa ini aplikasi eror mulu saya mau bayar iuran loh malah log out teruss ampun parahh jelek bgt dari semalem masih aja begitu,Negative,0
2025-12-25 23:19:38,lemot,Positive,1
2025-12-25 23:19:38,aplikasi selalu lemot padahal jaringan bagus ANEH,Negative,0
2025-12-25 23:19:38,Sangat membantu dalam proses penangan kasus,Positive,1
2025-12-25 23:19:38,sangat membantu sekali,Positive,1
2025-12-25 23:19:38,tolong ini aplikasi engga bisa masuk,Negative,0
2025-12-25 23:19:38,"kode captcha tidak mau keluar, mohon solusinya. saya lupa password.",Negative,0
2025-12-25 23:19:38,"kenapa ya kok sering suruh login, pdahal sudah pernah login, masa 1 hari daftar login 3x 😭 itupun eror ndak bisa login",Negative,0
2025-12-25 23:19:38,"skrng apa2 harus pake JKN tp peforma nya kurang, menyulitkan kami pas mau registrasi 😌",Negative,0
2025-12-25 23:19:38,"login ajah keluar terus, ga bisa di akses👎",Negative,0
2025-12-25 23:19:38,"kalo habis perbaikan jaringan pasti aja logout sendiri akun nya, mau login juga gabisa karena server offline mulu, tolong lah di benerin servernya, orang mau berobat ambil antrian online jadi susah!!!!",Negative,0
2025-12-25 23:19:38,sinyal sudah oke tapi gangguan trus bahkan disaat mau daftar ke poli tidak bisa terhubung dengan rs dan server sering ke logout sendiri.,Negative,0
2025-12-25 23:19:38,"Halo, saya masih mengalami masalah update alamat di aplikasi. Setiap submit selalu batal. Mohon dibantu supaya alamat saya sesuai KTP. Terima kasih banyak",Negative,0
2025-12-25 23:19:38,"aplikasi ter ndk jelaa tahun ini, no hp sy d pke sm org gk tau itu siapa. smua2 d persulit, aplikasi ribet, nyusahin , ndk jelas...",Negative,0
2025-12-25 23:19:38,"lama, terus banyak error. kapan benernya Indonesia punya aplikasi begini mulu",Negative,0
2025-12-25 23:19:38,kenapa ya ahir2 ini gangguan trs aplikasinya.. trs suka ke logout sendiri. mau daftar loginyya lama banget . awalnya baik2 aja skrg2 banyak gangguannya,Negative,0
2025-12-25 23:19:38,selalu log out akun terus,Negative,0
2025-12-25 23:19:38,"keseringan di update mulu,,sampe lupa sandi ga bisa masuk,,mau berobat,,tolong jangan keseringan di update pak ,,jadi masuk lagi kalau mau pake berobat🤦",Negative,0
2025-12-25 23:19:38,mantap,Positive,1
2025-12-25 23:19:38,"sangat2 membantu,terima kasih",Positive,1
2025-12-25 23:19:38,mantap,Positive,1
2025-12-25 23:19:38,"mantap, thx aplikasi memudahkan pengguna",Positive,1
2025-12-25 23:19:38,"saya sudah terdaftar dan sering mengunakan aplikasi ini. eh di hari ini saya pakai, ntah mengapa pas masukdi beritahukan kataya saya belum terdaftar. saya masuk berkali2 tetapi hasilnya seperti yang tadi. tolong di respon dan di perbaiki aplikasi ini",Negative,0
2025-12-25 23:19:38,jelek aplikasi nya,Negative,0
2025-12-25 23:19:38,"susah banget mau login lagi, lupa sandi pas mau ngirim otp ke SMS nggak dikirim-kirim gimana sih, udah coba berkali-kali lagi",Negative,0
2025-12-25 23:19:38,"NGIRIM KODE OTP HARUS BERJAM"" GK TAU DARURAT",Negative,0
2025-12-25 23:19:38,ko bisa ratingnya 4.4 apk bobrok gini.. ga bisa daftar langsung hari H. emang kalo sakit bisa di rencanakan H-1 ?,Negative,0
2025-12-25 23:19:38,sangat puas,Positive,1
2025-12-25 23:19:38,sangat membantu,Positive,1
2025-12-25 23:19:38,Alhamdullilah membantu untuk segala hal yg bersifat darurat,Positive,1
2025-12-25 23:19:38,pengalaman saya dengan BPJS sangat membantu banget,Positive,1
2025-12-25 23:19:38,Bagus,Positive,1
2025-12-25 23:19:38,"perifikasi wajahnya sangat susah apaalgi untuk pasien struk,di suruh senyum sedangkan psien struk susah senyum..maaf jd aku kasih bintang 1dulu",Negative,0
2025-12-25 23:19:38,sangat mudah digunakan dan membantu kita untuk urusan kesehatan. terimakasih,Positive,1
2025-12-25 23:19:38,ok lah...,Positive,1
2025-12-25 23:19:38,"kenapa tidak bisa daftar online, selalu stuck loading di pilihan untuk setuju",Negative,0
2025-12-25 23:19:38,"selalu merepotkan ganti faskes harus menunggu 3 bulan setelah aktif harus menunggu bulan depan kalau kita lagi ngurusin orang tua atau pindahan apa nggak repot,, bisa mati dulu kita nunggu aktifnya kartu memang selalu merepotkan",Negative,0
2025-12-25 23:19:38,sangaaaat membantu trimakasih,Positive,1
2025-12-25 23:19:38,pin salah terus padahal sudah benar coba reset pin verifikasi email sampai krom 2 kali selama 1 jam lebih tidak masuk ke email,Negative,0
2025-12-25 23:19:38,mantep,Positive,1
2025-12-25 23:19:38,aplikasi yg mempersulit login.klo rasa belum siap pake sistem online lebih baik di tutup saja sistem online.klo benar siap tolong di permudah,Negative,0
2025-12-25 23:19:38,cuman lupa sandi aja butuh pulsa sama daftar juga butuh pulsa biar keluar SMS klo berobat jangan tanggung kasih liba 5 biji kgk kasih 10 kemarin tuh obat apa takut rugii hah ngaco heyy di baca ini kan dari pemerintah,Negative,0
2025-12-25 23:19:38,"bosss,gimana sih, selalu log out otomatis,mau log in g bisa²,mau daftarin ibu buat kontrol g bisa, diperbaiki donk,jangan mau duitnya doang,",Negative,0
2025-12-25 23:19:38,"bagus,wlpun smpt gagal untuk perubahan faskesnya.tp Alhamdulillah bisa mngkin krna kendala di hp atau jaringan",Positive,1
2025-12-25 23:19:38,terimakasih kasih jkn semoga bermanfaat bagi semua orang,Positive,1
2025-12-25 23:19:38,sangant membantu,Positive,1
2025-12-25 23:19:38,sangat membantu,Positive,1
2025-12-25 23:19:38,makin keren,Positive,1
2025-12-25 23:19:38,mempermudah layanan,Positive,1
2025-12-25 23:19:38,good,Positive,1
2025-12-25 23:19:38,"Setelah update habis daftar ke faskes pertama ko malah tidak bisa di screenshot padahal daftarkan untuk ortu yg domisili terpisah dengan kami, padahal sebelum update masih bisa screenshot",Negative,0
2025-12-25 23:19:38,ok,Positive,1
2025-12-25 23:19:38,good apps,Positive,1
2025-12-25 23:19:38,hari ini kenap ini app setiap kali mau login Eror terus,Negative,0
2025-12-25 23:19:38,"sering banget gangguan buat masuk aplikasi, gabisa terus padahal sinyal bagus, coba di hp lain sama aja gangguan terus , tolong diperbaiki agar tidak menyusahkan saat mau daftar online",Negative,0
2025-12-25 23:19:38,"Setelah diupdate kenapa sering banget eror ya, dan tiba² logout sendiri.",Negative,0
2025-12-25 23:19:38,"ini jkn lg kenapa dah? masa udah lewat dari jam pemeliharan sistem masih gk bisa dibuka? udah di update malah logut otomatis, pas daftar malah coba lagi. coba buka di perangkat lain tetep sama aja. jadi apa yang dipelihara sistem kalo sistemnya aja masih aneh. sinyal oke malah gak bisa",Negative,0
2025-12-25 23:19:38,kenapa JKN mobile dari kemarin tidak bisa digunakan. padahal istri saya besok pagi harus kontrol dan daftar antrian online di apk.,Negative,0
2025-12-25 23:19:38,"udah tau nomer ktp panjang masih aja di suruh nulis buat login, come on jgn persulit pengguna dg selalu login, saya sudah login tapi tiba-tiba ke logout dan harus mencari nomer ktp buat login, jgn persulit apa yang seharusnya bisa dipermudah, cukup login via email yang sudah tersambung dengan akun, atau kalau cari data aman (ya walaupun udah diperjualbelikan) ya setidaknya tidak membuat rumit",Negative,0
2025-12-25 23:19:38,"Setiap tanggal 1 selalu terkena bug ya aplikasinya, pas mau daftar online. jangan paksa sesuatu hal yang sekiranya mempersulit warga indonesia yang mau sehat !!!",Negative,0
2025-12-25 23:19:38,"logout sendiri, mau login susah. menghambat sangat...",Negative,0
2025-12-25 23:19:38,aplikasi eror Mulu gak bermutu banget mau digunain aja susah ribet,Negative,0
2025-12-25 23:19:38,"login aja susah amat, anak gua mau berobat woiiii gua bayar ini dari potong gaji buset dah perbaikin lagi server lu",Negative,0
2025-12-25 23:19:38,kenapa malam ini tidak bisa di akses ya mau log in kok susah terus muncul tulisn permintaan anda belum dapat di proses tunggu beberapa saat lagi... gitu terus,Negative,0
2025-12-25 23:19:38,"selalu keluar sendiri dari aplikasi giliran masuk susah gk bisa, dengan alasan sandi salah nmr nik jg salah...!! parah parah...!!!",Negative,0
2025-12-25 23:19:38,"Kenapa aplikasinya tidak bisa d buka selalu saja muncul notif aplikasi tidak bisa berjalan secara emulator mohon solusinya. aplikasi apan prcm ada aplikasi bpjs tp sllu eror,,, bikin susah",Negative,0
2025-12-25 23:19:38,sangat membantu,Positive,1
2025-12-25 23:19:38,"saya lupa kata sandi,di suruh lewat email knp g ada email yg masuk,udh berulang ulang kali tp tetap j g ada masuk kode nya,ini gimana apk nya..sangat sangat menyebalkan kan",Negative,0
2025-12-25 23:19:38,"aplikasi sering error gak bisa masuk, aplikasi nggak jelas... kenapa aplikasi pemerintah kebanyakan nggak jelasnya sih",Negative,0
2025-12-25 23:19:38,"gausah byk penjelasan, intinya ""RIBET""",Negative,0
2025-12-25 23:19:38,sering eror sendiri,Negative,0
2025-12-25 23:19:38,bermasalah login,Negative,0
2025-12-25 23:19:38,bagus,Positive,1
2025-12-25 23:19:38,"mau login kok gak bisa bisa muncul tulisan permintaan ada saat ini tidak dapat di proses silahkan coba lagi terus, udah di coba berkali kali sama aja gimana ini,biasanya lancar lancar aja kirain dari wifi giliran di pindah pake data sama aja",Negative,0
2025-12-25 23:19:38,"dah lah males, software pemerintahan g ada yang bener.",Negative,0
2025-12-25 23:19:38,"mau booking antrian gak bisa, kenapa ini?",Negative,0
2025-12-25 23:19:38,aplikasinya tolong dibenahi,Negative,0
2025-12-25 23:19:38,mau cek aplikasi giliran login salah pasword pake cara lupa sandi tp tidak dapat di proses terus padahal sinyal bagus email terdaftar apk yg mempersulit ini mah,Negative,0
2025-12-25 23:19:38,"gimana ini orang mau daftar online, gabisa dari tadi",Negative,0
2025-12-25 23:19:38,"parah bgt server nya, sering down, buat login aja susah, najis bgt",Negative,0
2025-12-25 23:19:38,"saat mau digunakan ""permintaan anda belum dapat di proses,silahkan mencoba beberapa saat lagi. [1].Mohon maaf atas ketidaknyamanan Anda"" gini banget ya aplikasinya...",Negative,0
2025-12-25 23:19:38,"login tidak bisa padahal NIK sudah betul, pasword juga sudah betul. tapi kenapa tidak bisa login keterangannya coba beberapa saat lagi tapi sudah 2 hari dicoba login, masih saja tidak bisa login solusinya gimana admin",Negative,0
2025-12-25 23:19:38,tidak bisa login sama sekali,Negative,0
2025-12-25 23:19:38,aplikasi nya tambah eror aja percuma di update lah jujur saya kecewa dengan hal ini,Negative,0
2025-12-25 23:19:38,"sering banget ya eror sekarang apk nya, sering minta update/ di perbarui, tapi kualitas masih di bawah standar",Negative,0
2025-12-25 23:19:38,Abis di update malah gabisa masuk akun,Negative,0
2025-12-25 23:19:38,sangat sangat menyedihkan dan menyulitkan kami yg sudah lansia dan menghabiskan energi serta menguras pikiran. mau daftar kontrol ke antiran online ke faskes tingkat lanjut selalu Error dan selalu di persusah atau di persulit.. kami kecewa sekali dengan sistem nya. kami sudah sakit dan kami sudah lelah utk berobat di tambah kami bayar setiap bulan BPJS malah begini... tolong pak Kemenkes Budi dan kalian semua apakah hati nurani dan perikemanusiaan kalian masih ada? hati2 hukum karma di kalian.,Negative,0
2025-12-25 23:19:38,"APLIKASI PEMERINTAH KOK BOBROK GINI, KALO GA BISA KERJA MUNDUR AJA JANGAN NYUSAHIN ORANG. HABIS UPDATE MALAH KELUAR MESTI LOGIN ULANG MAKSUDNYA APA.....?",Negative,0
2025-12-25 23:19:39,"Aplikasi lemot , padahal jaringan bagus",Negative,0
2025-12-25 23:19:39,kenapa punya saya ngak bisa di buka,Negative,0
2025-12-25 23:19:39,"sering eror, apa kurang anggaran buat aplikasi nya ya sekelas lembaga negara",Negative,0
2025-12-25 23:19:39,"kenapaaaaa.,...sudah 2minggu eror melulu gmn kami berobat",Negative,0
2025-12-25 23:19:39,"kasih rat 1 dululah.. susah bnget masuk_nya, padahal kuota full ""permintaan anda belum dpt d proses, silahkan mencoba bbrp saat lagi.."" udah 1 minggu gitu mulu, padahal cuma maw lihat kartu buat bayar tagihan",Negative,0
2025-12-25 23:19:39,"Aplikasi sampah yg pernah dibuat pemerintah. Mau daftar aja susah banget. Coba lagi terus. susah bener mau berobat gratis, giliran pake uang cepet layanan nya",Negative,0
2025-12-25 23:19:39,kenapa aplikasinya sekarang susah buat di pakai ya.. di buat daftar ke faskes gak bisa-bisa.. padahal sudah di perbarui..?? ntah smakin ribet / apa ya..,Negative,0
2025-12-25 23:19:39,Bpjs sering bangat gangguan pada saat tanggal genting. pas mau bayar tagihan sering kali layanan sedang gangguan. menjijikkan sekelas BUMN kualitas begini.,Negative,0
2025-12-25 23:19:39,ga bisa login ga paham lagi deh sama aplikasi ini email nya sudah sesuai. nomor hp sudah sesuai. sidik jari udah didaftarin. login error terus segera diperbaiki deh. ini aplikasi buat kesehatan. jangan sampe masyarakat kesulitan buat hal hal yg kaya begini,Negative,0
2025-12-25 23:19:39,"he apk JKN nek g niat memadai gae APK g usah gawe APK, sering eror sering gangguan, prosese angel",Negative,0
2025-12-25 23:19:39,"udah beberapa kali login tapi masih aja ""permintaan anda belum dapat diproses"" padahal kata sandi dan nik juga udah bener semua,jaringan juga lancar,tolong dong dibenerin lagi!",Negative,0
2025-12-25 23:19:39,"JKN mobile kalau update , jangan paksa keluar masukin lagi susah ke akun",Negative,0
2025-12-25 23:19:39,maaf mobile jkn saya kok susah login ya saya sudah minta verifikasi buat login selalu gagal ya,Negative,0
2025-12-25 23:19:39,"gabisa daftar, coba lagi terus",Negative,0
2025-12-25 23:19:39,susah daftarnya,Negative,0
2025-12-25 23:19:39,"astaqfirullah... huhhhh.!!!! kenapa sih,tiap hbs updet harus login ulang,bkin naik darah aja...login ggal terus sekali d cek d apk gak ada tagihan gak taunya kena denda",Negative,0
2025-12-25 23:19:39,"kenapa bisa keluar sendiri,, dan ketika login kembali terjadi eror eror berkali2, padahal no kk password serta chapta udah benar,",Negative,0
2025-12-25 23:19:39,mau daftar aja captcha nya ngubah2 Mulu elaahhh,Negative,0
2025-12-25 23:19:39,"masa kuota banyak ,wifi lancar tapi di aplikasi aku lagi offline gimana sih araraneh semuanya",Negative,0
2025-12-25 23:19:39,saat daftar coba berapa saat lagi terus.. payah,Negative,0
2025-12-25 23:19:39,tidak bisa log in udah 1 bulan eror gangguan terus,Negative,0
2025-12-25 23:19:39,"aplikasi busuk, mau daftar gk bisa, login gk bisa, tolong di perbaiki dong, urgent bos,",Negative,0
2025-12-25 23:19:39,"aplikasi broken sering logout sendiri, harusnya cepat di perbaiki aplikasi layanan publik kok gini",Negative,0
2025-12-25 23:19:39,"sering gangguan gak jelas,sering logout",Negative,0
2025-12-25 23:19:39,kalo malam selalu gangguan..,Negative,0
2025-12-25 23:19:39,error tidak bisa login,Negative,0
2025-12-25 23:19:39,selalu ada bug dan setiap update ... login pakai biometrik selalu tidak bisa,Negative,0
2025-12-25 23:19:39,"MAU BEROBAT SURUH DAFTAR ONLINE, TAPI APK NYA AJA JELEK BGT, GA BISA BUAT DAFTAR, SEBEL BGT",Negative,0
2025-12-25 23:19:39,Aplikasi tidak berfungsi sama sekali. segala macam layanan tidak berjalan,Positive,1
2025-12-25 23:19:39,aplikasi apa udah masuk log out otomastis. masuk lagi sulit... bikin emosi ini aplikasi..,Negative,0
2025-12-25 23:19:39,semakin kesini update masuk jkn mobile jadi susah apa yang praktis setalah di update malah gak bisa login gmana masuk kode nya aja cuma mutar2 kaya roda capta nya gak ada cuma muter2 bagaimana tolong di review lagi apk nya,Negative,0
2025-12-25 23:19:39,mau merubah data ada di jam jam tertentu,Negative,0
2025-12-25 23:19:39,kalo nyuruh update tolong dibikin user interface nya tetep stay login . tiap minta update selalu minta login ulang.pdhl aplikasi nya nggak berfungsi kayak mbanking yg mesti kudu login logout.tolong dibuat tetap login meskipun update! nggak semua yang make itu orang muda.kasian lansia yg kesulitan.,Negative,0
2025-12-25 23:19:39,sangat baik menurut saya layak untuk dipertahankan dan tidak ada iklan yg mengganggu,Negative,0
2025-12-25 23:19:39,APLIKASI DI REVIEW BALESANNYA CUMA MOHON MAAF DOANG TAPI PERBAIKANNYA LAMBAT BANGET..,Negative,0
2025-12-25 23:19:39,"Min, background nomor KTP sama jam online nya bisa di hilangkan tidak, karena bikin pusing",Negative,0
2025-12-25 23:19:39,"akun sudah terdaftar, pas pencet lupa sandi buat bsa benerin sandi, malah akun tidak ada, gmana sih, jelek aplikasinya giliran daftar ulang ngomongnya akunnya udh ada, pas dicoba lagi tetep ga bsa",Negative,0
2025-12-25 23:19:39,good,Positive,1
2025-12-25 23:19:39,ga bisa masuk susah.🤦tolong dipermudah jangan dipersulit.,Negative,0
2025-12-25 23:19:39,ruwet bpjs sekarang faskes minggu tutup ada orang sakit di bawa ke igd katanya tidak parah orang lemes kayak gitu,Negative,0
2025-12-25 23:19:39,sangat membantu sekali,Positive,1
2025-12-25 23:19:39,"mau login pun sulit no sudah di gunakan, ganti no baru pun sama saja tidak bisa login jga. jadeh🤦",Negative,0
2025-12-25 23:19:39,sangat membantu,Positive,1
2025-12-25 23:19:39,Krn bs dipakai untk liat riwayat penyakit,Negative,0
2025-12-25 23:19:39,mantap,Positive,1
2025-12-25 23:19:39,mudah bagi pemula,Positive,1
2025-12-25 23:19:39,sangat membantu mudah digunakan,Positive,1
2025-12-25 23:19:39,sangat membantu,Positive,1
2025-12-25 23:19:39,verifikasi wajah makin ribet.,Negative,0
2025-12-25 23:19:39,sangat bembantu.trimakasih,Positive,1
2025-12-25 23:19:39,nice,Positive,1
2025-12-25 23:19:39,Hp tidak di root dan tidak dibuka melalui emulator tpi terdeteksi seperti itu dan tidak bisa dibuka,Negative,0
2025-12-25 23:19:39,"di update bukannya nambah bagus ini malah jadi log out dan harus masuk lagi. giliran udah masuk suruh daftar auto debit padahal pembayaran gak harus pake debit aja yg penting orang itu bayar mau pake jasa apa aja juga yg penting sebelum jatuh tempo sudah terbayarkan. tolong aplikasi jangan di bikin ribet tiap verifikasi waktu 300detik itu juga harus ngulang karena no verifikasi gak muncul"" lewat SMS , jadinya terus di ulang"" smpe 5x pun itu no verifikasi gak muncul"", harus di permudah lagi deh .",Negative,0
2025-12-25 23:19:39,mantap aplikasinya,Positive,1
2025-12-25 23:19:39,bintang berbicara,Negative,0
2025-12-25 23:19:39,kenapa habis update malah akun ke Log Out?,Negative,0
2025-12-25 23:19:39,bagus cukup membantu,Positive,1
2025-12-25 23:19:39,sangat membantu,Positive,1
2025-12-25 23:19:39,Mobile JKN mudah di gunakan dan membantu dalam hal apapun,Positive,1
2025-12-25 23:19:39,dgn adanya JKN terrbantu sekali utk masalah kesehatan kita,Positive,1
2025-12-25 23:19:39,"alhamdulillah berkah. klw berobat tibang batuk, pilek2 ma waras ke klinik BMC dan puskesmas gratis. alhamdulillah mintanya biar pada sehat terus... terimakasih.....",Positive,1
2025-12-25 23:19:39,mantap,Positive,1
2025-12-25 23:19:39,"gak bisa masuk karena lupa pasword dan saya daftarnya kan pakai no.hp dan email saya sendiri knp gak bisa masuk harus pakai no.hp suami dan email suami ini sudah 3x gagal masuk pakai no.hp sendiri,gmn ini pdahal mau buat ambil no.antrean di RS",Negative,0
2025-12-25 23:19:39,sangat membantu,Positive,1
2025-12-25 23:19:39,jkn trbaik sukses sll,Positive,1
2025-12-25 23:19:39,bagus bgt sangat membantu,Positive,1
2025-12-25 23:19:39,sudah sangat baik metodenya,Positive,1
2025-12-25 23:19:39,hebatt sangat membantu,Positive,1
2025-12-25 23:19:39,GMANA YA INI MAU AMBIL ANTRIAN KOK TULISANNYA PERMINTAAN TIDAK DIIZINKAN.UDAH HUBUNGIN BPJS DI EMAIL GX MEMVANTU,Negative,0
2025-12-25 23:19:39,memudahkan,Positive,1
2025-12-25 23:19:39,Good,Positive,1
2025-12-25 23:19:39,bagus cepat dan akurat,Positive,1
2025-12-25 23:19:39,aplikasi ribet.. otp harus pakai plza,Negative,0
2025-12-25 23:19:39,"aplikasi ini sangat membantu, terutama jika mau daftar periksa di Faskes, walaupun masih antri tapi sudah dapat nomor ketika daftar online",Negative,0
2025-12-25 23:19:39,aneh setelah di update kok malah keluar. harus daftar lagi,Negative,0
2025-12-25 23:19:39,aplikasi burik mau ganti password Ama no hp yg ga aktif aja ribet,Negative,0
2025-12-25 23:19:39,tunggu orang mati dulu baru berubah.?,Negative,0
2025-12-25 23:19:39,sangat membantu sekali,Positive,1
2025-12-25 23:19:39,jln ok,Positive,1
2025-12-25 23:19:39,"tiap bulan ke logout sendiri mau login lagi tapi dipersulit, ada ada saja bikin sistem.",Negative,0
2025-12-25 23:19:39,selama ini lumayan bagus,Positive,1
2025-12-25 23:19:39,mudah,Positive,1
2025-12-25 23:19:39,"Sangat disayangkan sekarang aplikasi tidak bisa melakukan screenshoot. Cuma mau kasih tahu kalau BPJS karyawan, satu akun dipakai untuk sekeluarga. Mustahil kalau tiap anggota keluarga, terutama anak-anak harus pasang aplikasi sendiri? Seringkali anggota keluarga lain saat kepala keluarga bekerja. apa iya harus pasang di HP lain? Jadi nggak praktis harus Log in-Log Out berulangkali.",Negative,0
2025-12-25 23:19:39,"tidak ada layanan pengaduan,ketika mau masuk dan sebelumnya memasukan nik,ps ,sudah di masukan tapi masih tidak bisa ,sudah di coba lebih dari 3 kali giliran begini tidak ada cs yg bisa di hubungi karena harus masuk terlebih dahulu",Negative,0
2025-12-25 23:19:39,aplikasi mydah banget,Negative,0
2025-12-25 23:19:39,"apk sangat bermanfaat,Krna sudah bisa melakukan pemindahan kis lewat online tanpa harus ke bpjs",Negative,0
2025-12-25 23:19:39,sangat membantu,Positive,1
2025-12-25 23:19:39,Bikin susahhh hidupp. saya mau buatkan akaun anak saya. keluar masuk teruss. di ulang2 verivikasi wajahnya mau 100 kali krna keluar2 terusss. apk ndk bergunaaaa. bikin susah hidupp saja,Negative,0
2025-12-25 23:19:39,keren,Positive,1
2025-12-25 23:19:39,aplikasi bagus,Positive,1
2025-12-25 23:19:39,sangat terbantu,Positive,1
2025-12-25 23:19:39,keren sekali,Positive,1
2025-12-25 23:19:39,terbaik,Positive,1
2025-12-25 23:19:39,mudah digunakan,Positive,1
2025-12-25 23:19:39,"nyusahin banget daftar nya. verif pakai sms, ga masuk masuk otp sms nya. mau verif pakak email hrus verif dlu pakai sms. mau verif muka malah ga ke detect trus. Buat aplikasi ini sebenrnya untuk menolong atau untuk menyusahkan penggunanya???. tolong dipermudah lagi untuk verifnya. ga semua pbjs full gratis, saya juga bayar tiap bulannya!",Negative,0
2025-12-25 23:19:39,semakin baik,Positive,1
2025-12-25 23:19:39,Bagus,Positive,1
2025-12-25 23:19:39,"chaptca tidak terbuka,hanya loading saja",Negative,0
2025-12-25 23:19:39,Lumayan,Positive,1
2025-12-25 23:19:39,aplikasinya sangat membantu sekali,Positive,1
2025-12-25 23:19:39,terbantu👍👍,Positive,1
2025-12-25 23:19:39,Alhamdulillah berkah,Positive,1
2025-12-25 23:19:39,baik,Positive,1
2025-12-25 23:19:39,mempermudah pasien,Positive,1
2025-12-25 23:19:39,hp jadul ini gak bisa buka JKM,Negative,0
2025-12-25 23:19:39,bagus,Positive,1
2025-12-25 23:19:39,sanggat bermanfaat bagi masyarakat,Positive,1
2025-12-25 23:19:39,sangat membantu,Positive,1
2025-12-25 23:19:39,membatu,Negative,0
2025-12-25 23:19:39,sangat bermanfaat dan mempermudah pengguna..,Positive,1
2025-12-25 23:19:39,gooooooooood,Positive,1
2025-12-25 23:19:39,rata rata aplikasi dari pemerintahan eror muluu heran banget,Negative,0
2025-12-25 23:19:39,toplah,Positive,1
2025-12-25 23:19:39,good,Positive,1
2025-12-25 23:19:39,"aplikasi ini sangat bermanfaat,",Positive,1
2025-12-25 23:19:39,sangat membantu untuk berobat,Positive,1
2025-12-25 23:19:39,apk sampah.. mau kirim kode verifikasi aj gak bisa.. sudah tiga hari gak bisa2,Negative,0
2025-12-25 23:19:39,"g bs mau masuk ato daftar, captcha nya g keluar yg ada muter² terus, pasti nanti balesan nya( mohon maaf atas ketidak nyamanan.....) jngn gt terus jawab nya harus nya d perbaiki se bagus mungkin",Negative,0
2025-12-25 23:19:39,bagus lah. mudah g usah datang ke kantor,Positive,1
2025-12-25 23:19:39,bagus sekali,Positive,1
2025-12-25 23:19:39,"jangan di bikin log outt sendiri ,, kocaakkk",Negative,0
2025-12-25 23:19:39,"min, setelah di update knp GK bisa login,dg alasannya nik dan password salah",Negative,0
2025-12-25 23:19:39,"aplikasi apaan ga bisa masuk, mau liat status pembayaran juga ga bisa. kalian kerja atau main main sih?",Negative,0
2025-12-25 23:19:39,👍👍,Positive,1
2025-12-25 23:19:39,mudah diakses dan digunakan,Positive,1
2025-12-25 23:19:39,thx...,Positive,1
2025-12-25 23:19:39,"mohon kepada pihak JKN, usulan dari saya jika bisa tanpa batas untuk perpindahan faskes, bebas kaoan saja untuk pindah faskes sesuai kita inginkan. terimakasih",Positive,1
2025-12-25 23:19:39,aplikasi bagus dan dapat membantu sekali,Positive,1
2025-12-25 23:19:39,mau nanya min.. saya kan udah nikah mau masukin istri gimna prubahan data nya kk baru alamat juga baru,Negative,0
2025-12-25 23:19:39,sangat mudah dan membantu,Positive,1
2025-12-25 23:19:39,mudah,Positive,1
2025-12-25 23:19:40,good,Positive,1
2025-12-25 23:19:40,"aplikasi pemerintah nggak ada yg bagus emang, sering log out sendiri -_-",Negative,0
2025-12-25 23:19:40,kerenn.. sangat membantu,Positive,1
2025-12-25 23:19:40,"rumit, pss sdh betul di salahkan juga",Negative,0
2025-12-25 23:19:40,"selalu log out otomatis, dan susah untuk login lagi. terlebih kalau mau ganti kata sandi susahnya minta ampun",Negative,0
2025-12-25 23:19:40,"Punya aplikasi malah makin mempersusah. permintaan ambil antrean susah, kena batas max pengambilan antrean sebagainya, padahal datang ke klinik bisa (tp jadi susah karna dikasih no paling akhir, gimana kalo anak kecil yg mau berobat ) telp cs berkali-kali selalu diputus di tengah obrolan padahal sinyal bagus , suara cs juga jelas... ga ngerti lagi.",Negative,0
2025-12-25 23:19:40,aplikasi mudah dimasuki siapapun tanpa izin.dan sekarang udah nga bisa buka mobile jkn lagi nga tau kenapa,Positive,1
2025-12-25 23:19:40,mantap,Positive,1
2025-12-25 23:19:40,sangat membantu dan mempermudah lsyanan,Positive,1
2025-12-25 23:19:40,"bagus, sistemnya juga user friendly",Positive,1
2025-12-25 23:19:40,oke,Positive,1
2025-12-25 23:19:40,"aplikasi apaan ini, verifikasi wajah gak bisa disuruh masukin no hp juga no nya udh dipke orang lain, padahal gak pernah sekalipun daftar bener bener aneh ni aplikasi tau gitu mah gak ush download anj.",Negative,0
2025-12-25 23:19:40,Sangat baik,Positive,1
2025-12-25 23:19:40,harus di update melulu,Negative,0
2025-12-25 23:19:40,"sering sekali kisruh dimasalah pembayaran,.baru 2 Minggu yg lalu saya pakai periksa dan bisa..bgt bulan depan tau-tau harus bayar 2 bulan 🫣..dan di aplikasi JKN mobile muncul teks merah terkena RITL (tidak bisa dipakai rawat inap s/d 19 Januari 2024. poinnya yg saya ingin sampaikan: BPJS itu menyangkut nyawa tolong kelola dgn baik.kl negeri ini sudah busuk..busuk aja tp tolong kalo fasilitas kesehatan jgn dibusukkan!",Negative,0
2025-12-25 23:19:40,aplikasi bagus sangat membantu saya👍,Positive,1
2025-12-25 23:19:40,Masya Allah sangat membantu terimakasih 🙏🏻,Positive,1
2025-12-25 23:19:40,"saya sangat kecewa. Hanya untuk verifikasi akun saya yang ingin diganti nomor tidak bisa. ini sistem operasi software dan layanannya gimana sih, negara bayar untuk begini tapi untuk urus akun saja tidak bisa, tidak becus. saya sangat kecewa dan tidak nyaman untuk menggunakan layanan seperti ini.",Negative,0
2025-12-25 23:19:40,kenapa nggk bisadaftarr. no nik belum terdaftar mksudnya gimna,Negative,0
2025-12-25 23:19:40,sumpah ini aplikasi bikin emosi . SMS otp ga bisa masuk SMS . cuma buat reset sandi susahnya setengah mati untung gue ga penyakitan kalo penyakitan udh mati duluan gegara gabisa reset sandi,Negative,0
2025-12-25 23:19:40,ok,Positive,1
2025-12-25 23:19:40,bagus sih kalau buat saya,Positive,1
2025-12-25 23:19:40,entah sdh brpa kali download ni apk ndk bisa2 daftar nya,Negative,0
2025-12-25 23:19:40,sangat membantu waktu,Positive,1
2025-12-25 23:19:40,sangat mudah,Positive,1
2025-12-25 23:19:40,sangat membatu,Negative,0
2025-12-25 23:19:40,sangat membantu,Positive,1
2025-12-25 23:19:40,bagus,Positive,1
2025-12-25 23:19:40,Sangat membantu,Positive,1
2025-12-25 23:19:40,"aplikasi ruwet, suka log out sendiri saat daftar lagi ribet gagal terus padahal semua udah bener....",Negative,0
2025-12-25 23:19:40,nyusain,Positive,1
2025-12-25 23:19:40,kenapa saya tidak menerima kode verifikasi,Negative,0
2025-12-25 23:19:40,"kepada yth bpjs kesehatan dan kemeterian kesehatan ,kemarin saya ingin meminta surat rujukan lanjut ke rumah sakit terkait untuk ibu saya yang sudah tdk bisa dibawa kemana mana karena penyakitnya kanker payudara tolong dong pak/ ibu yth , kita ini cuma mau minta surat rujukan pasien sudah ngeluh kesakitan tiap hari ini harus dibawa ke rs sakit hanya untuk meminta rujukan saja , tolong di perbaikin sistemnya pak/ibu untuk yang seperti ini , jangan mempersulit kami dengan peraturan seperti itu ,",Negative,0
2025-12-25 23:19:40,halo kak kenapa klo ngisi surve ngak bisa di konfirmasi?padahal kan ini bertujuan meningkatkan kinerja RS juga kan?,Negative,0
2025-12-25 23:19:40,"baik , tingkatkan pelayanan untuk kepuasan pelanggan",Positive,1
2025-12-25 23:19:40,akurat mantap,Positive,1
2025-12-25 23:19:40,gampang dan mudah,Positive,1
2025-12-25 23:19:40,sangat membantu,Positive,1
2025-12-25 23:19:40,call center buruk fasilitas suara buruk customer service tidak ramah dan tidak sabar kalo ngerasa gamau keeja jadi customer service resign aja gaada tanggung jawabnya sebagai karyawan khas apk pemerintah,Negative,0
2025-12-25 23:19:40,"UNTUK APLIKASI JKN, TOLONG KALAU MAU KIRIM KODE OTP JANGAN PAKAI PULSA, KARENA MENYULITKAN UNTUK VERIFIKASI KODE, KALAU BISA PENERIMAAN KODE OTP NYA PAKAI WHATSAPP SAJA, DAN TOLONG APLIKASI JKN NYA DI PERBAHARUI LAGI DAN HAPUS SISTEM LOG OUT OTOMATIS DI APLIKASI JKN NYA, TERIMAKASIH",Negative,0
2025-12-25 23:19:40,baguss sekali terimakasih,Positive,1
2025-12-25 23:19:40,"mau daftar tapi, bilangnya nomor ada sudah digunakan peserta lain",Negative,0
2025-12-25 23:19:40,sangat membantu,Positive,1
2025-12-25 23:19:40,ok,Positive,1
2025-12-25 23:19:40,"Bagus, mudah, informative",Positive,1
2025-12-25 23:19:40,lebihh gampang dan sangat membantu,Positive,1
2025-12-25 23:19:40,"Aplikasi yang tidak jelas, untuk perubahan data pribadi saja sangat susah. diberi link perubahan begitu upload langsung halaman nya nge-freeze telepon Call center, dibilang tidak ada kendala jika tidak ada kendala saja fasilitas yang diberikan seperti ini, apakah lagi ada kendala..????",Negative,0
2025-12-25 23:19:40,"Aplikasi lama diganti dg yang baru,akan tetapi susah untuk login, padahal sdh diisi dg benar no.kartu bpjs, email,password, capcha.",Negative,0
2025-12-25 23:19:40,bagus,Positive,1
2025-12-25 23:19:40,"sangat menyusahkan, pas daftar mau berobat no hp tidak terdaftar terus, minta kode otp juga di persulit.",Negative,0
2025-12-25 23:19:40,"apl penting tapi kebnyakan error.. suruh daftar lagi, pasword sudah di simpan tapi salah terus.. gimana mau mempermudah masyarakat yang ingin berobat? apl kalo sudah terdaftar jangan lah pengikihan terus menerus..",Negative,0
2025-12-25 23:19:40,"habis donlod gk bsa di pk,selalu log out .sekrng mlh gk bisa masuk menu.entah kenapa.... redmi not7",Negative,0
2025-12-25 23:19:40,oke bgt,Positive,1
2025-12-25 23:19:40,"hilangkan saja fitur ambil antrian di aplikasi, karna kalau sudah sampai di faskes tetap harus ambil antrian manual, jadi kalau boleh hapus saja. ga berfungsi. manual is the king",Negative,0
2025-12-25 23:19:40,"heran saya dengan aplikasi ini, ini progam milik pemerintah loh!!! tapi buat kode OTP nya bener2 gak profesional, di ulang2 berkali2 tetep OTP gk masuk! saya lihat banyak juga di sini yang mengeluhkan soal logout sendiri dan kode OTP gak masuk2, tapi tetap saja gak di benahi",Negative,0
2025-12-25 23:19:40,salam sehat sejahtera...terimakasih JKN sangat memudahkan dan memuaskan,Positive,1
2025-12-25 23:19:40,"saya mau komplain masalah eror jadi saya setiap daftar ambil antrian online mesti eror mesti ga bisa tapi pas diulang udah itu udah ada notif sudah didaftarkan sedangkan pas ditampilkan awal belum ada nomer antrian kita, masih di *ambil nomer antrian* pdhl tadi sudah terdaftar tapi ga muncul nomer antriannya. coba dikompalin ke cs biar di atasin malah ga bisa huuu",Negative,0
2025-12-25 23:19:40,Kenapa ga bisa Download ( perangkat anda tidak kompatibel dengan versi ini) katanya,Negative,0
2025-12-25 23:19:40,pake mobile jkn di puskesmas malah lama banget. yang didahulukan yang daftar langsung ke loket.,Negative,0
2025-12-25 23:19:40,mantullll,Positive,1
2025-12-25 23:19:40,berbelit belit,Negative,0
2025-12-25 23:19:40,sangat membantu,Positive,1
2025-12-25 23:19:40,Mantab,Positive,1
2025-12-25 23:19:40,"Bagus dan mempermudah masyarakat agar tidak perlu repot ke faskes, bisa ambil antrian dari aplikasi, cuma ada yang ingin saya sampaikan, pengambilan antrian hanya dapat dilakukan saat admin faskes sedang bekerja, jika diperkenankan, admin dapat stay 24 jam, minimal setiap hari online, karena terkadang masyarakat juga ingin ambil antrian online pada saat libur, apalabila admin selalu online, saya yakin dapat lebih meringankan masyarakat yang ingin berobat, itu saja pesan dari saya, semoga sukses.",Negative,0
2025-12-25 23:19:40,pendafatarannya gampang😇,Positive,1
2025-12-25 23:19:40,"untuk info pelayanan pelayanan, tidak ada riwayat medis untuk anggota keluarga hanya peserta utama yang ada.",Positive,1
2025-12-25 23:19:40,oke,Positive,1
2025-12-25 23:19:40,"kenapa harus logout terus, nik benar pasword benar masih gk bisa masuk juga. giliran pake lupa kata sandi hrs pake pulsa",Negative,0
2025-12-25 23:19:40,"lupa password, maklum aki aki. Tolong kasi tau bagaimana cara ganti password. terima kasih",Negative,0
2025-12-25 23:19:40,update ny lama,Negative,0
2025-12-25 23:19:40,"Cukup membantu, beberapa pelayanan administrasi bisa dilakukan melalui aplikasi jadi tidak perlu ke kantor, bisa lebih efisien",Positive,1
2025-12-25 23:19:40,"aplikaai sulit digunakan, kita pengguna tiap kali login sulit, entah capcha pasword atau salah NIK. aplikasi yg seharusnya mudah digunakan. tp klo aplikasi ini bisa dipergunakan mesti kembali login dari awal.",Negative,0
2025-12-25 23:19:40,"aplikasi ini kadang sulit untuk login,padahal kita udah sakit pengen cepat-cepat daftar eh malah harus login berulang-ulang!mana yg no nik salah lah padahal udah bener,nanti login lagi pasword salah,login lagi no capcha salah!tolong dong di perbaiki lagi,kita punya aplikasi ini kan untuk memudahkan pendaftaran ketika berobat,tapi malah di persulit untuk login nya",Negative,0
2025-12-25 23:19:40,setiap mau buka app ini harus di reinstall dlu.,Negative,0
2025-12-25 23:19:40,sangat mmbntu dn memudahkan segala urusan tentang jkn,Positive,1
2025-12-25 23:19:40,ketika saya bertanya cepat dijawab,Positive,1
2025-12-25 23:19:40,mudah di gunakan dan sangat membantu,Positive,1
2025-12-25 23:19:40,sangat² membantu dan mempermudah,Positive,1
2025-12-25 23:19:40,Untuk buka aplikasi masih perlu verifikasi melalui nomor telepon. Mau ubah nomor hp harus melalui WhatsApp Pandawa. Tapi di Pandawa tidak bisa ubah nomor hp. Ampun sulit bgt sekarang mau akses di mobile jkn. Klo harus ke cabang BPJS semua jauh.,Negative,0
2025-12-25 23:19:40,mempermudah urusan d Rs,Positive,1
2025-12-25 23:19:40,"kak saya mau tanya, kan saya mau ambil no antrian online di app mjkn, tapi ada keterangan untuk pasien baru harus rekam medik dulu di faskes tujuan. nah, saya udah konfir ke faskes tujuan dan sudah dilakukan rekam medik katanya silahkan kembali ke app utk ambil no antrian, tapi kok di app keterangan suruh rekam medik di faskes tujuan dulu itu masih muncul. knp ya?",Negative,0
2025-12-25 23:19:40,setiap buka slalu gagal coba lagi..pdhal jaringan bagus... ganti sandi konfirmasi lewat SMS gagal terus,Negative,0
2025-12-25 23:19:40,berguna bagi masyarakat,Positive,1
2025-12-25 23:19:40,mau ubah data email aja ribet g bisa bisa,Negative,0
2025-12-25 23:19:40,mantap,Positive,1
2025-12-25 23:19:40,payah. hp hilang no gk ada emil lupa. mau di updet harus datang ke kantor cabang. kalah sama pinjol jir.,Negative,0
2025-12-25 23:19:40,"sangat membantu untuk keperluan berobat,pindah faskes,daftar berobat dll",Positive,1
2025-12-25 23:19:40,top,Positive,1
2025-12-25 23:19:40,sangat membantu dalam perubahan data peserta dan lainnya,Positive,1
2025-12-25 23:19:40,"perubahan data gagal melulu, niat apa ngga ! mau bayar ko dipersulit ?",Negative,0
2025-12-25 23:19:40,diupdate malah jadi ribet masuknya,Negative,0
2025-12-25 23:19:40,oke banget,Positive,1
2025-12-25 23:19:40,di indonesia pelayanan sangat buruk terutama bpjs. orang kaya dan orang biasa sangat berbeda jauh. saya sakit gigi berlubang sakit selama 1bln masih suruh menunggu 1 bln lagi dan saya kalau di hitung sudah minum obat selama 1 bln lebih. tapi tidak ada tindakan dengan alasan sesuai antrian tapi kalau bayar bisa langsung di tangani. sebobrok ini pelayanan di indonesia,Negative,0
2025-12-25 23:19:40,"maaf kak, mau tanya. Ini aplikasinya sudah saya install di hp dan sudah log in. Misal saya log out, kemudian saya daftar baru utk buat akun yg tidak satu KK dg saya apakah bisa?",Negative,0
2025-12-25 23:19:40,Kenapa kok riweh amat ya. Saya dan keluarga berjauhan. tp tidak bisa screenshot Kartu JKN ataupun kirim via email Kartu nya. Padahal anak tertanggung saya. Update software jangan nyusahin donk. Email orang tua ga bisa di pake untuk anak. Mikir donk kalo buat Aplikasi. jangan nyusahin,Negative,0
2025-12-25 23:19:40,pelayanan online nya cepat mantap teruskan,Positive,1
2025-12-25 23:19:40,aplikasi mudah digunakan. tetapi sekarang tidak bisa di screenshot lagi. padahal memudahkan kami untuk mendaftarkan orang tua yang masih gaptek akan aplikasi. mohon pembatasan screenshot khususnya pendaftaran antrian dapat seperti dahulu. terimakasih,Negative,0
2025-12-25 23:19:40,semoga lebih di permudah lagi,Positive,1
2025-12-25 23:19:40,bagus skrg gercep,Positive,1
2025-12-25 23:19:40,Keyakn minta update ..payah bangettt,Negative,0
2025-12-25 23:19:40,susah akses,Negative,0
2025-12-25 23:19:40,sangat membantu,Positive,1
2025-12-25 23:19:40,sangat cepat dan mudah,Positive,1
2025-12-25 23:19:40,sangat membantu mempermudah pendaftaran,Positive,1
2025-12-25 23:19:40,susah mulu mau daftar online,Negative,0
2025-12-25 23:19:40,sangat membantu,Positive,1
2025-12-25 23:19:40,kenapa gk bisa daftar pdahal sbelumnya bisa kok,Negative,0
2025-12-25 23:19:40,log in updat log in gagal ini itu nkin pusing gimna klw lagi dalurat kita yg d salah kn aplikasi kyak gini bkin nyusahin sekarang nambah lagi masa pasen hrus ngisi dulu sakit apa berat badan berapa tinggi berapa emng setiap orang punya timbangan badan emng harus pnya meteran buat ukur badan ribet cek aya yg biasa langsuk d tanya sakit apa keluhan nya apa oleh docternya langsung inimah klw mau ambil no antrian harus ini dulu. mending klw yg pegang aplikasi hp nya ada di rumah gimna klw lagi jauh,Negative,0
2025-12-25 23:19:40,bagus dan sangat mudah,Positive,1
2025-12-25 23:19:40,bagus,Positive,1
2025-12-25 23:19:40,"kenapa di aplikasi tidak sinkron jadwal nya dengan faskes? sy mau ke poli gigi, di hari sabtu jam 3. saya coba daftar responnya bad request mulu, sy konfirmasi ke faskes nya ternyata tidak ada layanan. Tolonglah, klo ada perubahan atau perbedaan jadwal kasih informasi di aplikasinya. jangan kasih respon bad request terus. dan kasih info Tutup. ini mah jadwal masih ada, trs info nya BUKA.",Negative,0
2025-12-25 23:19:40,Ok membantu sekali,Positive,1
2025-12-25 23:19:41,ok,Positive,1
2025-12-25 23:19:41,memudahkan peserta BPJS,Positive,1
2025-12-25 23:19:41,sangat membantu,Positive,1
2025-12-25 23:19:41,kemudahan,Positive,1
2025-12-25 23:19:41,"haduh gimana sih mau masuk lupa kata sandi pas mau di ubah sandinya melalui email , email-nya sudah bener tapi kata aplikasinya salah , pakai nomer hp kode nya GK masuk2",Negative,0
2025-12-25 23:19:41,sangat membantu bagi rakyat indonesia ko,Positive,1
2025-12-25 23:19:41,sangat membantu sekali,Positive,1
2025-12-25 23:19:41,jos,Positive,1
2025-12-25 23:19:41,sangat membantu,Positive,1
2025-12-25 23:19:41,membantu sekali,Positive,1
2025-12-25 23:19:41,"mantap, mempermudah cek data",Positive,1
2025-12-25 23:19:41,pelayanan bagus dan petugas Rama,Positive,1
2025-12-25 23:19:41,aplikasi nya sangat cepat,Positive,1
2025-12-25 23:19:41,"Sy merubah kelas di aplikasi JKN, sangat mudah & cepat. Terima kasih",Positive,1
2025-12-25 23:19:41,mantap lah,Positive,1
2025-12-25 23:19:41,"ini gimana sih min? saya baru mau coba daftar aplikasi mobile jkn (karena mau berobat) dengan nomor wa saya, keterangannya nomor sudah dipakai peserta lain. padahal saya belum pernah daftar dan anggota keluarga saya gada yang pakai nomor saya. padahal nomor yang saya daftarkan di aplikasi mobile jkn adalah nomor saya satu satunya. dan masih saya pakai sampai saat ini. sedangkan faskes ditempat saya mengharuskan ambil antrian melalui aplikasi mobile jkn ini. mempersulit jadinya kalo begini.",Negative,0
2025-12-25 23:19:41,baikkkk,Positive,1
2025-12-25 23:19:41,bagus mantap,Positive,1
2025-12-25 23:19:41,bagus,Positive,1
2025-12-25 23:19:41,Good,Positive,1
2025-12-25 23:19:41,bagus,Positive,1
2025-12-25 23:19:41,info riwayat pelayanan kenapa tidak berfungsi?,Positive,1
2025-12-25 23:19:41,sangat bagus,Positive,1
2025-12-25 23:19:41,lebih memudahkan,Positive,1
2025-12-25 23:19:41,mantab,Positive,1
2025-12-25 23:19:41,lancar,Positive,1
2025-12-25 23:19:41,bagus dan sangat membantu,Positive,1
2025-12-25 23:19:41,"Alhamdulillah di permudah pakai aplikasi ini, selama ini okeoke aja tidak ada kendala 🙏👍",Negative,0
2025-12-25 23:19:41,bagus,Positive,1
2025-12-25 23:19:41,penanganan baik,Negative,0
2025-12-25 23:19:41,"menurut saya, kebijakan yg sekarang tidak bagus. yg datang duluan ke poli tidak dilayani duluan, melainkan harus menunggu nomor yg mendaftar duluan. kasian yg nomor pendaftaran terakhir tapi sudah datang duluan, menunggu semua yg baru datang untuk dilayani lebih dulu, membuang buang waktu",Negative,0
2025-12-25 23:19:41,oke,Positive,1
2025-12-25 23:19:41,"aplikasi,sangat membantu dan mempermudah dlm pelayanan kesehatan,bagi pesertanya.",Positive,1
2025-12-25 23:19:41,bagus dan cepat 🙏,Positive,1
2025-12-25 23:19:41,proses terlalu lama tidak profesional buang buang waktu kerjanya tidak terlihat perbaiki sistem perbaiki pelayanan perbaiki SDM contoh seperti perusahaan atau PT yang lebih profesional pelayanan lebih cepat,Positive,1
2025-12-25 23:19:41,mantaf,Positive,1
2025-12-25 23:19:41,Buruk dan Ruwet,Negative,0
2025-12-25 23:19:41,pindai muka tidak bisa,Negative,0
2025-12-25 23:19:41,baik sekali,Positive,1
2025-12-25 23:19:41,Bermanfaat,Positive,1
2025-12-25 23:19:41,top guys,Positive,1
2025-12-25 23:19:41,berguna,Positive,1
2025-12-25 23:19:41,ok,Positive,1
2025-12-25 23:19:41,baik,Positive,1
2025-12-25 23:19:41,bagus,Positive,1
2025-12-25 23:19:41,bagus,Positive,1
2025-12-25 23:19:41,sangat mudah di akses,Positive,1
2025-12-25 23:19:41,aplikasi mempermudah dalam pendaftaran berobat,Positive,1
2025-12-25 23:19:41,👍👍,Positive,1
2025-12-25 23:19:41,super,Positive,1
2025-12-25 23:19:41,"Mohon tingkatkan lagi dan lagi tingkat pelayanan menggunakan mobile JKN ini, agar semuanya merasa nyaman tanpa ada kendala lagi. Terimakasih.",Positive,1
2025-12-25 23:19:41,"aga ribet setiap mau pake selalu ke logout terus, ga cocok buat orang tua yang sering lupaan",Negative,0
2025-12-25 23:19:41,"alhamdulillah terbantu, jazaakumullah khoiron,-",Positive,1
2025-12-25 23:19:41,sangat suka sekali,Positive,1
2025-12-25 23:19:41,berobat lebih mudah,Positive,1
2025-12-25 23:19:41,buat saya sih sangat mmbntu sekali. walau bayar 35rb tiap bulan. yg pnting aman buat hari hari nya. trmksh ya JKN,Negative,0
2025-12-25 23:19:41,"aplikasi busuk, setelah updet login di persulit, udah klik lupa sandi kode 2 jam gak di kirim² mau berobat sulit amat keburu yang sakit mati",Negative,0
2025-12-25 23:19:41,terbaik mencari info,Positive,1
2025-12-25 23:19:41,sangat membantu,Positive,1
2025-12-25 23:19:41,ini kenapa tidak bisa ambil antrian online? udah jelas jelas faskes terdaftar tapi munculnya belum terekam sebagai pasien di faskes pertama. udh di klik malah ngebug tampilannya.,Negative,0
2025-12-25 23:19:41,"saat log in lagi gagal terus, NIK salah, password salah. Nyoba ganti dengan pilihan lupa password, gak bisa kirim OTP lewat email katanya email tidak terdaftar padahal sebelumnya sudah pernah verifikasi bahkan emailnya juga masih ada dikotak masuk. Dulu waktu awal install, daftar aja gak bisa pakai nomor hp yang aktif katanya sudah terpakai/terdaftar padahal gak pernah daftar. Jadi pakai no lain dan sekarang gak aktif, jadinya gak bisa verifikasi apapun. aplikasi macam apa lah ini",Negative,0
2025-12-25 23:19:41,sangat membantu,Positive,1
2025-12-25 23:19:41,semoga pada Sehat,Positive,1
2025-12-25 23:19:41,praktis mudah dan berguna bagi orang yang ingin berobat dengan cepat,Positive,1
2025-12-25 23:19:41,nih aplikasi kok lemot banget sih kok sering offline????????,Negative,0
2025-12-25 23:19:41,aplikasi sering error..udah daftar di poly jauh2 hari pas udah wktu mau kontrol malah antrian di batalkan otomatis..,Negative,0
2025-12-25 23:19:41,bagus,Positive,1
2025-12-25 23:19:41,kok punya saya sekarang jkn nya bermasalah ya tidak bisa bayar iuran bpjs kira kira kenapa ya?,Negative,0
2025-12-25 23:19:41,sangat membantu sekali,Positive,1
2025-12-25 23:19:41,gampang dan cepat,Positive,1
2025-12-25 23:19:41,semoga kedepannya pelayanannya jauh lebih baik dan bagus,Positive,1
2025-12-25 23:19:41,sangat membantu,Positive,1
2025-12-25 23:19:41,terbantu dan terimakasih..,Positive,1
2025-12-25 23:19:41,"Selalu log out sendiri, tiap bulan harus update aplikasi. pas mau ngecek data nya susah. udah masukin nik ktp sama catcha nya kirim kode otp masih pake nomor yang lama. tetep gak bisa log in. tolong di perbaiki lagi. soalnya saya mau ngecek tunggakan bpjs kesehatan nya jadi susah. terima kasih",Negative,0
2025-12-25 23:19:41,sangat mantap,Positive,1
2025-12-25 23:19:41,sangat berguna,Positive,1
2025-12-25 23:19:41,"mau beli kacamata pake BPJS dapet 330 ribu, harus pake rujukan ke dokter umum dan spesialis mata, pantes iuran BPJS naik terus buat bayarin dokter padahal tinggal ke optik yang ditunjuk BPJS kan simpel ga buang uang buat bayar dokter",Negative,0
2025-12-25 23:19:41,fitur layanan pada no Pandawa sangat2 tidak membantu sama sekali,Positive,1
2025-12-25 23:19:41,aplikasinya lemot,Positive,1
2025-12-25 23:19:41,baru pakai dan daftar pendaftaran sangat mudah,Positive,1
2025-12-25 23:19:41,mudah mengakses,Positive,1
2025-12-25 23:19:41,okey,Positive,1
2025-12-25 23:19:41,"mudah dan murah, semoga bermanfaat",Positive,1
2025-12-25 23:19:41,"ok banget, pindah faskes semudah klik",Positive,1
2025-12-25 23:19:41,"ini parah eror terus kuota penuh terus apa karna pake bpjs pemerintah,gmna kalo di vonis hari itu mati kalo ga berobat sedangkan harus ambil antrian lewat aplikasi ini tulisan kuota penuh,terus giliran GK pake bpjs pemerintah lancar",Negative,0
2025-12-25 23:19:41,mudah dan sangat membantu,Positive,1
2025-12-25 23:19:41,kesehatan jadi terintegrasi.. dri hulu sampai ke hilir.. digitalisasi system.. best app...,Positive,1
2025-12-25 23:19:41,alhamdulillah terbantu sekali dgn apk bpjs ini,Positive,1
2025-12-25 23:19:41,semoga pelayanan nya semakin baik.. meskipun pake BPJS,Positive,1
2025-12-25 23:19:41,terbaikkk,Positive,1
2025-12-25 23:19:41,mantab,Positive,1
2025-12-25 23:19:41,"Sekarang tidak bisa screenshot, tidak memudahkan bagi yg tidak punya kuota",Positive,1
2025-12-25 23:19:41,saya di tolak trs tidak bisa masuk krma kode yg angka itu,Negative,0
2025-12-25 23:19:41,bagus,Positive,1
2025-12-25 23:19:41,gimna si ini login 3x ga bisa masuk karna beda KK gmna caranya sih !!!,Negative,0
2025-12-25 23:19:41,"call center gak berkualitas. telpon berkali kali untuk pengaduan selalu terputus ketika menyebutkan nomor telpon/NIK. tidak pernah menemukan solusi. Kalau butuh pakai bpjs segera, tp pelayanan seperti ini bagaimana? Pasien dan nyawa manusia gk bs menunggu pelayanan yg lemot dan gak punya empati kayak gini. Pelayanan nol bgt.",Negative,0
2025-12-25 23:19:41,sangat membantu kelancaran rujukan rujukan,Negative,0
2025-12-25 23:19:41,alhamdulillah aplikasi jln sgt membantu tuk membuat janji temu dg dokter faskes 1 dan tingkat C,Positive,1
2025-12-25 23:19:41,menyusahkan,Negative,0
2025-12-25 23:19:41,"Call Center nya berbelit2 malah habis pulsa, tertulis GK d jawab ? Niat GK bikin aplikasi.",Negative,0
2025-12-25 23:19:41,makasih jkn,Positive,1
2025-12-25 23:19:41,okee,Positive,1
2025-12-25 23:19:41,bagus aplikasi TDK lemot,Positive,1
2025-12-25 23:19:41,good,Positive,1
2025-12-25 23:19:41,"Berkali kali Log out sendiri. setiap mau login password selalu salah. pilih lupa password , opsi email dan nomor yg sudah di daftarkan sejak lama ,masih di bilang belum sesuai dengan data di BPJS .",Negative,0
2025-12-25 23:19:41,mau login aja susah nya minta ampun apk parah .. gk guna,Negative,0
2025-12-25 23:19:41,terimakasih sangat membantu,Positive,1
2025-12-25 23:19:41,Aplikasinya ok,Positive,1
2025-12-25 23:19:41,oke sangat baik,Positive,1
2025-12-25 23:19:41,Mantappp,Positive,1
2025-12-25 23:19:41,Baik,Positive,1
2025-12-25 23:19:41,good,Positive,1
2025-12-25 23:19:41,sangat membantu,Positive,1
2025-12-25 23:19:41,mantap tanpa antri,Positive,1
2025-12-25 23:19:41,"Aplikasi ini dibuat untuk memudahkan peserta BPJS, tetapi dalam praktiknya justru sering menambah frustrasi. Aplikasinya sering error, lemot, dan tiba-tiba keluar sendiri, seolah tidak siap menangani jumlah pengguna yang besar. Proses login pun kerap gagal, membuat pengguna buang waktu hanya untuk masuk ke aplikasi. Jika aplikasi ini ingin benar-benar bermanfaat, pengembang harus berani melakukan perbaikan besar-besaran, bukan sekadar tambal sulam.",Negative,0
2025-12-25 23:19:41,"aplikasi gak jelas,gak berguna. sudah daftar masuk/login gak bisa. padahal sudah benar semua nik katasandi dll tapi ttp gak bisa masuk. uninstal. gak guna..!!",Negative,0
2025-12-25 23:19:41,Sangat baik,Positive,1
2025-12-25 23:19:41,Okey,Positive,1
2025-12-25 23:19:41,"kode verifikasi sulit sekali,orang sakit bisa bisa koma nunggu apk ini",Negative,0
2025-12-25 23:19:41,jkn mobile kok gak bisa diaKses knp ya? mau daftar kontrol jadi tidak bisa,Negative,0
2025-12-25 23:19:42,Sangat Membantu sekali,Positive,1
2025-12-25 23:19:42,"Sudah Banyak Perubahan, Semakin Baik",Positive,1
2025-12-25 23:19:42,good,Positive,1
2025-12-25 23:19:42,mantap dan sangat berguna,Positive,1
2025-12-25 23:19:42,Fitur screenshot nya balikin susah mau ngasih gambar kalo bini di kampung kita di perantauan,Negative,0
2025-12-25 23:19:42,v4.14.0 tidak bisa screenshot? setalah ambil no antrian jadi tidak bisa buat pegangan apalagi jika pengguna mobile jkn sedang tidak dengan pasien,Negative,0
2025-12-25 23:19:42,bagus lebih membantu,Positive,1
2025-12-25 23:19:42,mudah digunakan,Positive,1
2025-12-25 23:19:42,sangat membantu dan mudah di gunakan,Positive,1
2025-12-25 23:19:42,bagus,Positive,1
2025-12-25 23:19:42,pindah faskes akftifnya harus menunggu selama 1 bulan.. ribet ga sih? beginilah kalau asuransi tanpa kompetitor,Negative,0
2025-12-25 23:19:42,keren,Positive,1
2025-12-25 23:19:42,"passwordnya salah mulu bangkee, pdahal udah bener, nik udah bener, finger print nya buang aja itu gaguna bangke diklik gamau muncul... mau dipake malah gabisa udah tau ribet daftarnya harus pake jkn mobile. LU BENERIN LAH aplikasi berbasis pemerintah banyak gaberes nya.",Negative,0
2025-12-25 23:19:42,sangat mempermudah,Positive,1
2025-12-25 23:19:42,"Rakyat Sehat, Negara Kuatt,",Negative,0
2025-12-25 23:19:42,sangat membantu,Positive,1
2025-12-25 23:19:42,ribet kata kiwojo harusnya data sudah terintegrasi cukup nomor hp dan kode SMS saja beres.,Negative,0
2025-12-25 23:19:42,"bagus,top",Positive,1
2025-12-25 23:19:42,ok,Positive,1
2025-12-25 23:19:42,ok,Positive,1
2025-12-25 23:19:42,aplikasi merepotkan. pas mau akses sudah di RS malah log out. udh gitu masukkan sandi pdhl udh sesuai ttp salah terus. knp sih harus log out2 terus,Negative,0
2025-12-25 23:19:42,kenapa sih log out sendiri....gk bisa d gunakan keadaan darurat....ribeut harus login malah gagal terus,Negative,0
2025-12-25 23:19:42,sangat bermanfaat sekali,Positive,1
2025-12-25 23:19:42,"Halo seluruh staff mobile JKN dan peserta JKN, sehat selalu. Ada sedikit kesalahan (minor) di aplikasi Mobile JKN yaitu tombol menu ""SOS"" dan ""Tren Penyakit Daerah"" memiliki ikon yang sama. Mohon segera diperbaiki ya. Karena bisa jadi fatal ketika pengguna ingin melakukan panggilan SOS saat terjadi kecelakaan / kondisi medis darurat dsb. tetapi pengguna malah diarahkan ke tabel Tren Penyakit Daerah. Ironis dan lucu. Semoga lebih baik.",Positive,1
2025-12-25 23:19:42,bagus,Positive,1
2025-12-25 23:19:42,Aplikasi baik dan sangat memudahkan,Positive,1
2025-12-25 23:19:42,aplikasi ini membantu saya,Positive,1
2025-12-25 23:19:42,worth it,Positive,1
2025-12-25 23:19:42,"apk kalo bikinan indo udah pasti gini 🤦ngebug,macet,keluar"" sendiri, gak bisa login padahal anak pribumi banyak yg cerdass",Negative,0
2025-12-25 23:19:42,terbaik,Positive,1
2025-12-25 23:19:42,sangat luar biasa,Positive,1
2025-12-25 23:19:42,its good,Positive,1
2025-12-25 23:19:42,mantap pelayanannya,Positive,1
2025-12-25 23:19:42,bismillah,Positive,1
2025-12-25 23:19:42,Mantap,Positive,1
2025-12-25 23:19:42,mempersulit orang login,Negative,0
2025-12-25 23:19:42,sangat membantu,Positive,1
2025-12-25 23:19:42,parah aplikasinya sekarang sering banget loh out sendiri,Negative,0
2025-12-25 23:19:42,simpel penggunaan,Positive,1
2025-12-25 23:19:42,"mudah dan cepat, saya pindah faskes ga perlu ke kantor bpjs",Positive,1
2025-12-25 23:19:42,optimal,Negative,0
2025-12-25 23:19:42,"terimakasih apl ini sangat membantu sekali ,mempermudah pelayanan.",Positive,1
2025-12-25 23:19:42,mobile jkn mantap,Positive,1
2025-12-25 23:19:42,"agak bete, mau melakukan perubahan data karena di mobil JKN email sama no hape masih kosong karena bpjs yg skrg ngikut ke suami dari kantor, giliran veripikasi email bisa, pas no hape gak bisa², udah hub ke WA pandawa, ke menu Administrasi ket sistem sedang perbaikan🤦 akhirnya tlp ke call center 165, malah disuruh coba berkala, tp hasilnya tetep zonk di WA pandawa, bukannya mempermudah malah mempersulit dan dilempar², endingnya tetep harus ke kantor bpjs kesehatan terdekat.",Negative,0
2025-12-25 23:19:42,"Pelayanan BPJS itu babi..kita bayar tiap bulan tapi waktu mau daftar berobat ke poli ada batas waktu sampai jm 12 siang..stelah itu tutup..kalau gk kepotong gaji otomatis gak bakalan pakai BPJS""an..",Negative,0
2025-12-25 23:19:42,aplikasi nya sangat bagus,Positive,1
2025-12-25 23:19:42,bagus sangat membantu,Positive,1
2025-12-25 23:19:42,mantap,Positive,1
2025-12-25 23:19:42,masih ada kekurangan. kurang cepat layanannya.,Positive,1
2025-12-25 23:19:42,"semakin tidak jelas aplikasi ini, verifikasi semakin sulit, kamera entah kemana mana, lambat loading, dan bagi masyarakat yang gagap teknologi kek gini susah, bikin ribet.",Negative,0
2025-12-25 23:19:42,keren,Positive,1
2025-12-25 23:19:42,pengen pindah klinik susah gak bisa2...gmna ini min...soalnya rumah saya sudah pindah,Negative,0
2025-12-25 23:19:42,ini mw sampai kapan errroooorrr terussss???,Positive,1
2025-12-25 23:19:42,aplikasi yang mudah untuk keperluan dan sangat membantu.,Positive,1
2025-12-25 23:19:42,sangat baik,Positive,1
2025-12-25 23:19:42,"all good, mantaplah",Positive,1
2025-12-25 23:19:42,mau login capcha nya loading terus gak muncul,Negative,0
2025-12-25 23:19:42,verifikasi tidak bisa.. disuruh verifikas lewat sms yg keluar bukan nomo yg saya cantumin gimana mau verifikasi,Negative,0
2025-12-25 23:19:42,Good,Positive,1
2025-12-25 23:19:42,bagusss bangettt sempet erorrr namun ada orang baikkk,Negative,0
2025-12-25 23:19:42,aplikasi keren sekali,Positive,1
2025-12-25 23:19:42,"coba pak bu bikin aturan yang masuk akal, kita orang susah mau bikin Skck aja harus bikin bpjs , sedangkang bpjs setiap bulan bayar , kita bikin skck buat nyari kerja bukan buat bayar bpjs ,kerja aja belum dapet tapi tiap bulan harus bayar bpjs ,dulu ga seperti ini dulu mau bikin skck ga ribet pak bu, mau nyari kerja aja harus modal lagi gimana mau maju dengan aturan yang apa"" harus bayar , kecuali pengangguran di fasilitasi pemerintah ,inimah bukan nambahin lapangan pekerjaan malah pengangguran",Negative,0
2025-12-25 23:19:42,sulit verifikasi wajah,Negative,0
2025-12-25 23:19:42,ok sekarang lebih mudah dan gampang,Positive,1
2025-12-25 23:19:42,kok gak bisa di download,Negative,0
2025-12-25 23:19:42,saya coba lupa kata sandi kok gagal terus ya,Negative,0
2025-12-25 23:19:42,aplikasi membantu,Positive,1
2025-12-25 23:19:42,"Registrasi nya cepat , perubahan datanya juga cepat..mantab dah..salut..👍🙏",Positive,1
2025-12-25 23:19:42,Good..sangat membantu..musah digunakan,Positive,1
2025-12-25 23:19:42,kenapa saya susah sekali masuk di jkn malah diarahin autodebit menu nya gak bisa dilewatin kah auto debitnya kaya maksa banget harus daftar autodebit,Negative,0
2025-12-25 23:19:42,kode verifikasi tidak kunjung di kirim🙏,Negative,0
2025-12-25 23:19:42,sangat2 memudahkan 🥰🥰🥰 Terima kasih mobile jkn,Positive,1
2025-12-25 23:19:42,"jkn mobile terbaik, bisa pindah faskes dengan mudah",Positive,1
2025-12-25 23:19:42,"kasih 4 bintang dulu ,",Negative,0
2025-12-25 23:19:42,bagus membantu,Positive,1
2025-12-25 23:19:42,sangat membantu masyarakat,Positive,1
2025-12-25 23:19:42,mantap,Positive,1
2025-12-25 23:19:42,mantap,Positive,1
2025-12-25 23:19:42,sangat membantu dan mudah,Positive,1
2025-12-25 23:19:42,"selalu daftar dengan jadwal dokter pagi tapi berakhir dapet siang hari, anehhh minimal kalau dirasa dokter tersebut penuh langsung kasih notif aja cape perjalan jauh udah dr pagi ujung² nya tetep dilayani siang",Negative,0
2025-12-25 23:19:42,mantaap,Positive,1
2025-12-25 23:19:42,"sangat membantu Skali, Trmksh mobile jkn",Positive,1
2025-12-25 23:19:42,Aplikasinya bagus sangat bermanfaat,Positive,1
2025-12-25 23:19:42,"aplikasi ini sangat bagus,dan memudahkan pengguna",Positive,1
2025-12-25 23:19:42,bagus,Positive,1
2025-12-25 23:19:42,Saya rasa aplikasi ini tidak pernah dapat peningkatan selalu mengalami kendala dan heran bagaimana bisa mendapat rating 4+ apa dari buzzer?,Negative,0
2025-12-25 23:19:42,baiq,Positive,1
2025-12-25 23:19:42,lumayan bisa terbantu untuk berobat ga antri lagi kalau kita ke RS,Positive,1
2025-12-25 23:19:42,bagus mempermudah,Positive,1
2025-12-25 23:19:42,sangat membantu,Positive,1
2025-12-25 23:19:42,"aplikasinya sekarang lbih bagus ,dipertahanin ya",Positive,1
2025-12-25 23:19:42,pelayanannya cepat..,Positive,1
2025-12-25 23:19:42,"tidak bisa ambil antrean Permintaan anda belum dapat diproses. mohon maaf atas ketidaknyamanan anda.[3] terpaksa harus daftar umun, udah bayar bpjs, malah gk bisa daftar",Negative,0
2025-12-25 23:19:42,"Setelah update mau login kembali tidak mau masuk,tombol masuk tidak bisa tapi sebelum captcha bisa tapi sudah isi captcha malah tidak bisa",Negative,0
2025-12-25 23:19:42,"disarankan download, habis download malah mengecewakan. udah daftar nik nomer hp dsb, waktu verifikasi malah dikirim ke nomer hp orang lain, kalo begini, gimana pakai aplikasi x",Negative,0
2025-12-25 23:19:42,kenapa pas aplikasi udah masuk tetep gagal dan daftar ulang lagi bikin ribet,Negative,0
2025-12-25 23:19:42,great,Positive,1
2025-12-25 23:19:42,"untuk perubahan faskes alhamdulillah lancar, ternyata ga bisa lngs hari ini di pakai",Positive,1
2025-12-25 23:19:42,"apk memudahkan. tapi pas mau ganti pin otp ga masuk, udh dicoba beberapa kali tetep aja ga masuk, anehh",Negative,0
2025-12-25 23:19:42,proses cepet gak ribet,Negative,0
2025-12-25 23:19:42,sangat mudah,Positive,1
2025-12-25 23:19:42,bagus terbantu,Positive,1
2025-12-25 23:19:42,sangat baik,Positive,1
2025-12-25 23:19:42,mempermudah untuk mendapatkan pelayanan kesehatan,Positive,1
2025-12-25 23:19:42,Sangat membantu karena memudahkan dlm pengurusan pindah faskes...,Positive,1
2025-12-25 23:19:42,"kebanyakan aturan, cuma mau screenshot kartu aja di batasi, bikin ribet sendiri!",Negative,0
2025-12-25 23:19:42,sangat sangat bagus dan puas,Positive,1
2025-12-25 23:19:42,"selalu log out sendiri, pas mau login juga tiba' ga bisa pw salah padahal udh bener, pas mau ganti pasword malah no dan email ga sesuai yg di cantumkan di awal semuanya keganti sendiri ga jelas",Negative,0
2025-12-25 23:19:42,mantap!! aplikasi terus tingkatkan lag tapi mempermudah penggunaannyai,Positive,1
2025-12-25 23:19:42,captcha loading terusss,Negative,0
2025-12-25 23:19:42,Sudah bagus lancar.. terimakasih,Positive,1
2025-12-25 23:19:42,mantap mudah dengan ada nya aplkasi ini,Positive,1
2025-12-25 23:19:42,Sangat mudah dan sangat membantu,Positive,1
2025-12-25 23:19:42,mumeti,Positive,1
2025-12-25 23:19:43,mau ubah data diri lwt aplikasi dgn histori data yg terlogout lalu mau masuk ulang nunggu kode verifikasi tdk ada masuk dan gagal 😤,Negative,0
2025-12-25 23:19:43,sudah daftar tapi ketika mau login malah nik salah terus😤,Negative,0
2025-12-25 23:19:43,respon cepat..,Positive,1
2025-12-25 23:19:43,okeyyy,Positive,1
2025-12-25 23:19:43,bagus,Positive,1
2025-12-25 23:19:43,"no good, ga penting segala daftar disini.. daftar lg juga di klinik nya.. udh gitu dipanggil sesuai urutan jln.. ga jelas",Negative,0
2025-12-25 23:19:43,bagus banget,Positive,1
2025-12-25 23:19:43,mantap mobile JKN,Positive,1
2025-12-25 23:19:43,mudah di akses,Positive,1
2025-12-25 23:19:43,sangat praktis,Positive,1
2025-12-25 23:19:43,bagus...,Positive,1
2025-12-25 23:19:43,Gampang tambahin Detail dan data diri,Positive,1
2025-12-25 23:19:43,mudah,Positive,1
2025-12-25 23:19:43,"Aplikasi Yang Belum Rampung tapi dipaksakan pengunannya, Data Password dan user sudah tersimpan di google tapi, malah tidak sesuai dengan yang di aplikasi, nomor sama email saya tidak pernah ganti dari saya sekolah, tapi malah dianggap salah input nomor karena beda dengan yang terdaftar di sistem. ini yang di sistem bisa bisanya beda tuh gimana logikanya sedangkan yang tersimpan di google lock sama dengan email dan nomor hp saya.",Negative,0
2025-12-25 23:19:43,sangat memudahkan,Positive,1
2025-12-25 23:19:43,mantap,Positive,1
2025-12-25 23:19:43,bagus,Positive,1
2025-12-25 23:19:43,"di suruh untuk Verifikasi, tetapi permintaan verifikasi di tolak harus tunggu dan mencoba lagi , di coba lagi tidak bisa terulang seperti itu terus , kapan bisa verifikasinya",Negative,0
2025-12-25 23:19:43,mantap,Positive,1
2025-12-25 23:19:43,mntap,Positive,1
2025-12-25 23:19:43,selalu log out sendiri jadi fitur yang paling ribet karena saat kita butuh masih harus log in dan sistem log in juga kadang eror username dan pw sudah benar tapi terdeteksi salah jadi ribet,Negative,0
2025-12-25 23:19:43,Assalamu'alaikum warahmatullahi wbr.. maaf ijin bertanya gimana caranya mau daftar jadwal kontrol berobat melalui BPJS. 🙏,Negative,0
2025-12-25 23:19:43,"sepertinya programernya baru belajar bikin aplikasi, logikanya listing programnya mentah",Negative,0
2025-12-25 23:19:43,bagus memudah kan cek ke anggotaan,Positive,1
2025-12-25 23:19:43,berguna banget aplikasi ini mempermudah untuk berobat atau konsultasi ke bidan atau dokter,Positive,1
2025-12-25 23:19:43,Aplikasi ini sangat membantu sekali. Terima kasih.,Positive,1
2025-12-25 23:19:43,makin susah loginnya padahal sudah pas semua datanya,Negative,0
2025-12-25 23:19:43,Mobile jkn mempermudah pengobatan diseluruh pelosok Indonesia,Positive,1
2025-12-25 23:19:43,mudah digunakan,Positive,1
2025-12-25 23:19:43,ok,Positive,1
2025-12-25 23:19:43,"Layanan Antrean Online Faskes Tingkat Pertama sangat buruk. Coba daftar berkali2 Selalu gagal dan muncul keterangan""Transaksi belum dapat di proses,Silahkan coba beberapa saat lagi"" Setiap hari seperti itu terus 🤦‍♂️ Tolong di perbaikin !",Negative,0
2025-12-25 23:19:43,"tiap tiap keluar sendiri.dan minta login kembali. sekalinya setelah login minta ganti pasword🙄 .cape atuuh kitu wae mah,!!",Negative,0
2025-12-25 23:19:43,"sangat membantu, terimakasih",Positive,1
2025-12-25 23:19:43,sangat membantu,Positive,1
2025-12-25 23:19:43,tolong d perhatikan lg kenph aplikasinya harus login terus tiba tiba keluar sendri,Negative,0
2025-12-25 23:19:43,Aplikasi sangat membantu dan mempermudah ketika mendaftar di Fasilitas Kesehatan,Positive,1
2025-12-25 23:19:43,memudahkan administrasi,Positive,1
2025-12-25 23:19:43,"saya login pake nik saya tapi yg terdaftar nama orang lain gimna sih? emang bisa double data, klo mau perubahan data gitu sya harus ngurus nya kmna?",Negative,0
2025-12-25 23:19:43,ok,Positive,1
2025-12-25 23:19:43,"kak, kenapa pas mau kirim kartu ke email ga muncul anggota keluarga lainnya ya?, yg muncul cuman punya. sya doang",Negative,0
2025-12-25 23:19:43,good,Positive,1
2025-12-25 23:19:43,sangat membantu🥰,Positive,1
2025-12-25 23:19:43,"Mantap, sangat membantu dalam penanganan kesehatan",Positive,1
2025-12-25 23:19:43,apk nya bagus dan mantap,Positive,1
2025-12-25 23:19:43,ini adalah aplikasi yang bikin emosi. susah sekali dibuka,Negative,0
2025-12-25 23:19:43,"ngambil foto nya di permudah ya, masa kalah sama pinjol",Negative,0
2025-12-25 23:19:43,mohon di chek aplikasi saya gak bisa memilih fasilitas kesehatan tingkat pertama. di situ tertulis informasi tidak di temukan. mohon solusinya,Negative,0
2025-12-25 23:19:43,mudah dan cepat aplikasinya utk perubahan dan pendaftaran sangat membatu,Positive,1
2025-12-25 23:19:43,mantap,Positive,1
2025-12-25 23:19:43,kok mutar2 trus .susah di download nya. mohon bantuan nya dong,Negative,0
2025-12-25 23:19:43,"enggak tau, di sya tidka fungsi sama sekali untuk mlakukan pendaftaran online. selalu gagal terhubung server padahal sudah berbagai cara dilakukan pendaftaran tp ttp tidka bisa",Negative,0
2025-12-25 23:19:43,sangat membantu untuk perubahan faskes,Positive,1
2025-12-25 23:19:43,trobel mau daftar priksa dari pagi sampai siang tidak bisa,Negative,0
2025-12-25 23:19:43,Bikin Aplikasi yang bener.. kerja yang bener..!!!,Negative,0
2025-12-25 23:19:43,tolong diberi petunjuk untuk pengisian.. karena untuk lansia rawan salah input data..,Negative,0
2025-12-25 23:19:43,fasilitas dapat di gunakan,Positive,1
2025-12-25 23:19:43,sekarang tidak terhubung server rumah sakit,Negative,0
2025-12-25 23:19:43,mantap,Positive,1
2025-12-25 23:19:43,gak semua orang yang SDH usia memakai hp tapi malah sakit jadi TDK bisa berobat karena gaptek faktor usia. pendaftaran sulit untuk verivikasi fotonya,Negative,0
2025-12-25 23:19:43,Aplikasi yang sangat membantu sekali... Terima kasih.,Positive,1
2025-12-25 23:19:43,mobile jkn nya loding lambat. sampai no antrean. pendaftaran saya ke dokter ilng cmk.loding apli kasinya lambat sekali.... smpai saya mau daftar lagi.tdk bisa ..bgusin donk aplikasinya.,Negative,0
2025-12-25 23:19:43,"aplikasi mempersulit, terakhir kali saya sudah verifikasi akun lalu mau dipake buat berobat karna butuh kartunya saya coba login ulang eh disuruh verifikasi ulang.mau coba verifikasi ulang pun masih juga di persulit dibilang lah nomor anda tidak terdaftar padahal kemarin verifikasi pake nmr yg sama dan nmrnya sampe saat ini masih aktif.",Negative,0
2025-12-25 23:19:43,bagus,Positive,1
2025-12-25 23:19:43,nunggu kode captcha sejam lebih gamuncul2 mau daftar/login gabisa.,Negative,0
2025-12-25 23:19:43,pelayanan oke,Positive,1
2025-12-25 23:19:43,"sangat memudahkan pake apks ini, bisa merubah data, klo boleh untuk perubahan data sbagai PBPU, bisa drubah juga melalui apks",Positive,1
2025-12-25 23:19:43,dokter dan perawat cukup baik dalam pelayanan kebersihan ruangan juga diperhatikan pelayanan cukup baik terimakasih ruang melati,Positive,1
2025-12-25 23:19:43,Kenapa aplikasi sering log out sendiri padahal udah login ke akun sendiri tapi setiap beberapa hari pasti logout sendiri itu sangat menyusahkan,Negative,0
2025-12-25 23:19:43,Sering error sih,Negative,0
2025-12-25 23:19:43,mobile jkn kesehatan sangat membatu teimah kasih,Positive,1
2025-12-25 23:19:43,"Merepokan banget log out otomatism gak tahu fungsinya apa?, kalau aplikasi perbankan sih wajar untuk melindungi uang kita yang tersimpan, kalau ini logout otomais buat gaya-gayaan. aplikasi ini di design kayaknya buat gen-z, anda kira org tua hapal semua pin dan password, no hape sendiri aja bisa lupa apalagi password dan pin. bikin lebih user friendly donk. kamingak punya saldo di JKN perlindungannya gak usah gitu2 amat.",Negative,0
2025-12-25 23:19:43,"keren, memudahkan pengguna",Positive,1
2025-12-25 23:19:43,matap,Positive,1
2025-12-25 23:19:43,"Aplikasi tidak lemot,sangat membantu",Positive,1
2025-12-25 23:19:43,"saya lupa pasword,suruh masukin no nik tapi malah ga bisa dan harus daftar ulang berkali kali,tolong di bantu harus bagaimana",Negative,0
2025-12-25 23:19:43,aplikasi baik,Negative,0
2025-12-25 23:19:43,mantap,Positive,1
2025-12-25 23:19:43,nice good job 👍,Positive,1
2025-12-25 23:19:43,mempermudah proses pelayanan masyarakat,Positive,1
2025-12-25 23:19:43,kenapa lagi ini aplikasi. saat dibutuhkan tidak bisa login. jmo bisa login tpi jkn knapa sering begini. salah ini lah salah itu lah. padahal data dan akunnya sama saja. bikin jengkel,Negative,0
2025-12-25 23:19:43,ganti faskes sangat mudah tapi kenapa harus 3 bulan sekali harusnya 1 bulan sekali aja,Positive,1
2025-12-25 23:19:43,"Aplikasi kalo belum selesai dan gak mudah di gunakan jangan nyuruh masyarakat pakai deh, gak berguna, user interface juga gak friendly. Tombol masuknya eror tuh gak bisa masuk jadinya. Mau log in aja kudu masukin NIK lagi, aneh sih.",Negative,0
2025-12-25 23:19:43,mantab,Positive,1
2025-12-25 23:19:43,alhamdulillah dipermudah dalam mengurus antrian. smga aplikasi semakin diperbaiki dan gk lola.,Negative,0
2025-12-25 23:19:43,aplikasi dongo,Negative,0
2025-12-25 23:19:43,apk sangat ber guna,Negative,0
2025-12-25 23:19:43,membantu,Positive,1
2025-12-25 23:19:43,mudah,Positive,1
2025-12-25 23:19:43,Stelah updett malah gak bisa pelayanan bpjs sekarang ruwet masak sakit di suruh pilih misal mau sakitnya apa sudah tau sakit malah di bikin ruwet,Negative,0
2025-12-25 23:19:43,ahhhhhkk giliran mau di pake erorrrr teruss urgentttt gini masih aja ribetttt administrasiii,Negative,0
2025-12-25 23:19:43,oke lah,Positive,1
2025-12-25 23:19:43,lebih efektif,Positive,1
2025-12-25 23:19:43,sangat membantu,Positive,1
2025-12-25 23:19:43,"Alhamdulillah , mudah gunakan , walau umur sdh 74th",Positive,1
2025-12-25 23:19:43,terus bermasalah jkn ni tiap berobat gk pernah bagus,Positive,1
2025-12-25 23:19:43,makin kesini makin gak jelas,Negative,0
2025-12-25 23:19:43,"mantap, easy",Positive,1
2025-12-25 23:19:43,ok,Positive,1
2025-12-25 23:19:43,"aplikasi jelek , bukannya mempermudah malah nyusahin , kalo bikin aplikasi yang bagus dong , masa setiap login paspor salah Mulu, abis gitu mau ganti paspor baru susah nya minta ampun, email aja gampang kalo lupa pasport. bikin kesel nih, coba tolong perbaiki",Negative,0
2025-12-25 23:19:43,"sy suka,langsung bs ngcek kartu dan berita..",Positive,1
2025-12-25 23:19:43,"sumpah ya, aplikasi ini dikit-dikit minta ganti pswd, gak cocok buat orng pelupa yg nyimpen sandinya di catatan kecil. orang sakit kan gak mesti harus seminggu sekali. setiap buka apk ini brasa kayak buka aplikasi M bangking, 🥶🥶🥶",Negative,0
2025-12-25 23:19:43,jelek banget captcha tidak muncul login login terus lagi hadeh,Negative,0
2025-12-25 23:19:43,mantap,Positive,1
2025-12-25 23:19:43,"Terimakasih, sangat membantu",Positive,1
2025-12-25 23:19:43,mudah dan bermanfaat,Positive,1
2025-12-25 23:19:43,mempermudah,Positive,1
2025-12-25 23:19:43,oke,Positive,1
2025-12-25 23:19:43,mudah digunakan,Positive,1
2025-12-25 23:19:43,sangat memudahkan,Positive,1
2025-12-25 23:19:43,sangat bermanfa'at.,Positive,1
2025-12-25 23:19:43,dengan aplikasi ini semuanya lebih mudah,Positive,1
2025-12-25 23:19:43,baik,Positive,1
2025-12-25 23:19:44,untuk ambil antrean gak bisa selalu tidak terhubung ke server Rs. padahal internet lancar. tolong di perbaiki.,Negative,0
2025-12-25 23:19:44,mantap bosku,Positive,1
2025-12-25 23:19:44,Masuk aja di bikin ribet,Negative,0
2025-12-25 23:19:44,Verry Good Aplication,Positive,1
2025-12-25 23:19:44,sangat berguna tidak ada kendala,Positive,1
2025-12-25 23:19:44,"KODE VERIFIKASI LAMAAAA GA MUNCUL MUNCUL, KIRIM ULANG HARUS NUNGGU 5 MENJT. PAKE EMAIL DIBILANG GA TERDAFTAR. KOCAKKK",Negative,0
2025-12-25 23:19:44,tidak bisa daftar online di suruh isi nomer telepon padahal nomer telepon sudah ada.. aplikasi makin di update makin soak pelaynannya,Negative,0
2025-12-25 23:19:44,ok,Positive,1
2025-12-25 23:19:44,hampir semua masalah kesehatan dalam genggaman,Positive,1
2025-12-25 23:19:44,"aplikasi bermasalah,saat log out dan mau log in lagi gak bsa, NIK dan password dan capcha udh masuk dgn benar, tpi gk bsa, lupa password juga gk bsa ,alamat email udah dimasukan sesuai verifikasi dlu diawal dan sudah diinput dimobile jkn juga malah bilang gk terdaftar, pdhal otp verif email masih ada jejaknya di email aku de bpjs kes. gmn sih. parah bgt aplikasi, berkali2 harus ganti password sebelumnya dikirim OTP ke email bsa. skrg bilang gk terdaftar.",Negative,0
2025-12-25 23:19:44,"Pengambilan obat di apoteker selalu tdk lengkap, sampai 3 kali bolak balik baru ada, makan waktu dan biaya.",Negative,0
2025-12-25 23:19:44,good,Positive,1
2025-12-25 23:19:44,mantap JKN Mobile,Positive,1
2025-12-25 23:19:44,kalo untuk bikin lebih dari satu akun dalam satu HP apa bisa?,Negative,0
2025-12-25 23:19:44,sangat membantu,Positive,1
2025-12-25 23:19:44,sangat membantu,Positive,1
2025-12-25 23:19:44,apaan sih katanya bisa ngubah agar istri bisa ikut ke kita lewat jkn nyatanya malah nik orang masuk ke nik kk aneh banget,Negative,0
2025-12-25 23:19:44,sangat mmbantu,Positive,1
2025-12-25 23:19:44,ok,Positive,1
2025-12-25 23:19:44,sangat membantu,Positive,1
2025-12-25 23:19:44,"siliiit, udah daftar dengam benar giliran login salah NIk/pasword melulu padahal udah bener semua.",Negative,0
2025-12-25 23:19:44,susah anjir buat veritfikasi otp buat lupa sandi udah berkali kali kirim veritifikasi ga muncul² kodenya padalan nomer masih aktif dan di hp ini juga tapi ga muncul njir plis lah di benerin sistemnya kondisi urgent malah nunggu lama bgt mana blm bisa masuk lagi gini kan repot gabisa masuk akunnya,Negative,0
2025-12-25 23:19:44,sangat mudah dan bermanfaat bagi saya yg tdk mengerti,Positive,1
2025-12-25 23:19:44,ok,Positive,1
2025-12-25 23:19:44,ok,Positive,1
2025-12-25 23:19:44,Sangat cepat dan akurat,Positive,1
2025-12-25 23:19:44,good,Positive,1
2025-12-25 23:19:44,aplikasi yg bagus,Positive,1
2025-12-25 23:19:44,baik,Positive,1
2025-12-25 23:19:44,Aplikasi Babi.. dikit-dikit minta pin.. padahal gak pernah Log Out..,Negative,0
2025-12-25 23:19:44,mantullll,Positive,1
2025-12-25 23:19:44,PELAYANAN HARUS DI TINGKAT KAN LAGI,Positive,1
2025-12-25 23:19:44,bagus,Positive,1
2025-12-25 23:19:44,mantap,Positive,1
2025-12-25 23:19:44,mudah di gunakan,Positive,1
2025-12-25 23:19:44,aplikasi yang bermanfaat dan sangat membantu,Positive,1
2025-12-25 23:19:44,"alangkah baiknya orangtua hanya cukup memperlihatkan QRKode saat CheckIn, lebih mudah. sulit ketika Chek in, orangtua hanya tau WA ketika harus bawa JKN di Faskes",Positive,1
2025-12-25 23:19:44,lebih mudah,Positive,1
2025-12-25 23:19:44,Best,Positive,1
2025-12-25 23:19:44,sangat membantu,Positive,1
2025-12-25 23:19:44,Bagus dan sekarang sudah bisa pindah RS tanpa harus sesuai KTP,Positive,1
2025-12-25 23:19:44,menu perubahan data susah ganti nomer hp,Negative,0
2025-12-25 23:19:44,sangat membantu di kala malas keluar rumah,Positive,1
2025-12-25 23:19:44,"Harus di update, kl diklik batal otomatis keluar sendiri, giliran di update malah ngga bisa login. Udah pake lupa password malahan ngga dikirim-kirim kodenya. Make email katanya ngga kedaftar. Gimana ini? Saya sudah daftar sebelumnya malah eror aplikasinya ngga bisa buat login",Negative,0
2025-12-25 23:19:44,aplikasi mantap,Positive,1
2025-12-25 23:19:44,top,Positive,1
2025-12-25 23:19:44,"APLIKASI IDIOT BANYAK ERROR NYA TOLOL, ORNG SAKIT malah di persulit bego",Negative,0
2025-12-25 23:19:44,semakin baik. terus berkembang,Positive,1
2025-12-25 23:19:44,"semoga bisa ada fiture pindah kelas tanpa harus 1 tahun berjalan , ya mungkin bisa diperketat alasan pindah kelas maupun alasannya nanti",Positive,1
2025-12-25 23:19:44,mantul,Positive,1
2025-12-25 23:19:44,aplikasi gabisa verifikasi nomer HP,Negative,0
2025-12-25 23:19:44,"Mohon maaf atas ketidak nyamanan nya . yah saya sangat tidak nyaman, sering log out sendiri,ketika log in selalu salah , untuk update terbaru gak bisa screenshot,tujuan screenshot buat nunjukin ke klinik daftar antri kalau anggota keluarga lain sakit,karena aplikasi hanya di satu Hp",Negative,0
2025-12-25 23:19:44,🤍,Positive,1
2025-12-25 23:19:44,jadi lebih mudah,Positive,1
2025-12-25 23:19:44,"KENAPA SETIAP BARU UPDATE APLIKASI SELALU DISURUH LOGIN ULANG . TOLONG DONG KALAU SETIAP PERBARUAN APLIKASI TIDAK USAH LOGIN ULANG,RIBET DAN NYUSAHIN SAYA",Negative,0
2025-12-25 23:19:44,simple dan efektif sistemnya,Positive,1
2025-12-25 23:19:44,bagus dan sangan membantu sekali,Positive,1
2025-12-25 23:19:44,bagus,Positive,1
2025-12-25 23:19:44,"kenapa ngirim kode Verifikasi lewat SMS harus pake pulsa sih, saya daftar apk lain yg bukan dari pemerintah selalu bebas biaya sms nya. Pls lah stop kikir",Negative,0
2025-12-25 23:19:44,Aplikasi yang sangat membantu sekali terimakasih,Positive,1
2025-12-25 23:19:44,bismilah,Positive,1
2025-12-25 23:19:44,semakin lancar aplikasinya mantap,Positive,1
2025-12-25 23:19:44,"kenapa setelah update tidak bisa di screen shoot nomor antriannya,mohon di perbaiki",Negative,0
2025-12-25 23:19:44,ok,Positive,1
2025-12-25 23:19:44,"Hanya berguna untuk pengobatan di Faskes 1. Tapi untuk Faskes rujukan gak singkron sama sekali. Mulai dari dokternya, jadwalnya dan antreannya. Gak ada gunanya pakai aplikasi, semua serba manual di RS Rujukan 😄",Negative,0
2025-12-25 23:19:44,sangat membantu,Positive,1
2025-12-25 23:19:44,oke sekali,Positive,1
2025-12-25 23:19:44,"SISTEN APLIKASI TERLALU RIBET TIDAK FRIENDLY SAMA SEKALI, UNTUK BUAT RUJUKAN TIDAK BISA MEMILIH, SUDAH DICOBA GANTI TANGGAL SAMA SAJA TIDAK BISA DIPILIH TERTULIS ""POLI TIDAK BISA DIPILIH""",Negative,0
2025-12-25 23:19:44,semakin terdepan.,Positive,1
2025-12-25 23:19:44,good aplikasinya membantu sekali,Positive,1
2025-12-25 23:19:44,kenapa saya mencoba buat daftar tidak bisa,Negative,0
2025-12-25 23:19:44,aplikadi yang sangat membantu,Positive,1
2025-12-25 23:19:44,mudah dan cepat,Positive,1
2025-12-25 23:19:44,sangat membantu.tidak eprlu lagi bolak balik kekantor bpjs kes.terimakasih,Positive,1
2025-12-25 23:19:44,terima kasih,Positive,1
2025-12-25 23:19:44,top,Positive,1
2025-12-25 23:19:44,benerin lah aplikasinya masa suruh masukin otp tapi otp tapi otpnya gak masuk masuk,Negative,0
2025-12-25 23:19:44,mantap,Positive,1
2025-12-25 23:19:44,"kenapa abis di update malah log out masukan pin salah terus , reset pasword gak muncul2 otp nya sudah berulang kali hadejhhj",Negative,0
2025-12-25 23:19:44,"bencii bangett ama nih aplikasi, kenapa dipersulit sih?? kan nenek ku mau berobat dan ambil antrean ke rs, ada masalah terus di akun selalu tiba tiba ke ulang dan harus login kembali kalo udah lama ga digunain. terus pas mau login udah masukin NIK+PASSWORD DENGAN SESUAI malah tulisannya NIK/PASSWORD yg dimasukkan salah.. edit : sekarang udah bisa digunakan kembali, terima kasih untuk pihak jkn yang udah fast respon untuk keluhan pengguna seperti kami. saya rating kembali 5 bintang",Negative,0
2025-12-25 23:19:44,mudah,Positive,1
2025-12-25 23:19:44,"mengalami kendala saat ini,saat pengambilan antrian online selalu tidak bisa dan selalu ada peringatan anda belum memiliki surat rujukan atau kontrol, sedangkan saya sudah memiliki nya, jadi saya tidak bisa melakukan pengambilan antrian online",Negative,0
2025-12-25 23:19:44,"telat bayar kek pinjoll ngejarnya, giliran pelayanan samasekali tidak memanusiakan manusiaaa sangat mengecewakann",Negative,0
2025-12-25 23:19:44,sangat membantu,Positive,1
2025-12-25 23:19:44,good,Positive,1
2025-12-25 23:19:44,oke,Positive,1
2025-12-25 23:19:44,ok,Positive,1
2025-12-25 23:19:44,sangat membantu,Positive,1
2025-12-25 23:19:44,"percuma daftar antrian dari aplikasi kalo sampe di rs harus daftar ulang lg, antri lagi, mau periksa ke dokternya antri lagi, jd kayak percuma kita udh daftar gak ada artinya",Negative,0
2025-12-25 23:19:44,mobile JKN terlalu terbelit belit untuk info layanan pemeriksaan ini juga malah lama bangt ngk muncul tolong untuk diperbaiki,Negative,0
2025-12-25 23:19:44,sangat membantu terimkasih layananya,Positive,1
2025-12-25 23:19:44,mau login lagi g bisa gmna donk,Negative,0
2025-12-25 23:19:44,ok,Positive,1
2025-12-25 23:19:44,ok,Positive,1
2025-12-25 23:19:44,semoga dapat melayani seluruh masyarakat indonesia tanpa terkecuali,Positive,1
2025-12-25 23:19:44,mantap,Positive,1
2025-12-25 23:19:44,Alhamdulillah sangat bisa membantu,Positive,1
2025-12-25 23:19:44,"mudah utk penggantian faskes tingkat 1, terima kasih",Positive,1
2025-12-25 23:19:44,pelayanan cepat,Positive,1
2025-12-25 23:19:44,"tolong diperbaiki dong ini aplikasi, perasaan kendala mulu heran banget....",Negative,0
2025-12-25 23:19:44,good job,Positive,1
2025-12-25 23:19:44,masih baru mencoba .. bismillah aman,Negative,0
2025-12-25 23:19:44,ok,Positive,1
2025-12-25 23:19:44,goodjob👍,Positive,1
2025-12-25 23:19:44,"kalau mau bikin aplikasi jangan menyulitkan orang.apa lagi ini masalah kesehatan. bapak ibu saya ditolak masuk karena belum daftar online, sedangkan aplikasi error kalau dipakai. lancar pas jadwal pembayaran doank. kalau dipakai errorr.",Negative,0
2025-12-25 23:19:44,mantap,Positive,1
2025-12-25 23:19:44,aplikasi yang bagus dan mudah digunakan,Positive,1
2025-12-25 23:19:44,sangat bermanfaat,Positive,1
2025-12-25 23:19:45,daftar antrian online tulisannya something when wrong -F1,Negative,0
2025-12-25 23:19:45,mantap euy,Positive,1
2025-12-25 23:19:45,Sangat bagus. Bisa lewat uplikasi updatenya,Positive,1
2025-12-25 23:19:45,"verifikasi kode otp pake sms ga ada terus kode nya udah mah harus nunggu 200 detik, kalo bisa mending pake WhatsApp daripada ke sms",Negative,0
2025-12-25 23:19:45,Alhamdulillah sangat membantu,Positive,1
2025-12-25 23:19:45,jadi lebih mudah,Positive,1
2025-12-25 23:19:45,sagatt puasss,Positive,1
2025-12-25 23:19:45,bagus enakeun,Positive,1
2025-12-25 23:19:45,terbaik,Positive,1
2025-12-25 23:19:45,Halo Pengembangan Aplikasi JKN. Sekarang sudah tidak bisa screenshot. Saran berikan opsi kirim riwayat pelayanan ke e-mail agar bisa menunjukan bukti sakit ke HRD.,Negative,0
2025-12-25 23:19:45,sangat bermanfaat,Positive,1
2025-12-25 23:19:45,sangat membantu,Positive,1
2025-12-25 23:19:45,kurang nyaman,Positive,1
2025-12-25 23:19:45,bagus,Positive,1
2025-12-25 23:19:45,oke,Positive,1
2025-12-25 23:19:45,mantap,Positive,1
2025-12-25 23:19:45,kok harus daftar auodebit terlebih dahulu sebelum masuk ?,Negative,0
2025-12-25 23:19:45,pelayanan cepat dan mudah,Positive,1
2025-12-25 23:19:45,"sistem nya rusak waktu saya daftar terus nyampe rs apk nya gangguan srhingga saya ketinggalan jadwal dokter, besoknya gabisa daftar lagi selama seminggu karna saya tidak menemui dokter,padahal sistem nya yang rusak tolong perbaiki lah jangan mempersulit yang pake bpjs",Negative,0
2025-12-25 23:19:45,mantap,Positive,1
2025-12-25 23:19:45,sangat mudah dan cepat,Positive,1
2025-12-25 23:19:45,kenapa gak da menu bisa hapus akun mobile jkn??? kalau sudah tak ingin digunakan kenapa gak bisa hapus akun???,Negative,0
2025-12-25 23:19:45,Terlalu sering update,Negative,0
2025-12-25 23:19:45,"sama aja ribet dan lama, pasien harus sidik jari / verifikasi wajah (mana sering gagal lagi), mau rawat jalan aja sulit dan lama gara2 sidik jari nya gagal terus",Negative,0
2025-12-25 23:19:45,baik sekali,Positive,1
2025-12-25 23:19:45,"Aplikasi bobrok, gajelas, ini programmer nya ngapain aja sih?? Kenapa setiap pagi aplikasi nya sering down tanpa alasan, padahal sinyal udh bagus, kurang apalagi? Kita yg mau daftar poli gigi (krna pesertanya terbatas) jadi susah buat daftar. Segera maintenance lah, lu pada nyusahin pasien yg bener"" lgi butuh pertolongan👎👎👎",Negative,0
2025-12-25 23:19:45,"Terimakasih aplikasi JKN sangat membantu sekali, mempermudah semua pengurusan",Positive,1
2025-12-25 23:19:45,ini pegawai BPJS tidak on time banget ya,Negative,0
2025-12-25 23:19:45,Memudahkan,Positive,1
2025-12-25 23:19:45,Sistem tolong diperbaiki.. sudah booking online dapat no antrian 0001 .. Pas dateng ke PUSKESMAS tidak tercantum .. bagaimana ini.. harusnya cepat selesai Jadi Lama..,Negative,0
2025-12-25 23:19:45,Sangat membantu,Positive,1
2025-12-25 23:19:45,siiplah,Positive,1
2025-12-25 23:19:45,bayi saya udah terdaftar di kk dan udah punya akte tp kenapa di aplikasi masih bayi nyonya..tolong dong klo udah ada data nya langsung gercep di masukin,Negative,0
2025-12-25 23:19:45,Pelayanan Totalitas,Positive,1
2025-12-25 23:19:45,sangat membantu,Positive,1
2025-12-25 23:19:45,Itu info Kamar di RS di hapus aja ..di aplikasi ada kamar pas sampai RS penuh ternyata ..,Negative,0
2025-12-25 23:19:45,tidak bisa digunakan daftar onlin akhir² ini,Negative,0
2025-12-25 23:19:45,lebih mudah,Positive,1
2025-12-25 23:19:45,mantap 👍,Positive,1
2025-12-25 23:19:45,Memudahkan perubahan faskes,Positive,1
2025-12-25 23:19:45,bagus,Positive,1
2025-12-25 23:19:45,"akun saya tiba tiba keluar, mau masuk lupa kata sandi minta kode verifikasi lewat email katanya belum terdaftar minta lewat sms berkali kali saya coba tapi tidak mendapatkan kode verifikasi bagaimana ini",Negative,0
2025-12-25 23:19:45,aplikasinya sangat bagus,Positive,1
2025-12-25 23:19:45,jkn sangat membantu memudahkan mendapat informasi dan sangat membantu untuk berobat.,Positive,1
2025-12-25 23:19:45,"apaaan sih log out sendiri terus,bisa ga sih noh aplikasi pemerintahan pinter dikit gitu kenapa selalu bapuk sih menyusahkan bisanya engga jkn engga jmo",Negative,0
2025-12-25 23:19:45,mudah d gunakan,Positive,1
2025-12-25 23:19:45,mantap aplikasinya membantu,Positive,1
2025-12-25 23:19:45,sangat membantu,Positive,1
2025-12-25 23:19:45,"aplikasi cacat, sering gangguan",Negative,0
2025-12-25 23:19:45,terima kasih..sangat membantu,Positive,1
2025-12-25 23:19:45,terbaik,Positive,1
2025-12-25 23:19:45,"tolong dong segera di fix, bug terus saat mau daftar ambil antrean bukannya memudahkan justru malah makin sulit makin ribet",Negative,0
2025-12-25 23:19:45,aplikasi buruk...kenapa stiap update slalu membuat akun kita log out.mana susah masuknya...coba buat petingginya.pikirin solusinya.,Negative,0
2025-12-25 23:19:45,oke baik aplikasinya,Positive,1
2025-12-25 23:19:45,goood,Positive,1
2025-12-25 23:19:45,"setelah di up date malah ngga bisa di buka,ngga bisa masuk lagi,kekunci semua",Negative,0
2025-12-25 23:19:45,bagus,Positive,1
2025-12-25 23:19:45,good application,Positive,1
2025-12-25 23:19:45,bagus,Positive,1
2025-12-25 23:19:45,"jelek ih, pas daftakar sebelum kontrol tulisannya harus ambil d hari yang sama tapi pas udh ambil di hari kontrol sistem tidak valid atau kadaluarsa tanggalnya jd gimana ini",Negative,0
2025-12-25 23:19:45,"pendaftaran pelayanan gabisaaaaa, gagal mulu.. disuruh coba ulang trs!!",Negative,0
2025-12-25 23:19:45,"Di versi terbaru ini malah jadi aneh. Sebelumnya masih bisa di-screenshot, tapi sekarang di versi terbarunya malah gak bisa di-screenshot sama sekali dengan alasan keamanan. Padahal gak semua informasi itu bersifat RAHASIA sampai-sampai perlu mencegah orang buat capture screenshot, contohnya nomor antrian itu kan bukan informasi rahasia buat beberapa pengguna. Tolong perbaiki atau setidaknya kasih opsi untuk menonaktifkan pemblokiran capture screenshot di aplikasinya.",Negative,0
2025-12-25 23:19:45,top,Positive,1
2025-12-25 23:19:45,oke aja,Positive,1
2025-12-25 23:19:45,nice,Positive,1
2025-12-25 23:19:45,sangat membantu,Positive,1
2025-12-25 23:19:45,sangat mudah aplikasi a sangat membantu,Positive,1
2025-12-25 23:19:45,"login pakai NIK adalah ide tidak pintar, teu mikir NIK teh aya sabaraha angka na, udah gitu developer na jahil si aplikasi dibikin logout sendiri. aplikasi yg indonesia banget : kalau bisa susah kenapa dibikin gampang",Negative,0
2025-12-25 23:19:45,susah dipakainya.. udh lama engga dibuka harus ngulang lagi ngisi dari awal.. gituu teruss.. jadi emosi pakainyaa,Negative,0
2025-12-25 23:19:45,"Tolong aplikasi selalu update jadwal dokter faskes, setiap ambil antrian di jam berapapun, udah pilih dokter dengan tampilan tulisan warna hijau ""buka"", udah buat keluhan, begitu klik simpan, terbit pernyataan otomatis dengan tulisan : ""jadwal dokter belum tersedia"", atau ""dokter belum di mapping di poli tsb"". Please aplikator profesional menyangkut pelayanan hidup orang banyak.",Negative,0
2025-12-25 23:19:45,aplikasi Bagus sangat membantu,Positive,1
2025-12-25 23:19:45,sangat membantu,Positive,1
2025-12-25 23:19:45,terbaik,Positive,1
2025-12-25 23:19:45,ok,Positive,1
2025-12-25 23:19:45,mantapp,Positive,1
2025-12-25 23:19:45,"PKM TLANAK KEDUNGPRING LAMONGAN KETERLALUAN.. dg alasan BPJS skrg rumit.sy pasien BPJS mandiri dihimbau ke PKM setempat sblm ke RS. sdh ikuti prosedur.PKM tdk mumpuni scara peralatam medis,mnta rujuk ke RS YG SDH TERCATAT BEKERJA SAMA tdk mau,dipaksa TANDA TANGAN plg paksa dan disuruh cari kendaraan mbl sht sndri ke RS (ada oxygen nya).klo tdk mau bgtu,di tgl pergi layani yg lain. apa gunanya anbulance? alasan tdk ada sopir mstinya jd tgg jwb pihak PKM.. tlg di tindak tegas.ini sdh kesekian kali",Negative,0
2025-12-25 23:19:45,sangat membantu,Positive,1
2025-12-25 23:19:45,sangat profesional.,Positive,1
2025-12-25 23:19:45,sangat mudah untuk pindah paskes.terimakasih mobile jkn.,Positive,1
2025-12-25 23:19:45,ok,Positive,1
2025-12-25 23:19:45,terima kasih🙏,Positive,1
2025-12-25 23:19:45,"bagus si lebih praktis, cuma ngga bisa buat Gonta ganti akun, cuma bisa buat 3 akun, padahal udah di hapus data tapi tetep aja ngga bisa lebih dari 3 akun",Negative,0
2025-12-25 23:19:45,sangat membantu .. cuma susah nya GK bisa log in lebih dari 3nomer nik .. KLO udah susah LG masuk nya .. kalo org tua kan apalagi yg ga punya hp gmna mau daftar nya .. sedangkan kita pake data buat punya kita ..,Negative,0
2025-12-25 23:19:45,"ribet, tiap mau daftar antrean kadang suka harus login pake no ktp dulu. klo mo buru buru berobat jadi ribet banget nyari2 KTP. padahal ga pernah log out dan hapus aplikasi. tolong di permudah proses nya.",Negative,0
2025-12-25 23:19:45,bagus,Positive,1
2025-12-25 23:19:45,Perubahan² data mudah sekali...,Positive,1
2025-12-25 23:19:45,mantap jiwa hitungan detik ganti fakes bintang 10000000🤩,Positive,1
2025-12-25 23:19:45,bego ngelag,Negative,0
2025-12-25 23:19:45,mantap,Positive,1
2025-12-25 23:19:45,"sekarang aplikasi tidak bisa di screenshot,malah tambah rumit buat yg mau berobat, biasanya cuma ngasih screenshot ke orng yg mau berobat, sekarang kita sendiri mau gamau harus ikut nemenin, bagaimana kalo yg punya hp lagi sibuk kerja",Negative,0
2025-12-25 23:19:45,"gimana nih, masa ga bisa Screenshoot di semua menu. Kembaliin ke versi sblmnya ajaa.",Positive,1
2025-12-25 23:19:45,aplikasinya bagus...,Positive,1
2025-12-25 23:19:45,sangat membantu sekali,Positive,1
2025-12-25 23:19:45,sangat mudah dan membantu,Positive,1
2025-12-25 23:19:45,good job,Positive,1
2025-12-25 23:19:45,sangat bergunaa,Positive,1
2025-12-25 23:19:45,"kenapa aplikasi ini setiap mau d pakai selalu log out otomatis, d saat mau log in sangat susah sekali... kesanya org mau berobat kok d persulit bgt, apa tdk ad evaluasi pebaikan utk aplikasi ini, mohon jd perhatian bpjs kesehatan utk bisa memberikan pelayanan yg maksimal kpd masyarakat",Negative,0
2025-12-25 23:19:45,Kenapa kadang pas mau ambil antrian suka belum muncul padahal dari pihak rumah sakit nyah disuruh 3 hari sebelum nyah,Negative,0
2025-12-25 23:19:45,sangat bagus,Positive,1
2025-12-25 23:19:45,oke,Positive,1
2025-12-25 23:19:45,pelayanan yg bagus,Positive,1
2025-12-25 23:19:45,mantap,Positive,1
2025-12-25 23:19:45,👍,Positive,1
2025-12-25 23:19:45,lambat,Negative,0
2025-12-25 23:19:46,Memudahkan,Positive,1
2025-12-25 23:19:46,mantap,Positive,1
2025-12-25 23:19:46,good,Positive,1
2025-12-25 23:19:46,Membantu sekali untuk kami,Positive,1
2025-12-25 23:19:46,tolonglah developer jkn.. tiap kali update kenapa sih harus log in ulang.. atur semua dari awal lagi... data yg sudah ada kemana... harus input lagi... ini data log in di hapus tiap kali uodate apa gimana sih heran...,Negative,0
2025-12-25 23:19:46,bisa mengubah faskes dengan mudah,Positive,1
2025-12-25 23:19:46,Aplikasi Bagus Sekali,Positive,1
2025-12-25 23:19:46,jos,Positive,1
2025-12-25 23:19:46,sangat membantu,Positive,1
2025-12-25 23:19:46,jadi mudah,Positive,1
2025-12-25 23:19:46,"ribet, harus login berkali-kali",Negative,0
2025-12-25 23:19:46,Bagus aplikasinya.,Positive,1
2025-12-25 23:19:46,"Gajelas untuk saat ini, masa gak bisa daftar terlebih untuk di jam malam pada sore hari.",Negative,0
2025-12-25 23:19:46,sejauh ini sangat membantu,Positive,1
2025-12-25 23:19:46,cukup bagus👍,Positive,1
2025-12-25 23:19:46,"versi terbaru bnyak Problem, tolong perbaiki segera agar pengguna bisa akses daftar, dan tidak manual karna gangguannya dari sistem",Negative,0
2025-12-25 23:19:46,permintaan anda belom dapat di proses . silakan mencoba beberapa saat lagi? mohon maaf atas ke tidaknyamanan anda?. gimana tu kk.. mohon bantuannya kk,Negative,0
2025-12-25 23:19:46,the best,Positive,1
2025-12-25 23:19:46,ribet dan banyak bugs,Negative,0
2025-12-25 23:19:46,Aplikasi yg mendukung,Negative,0
2025-12-25 23:19:46,"Semenjak pake aplikasi JKN mau berobat jadi gampang, cuma. perlu buka aplikasi-daftar dari rumah setelah itu tinggal ke faskes. tanpa antrean panjang untuk pendaftaran, jadi efisien waktu dan tenaga",Negative,0
2025-12-25 23:19:46,very good,Positive,1
2025-12-25 23:20:21,Verifikasi wajahnya ga berhasil. Tolong ini diusut deh bikin aplikasi bukannya memudahkan malah menyusahkan. Udah banyak yang komplain loh udah berbulan2 jg gaada perubahan,Negative,0
2025-12-25 23:20:21,"Ini kenapa ya min buat daftar aja susah banget, waktu perekaman wajah lama banget padahal muka polos an ngga ada aksesoris apapun tapi ditungguin sampe 1 menitan ngga bisa”. Apa mukaku tidak terdeteksi?!",Negative,0
2025-12-25 23:20:21,"kode otp muncul harus isi pulsa, itupun kadang mau kdg tdk. setiap login cek antrean harus verifikasi wajah, tp mirror posisi bener tp gada hasilnya ttp gabisa login.",Negative,0
2025-12-25 23:20:21,Update dong gimana ini ga bisa ganti faskes,Negative,0
2025-12-25 23:20:21,"Mau rekam wajah. Pas buka kamera gak ada tombol take picture lah, trus rekam wajahnya pake apa? Yg bikin aplikasi kek KONTOOOLL",Negative,0
2025-12-25 23:20:21,Pelayanan pendaftaran online berjalan lancar dan baik.,Positive,1
2025-12-25 23:20:21,"Aplikasi taikkk !!! Katanya memudahkan masyarakat tapi verifikasi nya susah kayak daftar polisi,, eh iya sama sama dari pemerintah ya ,, kecewa hidup sekali menjadi WNI",Negative,0
2025-12-25 23:20:21,kenapa susah sekali mendaftar,Negative,0
2025-12-25 23:20:21,"Setiap pemerintah buat aplikasi pasti gak pernah beres😀orang mau berobat pun di persulitttt, rakyat indo bakal masuk surga lewat jalur pemerintah zolim",Negative,0
2025-12-25 23:20:21,gblokkkkk,Positive,1
2025-12-25 23:20:21,"Gak bisa daftar, tiap scan/verif wajah bener2 gabisa ngedetect apa-apa. stuck disitu mulu. salah gw apa",Negative,0
2025-12-25 23:20:21,Min gimana sih ini aplikasi nya org lagi sakit mau rujuk daftar nya gak bisa di bagian cocokan muka gimana sih???,Negative,0
2025-12-25 23:20:21,verif muka gabisa bisa,Negative,0
2025-12-25 23:20:21,"Verifikasi wajah tidak bisa , kamera hidup tapi tidak bisa verifikasi malah diam di kamera aja tanpa ada reaksi apapun, tolol yang buat ini",Negative,0
2025-12-25 23:20:22,daftar verivikasi wajah ga bisa bisaa udah di tempat terang udah depan lampu tetep bingkai nya merah tolol,Negative,0
2025-12-25 23:20:22,"aplikasi aneh,masa stuck di pemindaian wajah mulu gak pindah pindah,ini ngerti gaksih yg buat aplikasi",Negative,0
2025-12-25 23:20:22,"Buat pendataran nya aja gk jelas saat verifikasi wajah. Petunjuk cuma wajah harus di dalam kotak saja, petunjuk harus sesuai dengan kriteria yg di inginkan. Intinya mempersulit untuk mengakses banyaj hal.",Negative,0
2025-12-25 23:20:22,"Diawal udah dibuat kesel sama nih aplikasi, udah mau daftar trus pas sesi verifikasi wajah malah gaada respon, udah cocokin wajah di kotaknya masih ga keproses, sampe geleng"" sampe melet"" pun masih tetep gabisa, trus maunya apa???",Negative,0
2025-12-25 23:20:22,Face recognition didn’t work when you’re going to register,Negative,0
2025-12-25 23:20:22,"aneh bgt ga bisa daftar antrean,ga muncul”,surat rujukan tidak ada pdahl surat rujukan masih aktif.",Negative,0
2025-12-25 23:20:22,"Kode captha loading terus, Sekelas Apk plat merah seperti ini buruk nya, kurang kredibel.",Negative,0
2025-12-25 23:20:22,"Tolong banyak belajar dari Aplikasi pihak Swasta, dari segi kualitas aplikasi jauh dari yang diharapkan, malah mempersulit pengguna",Negative,0
2025-12-25 23:20:22,gak bisa verifikasi wajah,Negative,0
2025-12-25 23:20:22,"KAMERANYA KENAPA SIH GOBLOK, UDAH TAMPILIN MUKA MASIH AJA GK KE DETECT",Negative,0
2025-12-25 23:20:22,Aplikasi selalu error ketika verifikasi wajah ketika daftar. Sangat sulit untuk pengurusannya,Negative,0
2025-12-25 23:20:22,"Gajelas, verifikasi wajah ga berfungsi. apa-apa gabisa",Negative,0
2025-12-25 23:20:22,"Selalu gagal ditahap verifikasi wajah, padahal posisi sudah di dalam kotak yang ditentukan",Negative,0
2025-12-25 23:20:22,mau daftar aja susah banget verifikasi wajahnya padahal udah dipasin di kotak tetep merah terus gabisa dilewati juga.. tolong diperbaiki deh,Negative,0
2025-12-25 23:20:22,Beginikah kualitas aplikasi untuk kesehatan? Vermuk bekali kali ga ada yang nyantol.,Negative,0
2025-12-25 23:20:22,aaahhh aplikasi tolol. verifikasi wajah sampe 5 jam ga bsa.,Negative,0
2025-12-25 23:20:22,mau ganti faskes secara online tapi buat proses perekaman wajah gak berfungsi,Negative,0
2025-12-25 23:20:22,Foto verifikasinya wajah gak mau”,Negative,0
2025-12-25 23:20:22,"aplikasi sampah verifikasi wajah ga bisa2, bikin apk yg jelas lah jgn asal2an bikin apk sampah kaya gini",Negative,0
2025-12-25 23:20:22,NAJIS BAT ANJING,Negative,0
2025-12-25 23:20:22,verifikasi wajahnya udh di coba beberapa kali ga bisa trs,Negative,0
2025-12-25 23:20:22,"Bikin aplikasi yang bener bukannya memudahkan masyarakat tapi menyusahkan masyarakat, otaknya cuman mikirin uang aja mempersulit rakyat aja..",Negative,0
2025-12-25 23:20:22,Cukup bagus,Positive,1
2025-12-25 23:20:22,kenapa fitur kamera nya ga bisa,Negative,0
2025-12-25 23:20:22,kenapa setiap mau daftar pas udh bagian muka selalu gabisa???,Negative,0
2025-12-25 23:20:22,padahal udah deket sama kamera tetep aja gabisa,Positive,1
2025-12-25 23:20:22,"Aplikasi tol*l mau daftar verif wajah aja gabisa-bisa, gimana mau daftarnya tol*l, gabisa buat aplikasi ya gblk, uninstal kasi bintang 1 aplikasi tllol ini",Negative,0
2025-12-25 23:20:22,Tolong perbaiki bug face recognition di bagian pendaftaran,Negative,0
2025-12-25 23:20:22,"Mau dftr aja susah ny mintaammpuunn yatuhan. Udh ku ssuaikan tata letak wajah di dlm frame, TAPI GA MULAI2 di SCAN. Gda tmbol, gada tanda ap2 . Buriiiqq

App indo smua gada yg beres mmg",Negative,0
2025-12-25 23:20:22,Mau identifikasi wajah aja susahhh. Udah berjam-jam wajah saya tidak terdeteksi padahal kamera hp saya jernir pakai IP 13,Negative,0
2025-12-25 23:20:22,"APLIKASI PAYAH, GAK BERMUTU SAMA SEPERTI E-KTP TP APA2 MASIH MINTA FOTOCOPY KTP. PROJEK GAK BERMUTU ALA PEMERINTAH INDONESIA.",Negative,0
2025-12-25 23:20:22,"Tidak bisa daftar, stuck pada saat verifikasi wajah.",Negative,0
2025-12-25 23:20:22,Biar apa pake frista frista sengaja nih biar gabisa daftar online ntah agenda apa yg sedang dijalankan,Negative,0
2025-12-25 23:20:22,"Aplikasi aneh, baru mau mulai aja udah gabisa. lol",Negative,0
2025-12-25 23:20:22,dibagian peremakan wajah lama banget,Negative,0
2025-12-25 23:20:22,"Aplikasi sampah mempersulit , verifikasi wajah aja gabisa gini amat tinggal di Indo",Negative,0
2025-12-25 23:20:22,ini kenapa kok vermuk gak bisaa yaa saat daftar baru,Negative,0
2025-12-25 23:20:22,"Kebanyakan makan gaji buta
Aplikasi tidak berjalan sesuai sop",Negative,0
2025-12-25 23:20:22,Kenapa waktu mau daftar akun tidak bisa deteksi wajah? menyusahkan,Negative,0
2025-12-25 23:20:22,"Ini saat daftar kenapa aplikasi tidak merespon saat face recognition, pengaturan kamera tidak ada kendala.. apa ada update aplikasi???",Negative,0
2025-12-25 23:20:22,"Jika Verifikasi wajah belum stabil harusnya jangan di munculkan, diterbaiki dulu jika sudah akurat baru di luncurkan
Untuk saat ini verifikasi wajah sangat menyusahkan/mempersulit dan membuang waktu",Negative,0
2025-12-25 23:20:22,Buat apa ada seken muka kalo gak bisa berapa kali ulang ulang,Negative,0
2025-12-25 23:20:22,Aplikasi rusak gabisa verifikasi kamari nunggu ampe bermenit menit ga bisa bisa bisa tuh malah mlongo aja aplikasi BUKAN MEMPERMUDAH MEMPERSULIT ANGGARAN BUAT BIKIN APP NYA BERAPA EMNG EMNG AMPE KALAH AMA APP PINJOL BUAT VERIF NYA HERAN,Negative,0
2025-12-25 23:20:22,Kenapa sulit sekali?,Negative,0
2025-12-25 23:20:22,mau daftar tapi harus ada biometri ngerekam wajah tertulis wajah ditaro dikotak yg tersedia sudah ditaro tapi ga ngerekam” dan tidak aja selanjutnya apa…harusnya ada apoikasi biar memudahkan bukan malah bikin ribet yang ada…solusinya apa klo seperti ini,Negative,0
2025-12-25 23:20:22,tidak bisa mengubah kolasi faskes 1 karena fitur akses kamera tidak muncul di pengaturan,Negative,0
2025-12-25 23:20:22,"Daftar sudah sesuai data, tinggal verifikasi wajah sudah pas di dalam kotak nya tapi tidak merespon",Negative,0
2025-12-25 23:20:22,aplikasi jelek mau daftar online ke poli gigi dan mulut ga bisa,Negative,0
2025-12-25 23:20:22,Gmna coba verif foto kaga bisa bisa udah ulang ulang 10 kali keluar masuk tetep aja kaga bisa bisa verif apliasi tolol buang buang anggaran doang,Negative,0
2025-12-25 23:20:22,Saya tidak bisa melakukan perubahan faskes. Sampai tahap face recognition tidak ada petunjuk harus melakukan apa. Akan saya ganti jika sudan ada petunjuk jelas,Positive,1
2025-12-25 23:20:22,"KECEWA!!!!,,,NIK,,sudah benar,,mau masuk ajj susahnya minta ampun,,mau minta verifikasi kode,,gak ada respon",Negative,0
2025-12-25 23:20:22,"ga tau ya kenapa, tapi verifikasi wajah pas mau daftar nya lamaaaa bangett 😭🫢",Negative,0
2025-12-25 23:20:22,"bisa ga si klo bikin aplikasi yang bener, masa face app aja ga bisa, mau daftar gini aja suusahhh",Negative,0
2025-12-25 23:20:22,"Saya mau ganti faskes, saat verifikasi wajah tidak bisa. Untuk apa verifikasi wajah kalau tidak bisa digunakan, kembalikan saja seperti dulu pakai pin",Negative,0
2025-12-25 23:20:22,Akses ke kamera gak ada pilihannya 🙂 minimal kalo buat app tu dicoba sndiri dulu masuk akal apa gak perintahnya aneh banget,Negative,0
2025-12-25 23:20:22,"Kenapa ga kedeteksi saat di bagian biometrik,sudah 2hari nyoba ga di acc",Negative,0
2025-12-25 23:20:22,MAU DAFTAR BPJS VERIFIKASI MUKA AJA GA KE DETECT TERUS🙂 tolong solusinya sampe install-uninstall berulang kali masih ga bisa,Negative,0
2025-12-25 23:20:22,lama banget buat daftar aja pake ada verifikasi mukanya. mana gabisa2 tolonglah bnerin,Negative,0
2025-12-25 23:20:22,Saya sampai tahap facial recognition tapi muka saya tidak dikenali dan ngga ada tombol apa”. Contact CS lewat WA dan mereka cuman kasih poster yang ga ada tahap facial recognitionnya. Amazing design,Negative,0
2025-12-25 23:20:22,"aplikasi bodoh kah ini? bengak buyan yang buat aplikasi, fitur foto ga kepake dongo  banget blok",Negative,0
2025-12-25 23:20:22,sistem kamera tidak bisa,Negative,0
2025-12-25 23:20:22,Daftar sampai biomatrik wajah nunggu puluhan menit gak kelar kelar. Lol,Negative,0
2025-12-25 23:20:22,Sken wajad hampir dua jam sampai naik asam lambung,Negative,0
2025-12-25 23:20:22,"Gk bisa verifikasi wajah aneh
Padahl udh didepan kamera pas kotaknya
Sesuai intruksi",Negative,0
2025-12-25 23:20:22,Verifikasi nya susah bgt aneh,Negative,0
2025-12-25 23:20:22,TIDAK BISA VERIFIKASI WAJAH PADAHAL KAMERA JERNIH SESUAI ARAHAN.,Negative,0
2025-12-25 23:20:22,Perekaman wajah gagal terus,Negative,0
2025-12-25 23:20:22,"Verif wajah ga work, nambah dosa aja",Negative,0
2025-12-25 23:20:22,Tidak bisa,Positive,1
2025-12-25 23:20:22,"Biometrik tidak bisa, lanjut buat akun juga tidak bisa. Apa ada solusi?",Negative,0
2025-12-25 23:20:22,"tolong dong benerin app nya, aku gabisa ganti faskes, nyantol waktu verifikasi muka",Negative,0
2025-12-25 23:20:22,Aplikasi tolol duit negara dikorupsi doang bikin apk gini aja susah banget. Masa verifikasi wajah untuk eligible ga bisa2 mendingan lu suruh gua jadi it lu otomatis bagus itu apk. Tolol,Negative,0
2025-12-25 23:20:22,Buat daftar apkikasinya susah banget  pas ambil foto wajah,Negative,0
2025-12-25 23:20:22,"bayangin lo bikin aplikasi dana puluhan miliar tapi buat akses kamera aja ga bisa, uangnya malah dipake buat beli buzzer rating goblok",Negative,0
2025-12-25 23:20:22,aplikasi eror cacat ni aplikasi nya prodak pemerintah ga ada yg beres,Negative,0
2025-12-25 23:20:22,Ada masalah di verifikasi muka dan email/sms,Negative,0
2025-12-25 23:20:22,MAU GANTI PASS AJA SUSAH. MINTA KIRIM KODE VERIFIKASI LEWAT NOMOR TELFON BERKALI2 GA MASUK SMS NYA. PRODUK PEMERINTAH CUMA NYUSAHIN RAKYAT,Negative,0
2025-12-25 23:20:22,"Buat daftar aja gabisa, kameranya nge bug
Tolong di betulkan karna sangat amat tidak membantu.

Terimakasih",Negative,0
2025-12-25 23:20:22,"Aplikasi sampah mau daftar aja gabisa gabisa, stuck di foto muncul kamera doang gak bisa diapa apain gak ada menu lain lain gembel",Negative,0
2025-12-25 23:20:22,aplikasi bodoh verifikasi muka ga ke detect sama sekali padahal pencahayaan dll udah bener,Negative,0
2025-12-25 23:20:22,"Mau verif pindah faskes pake harus foto wajah, kalo fitur belom siap jgn di deployyy tolll polotolll blokkk",Negative,0
2025-12-25 23:20:22,sistem bobrok check in gak jelas hal gampang di susahkan,Negative,0
2025-12-25 23:20:22,Nyesel hidup di indonesia pelayanan sampah semua,Negative,0
2025-12-25 23:20:22,Gimana sih ini aplikasi gabisa di gunain,Negative,0
2025-12-25 23:20:22,"pas aku mau daftar kan harus input data wajah ,masa ga ada tombol buat take nya, terus ga ada perubahan warnanya merah terus, bener bener ngeselin aplikasinya",Negative,0
2025-12-25 23:20:22,Verifikasi wajah dh ku liat yt liat tiktok car cara nya pun tdk bisa tdk ada opsi sms ato telp bisa ga seh bikin yang bener verif nya aneh mau daftar aja di persulit mana verifikasi nga jelas padahal lagi butuh min di bagusin dlu baru terjun rilis aplikasi ga jelas ini,Negative,0
2025-12-25 23:20:22,"- istri saya tidak bisa ambil foto untuk ganti kelas faskes

- sewaktu telfon, CS nya terburu2 mau mengakhiri percakapan, ketika di tanya jawabannya ""iyaahhhh"" seperti malas & emosi.",Negative,0
2025-12-25 23:20:22,"scan wajah kalo gak bisa otomatis mending gak usah pake yang otomatis, pakai scan manual aja, ini orang keburu mati gak bisa di tangani. udah 2 hari gak bisa berobat gara” scan wajah gak bisa dtack, emang apk tolol",Negative,0
2025-12-25 23:20:22,"Kenapa pas proses verifikasi ko merah terus kameranya, tolong di perbaiki apk nya",Negative,0
2025-12-25 23:20:22,"Aplikasi sangat tidak jelas!!
aplikasi malah mempersulit bukan mempermudah. proses pendaftaran stuck pada saat pengambilan gambar tidak ada kemajuan!!!",Negative,0
2025-12-25 23:20:22,GAJELAS ANJIR APLIKASINYA SUMPAH MAU BIKIN AKUN PAS VERIF WAJAH GABISA2. APLIKASI BOBROK KLO BLM SIAP MASUK ERA DIGITAL GAUSA SOK BIKIN ATURAN HARUS DAFTAR LEWAT APP BJIRRRRR,Negative,0
2025-12-25 23:20:22,Min… kenapa untuk memverifikasi data pendaftaran kameranya tidak ada merespons sama sekali padahal sudah diulang berkali-kali dilain waktu dan wifi yang berbeda juga menggunakan kamera hp yang bagus,Negative,0
2025-12-25 23:20:22,Daftar verifikasi wajah gabisa lol,Negative,0
2025-12-25 23:20:22,Mau ganti faskes aja ribetnya minta ampun. Berkali2 verifikasi wajah ga bisa. Kalo bisa bintang 0 gua kasih bintang 0 dah. SAMPAH,Negative,0
2025-12-25 23:20:22,"Lgsg unistall aja. Apps ga guna, minta verifikasi wajah tp fitur verifikasi wajah ga fungsi. 
Ga bs bikin apps tp sok iye 🤣",Negative,0
2025-12-25 23:20:22,Banyak banget bug nya. Wajah saya gak ter verifikasi verifikasi. Padahal udah didalam kotaknya,Negative,0
2025-12-25 23:20:23,"verifikasi aja gak bisa"" haduh",Negative,0
2025-12-25 23:20:23,"Kenapa sih hal2 penting kaya gini harus di kelola orang gak tolol, tiap bikin aplikasi pasti jeblok semu",Negative,0
2025-12-25 23:20:23,Aplikasi gak jelas,Negative,0
2025-12-25 23:20:23,App bego gausah sok sokan pake biometric kalo gabisa dipake siapa sih vendor nya orang bpjs juga bego vendor tolol kek gini malah dipilih gangerti cara bikin app,Negative,0
2025-12-25 23:20:23,Tolong benerin fitur verif wajahnya saya mau ganti faskess,Negative,0
2025-12-25 23:20:23,"Saya mau merubah lokasi faskes, namun setelah semua proses input data kemudian masuk fase sistem Frista dan meminta mengakses kamera, tapi setelah di berikan akses, aplikasi merestart dan semua proses berulang, gitu terus sampe gila

Istri saya download untuk daftar baru, namun sampe fase Frista untuk menginput biometrik wajah, aplikasi tidak merespon dan mengambil foto sebagaimana mestinya, jika di batalkan proses berulang lagi dari awal, 
Aplikasi pemerintah emang sampah",Negative,0
2025-12-25 23:20:23,"mau pindah faskes, disuruh izinkan kamera untuk biometrik dan gabisa kalo ga klik ""izinkan"". auto redirect ke settings, TAPI di menu settings ""allow what BPJS can access"" di iphone, GA ADA fitur kameranya buat di allow. lah gmn si GA JELAS plis",Negative,0
2025-12-25 23:20:23,Sampah bangett gk bisa verifikasi waja.. Tolong dong diperhatikan lagi aplikasi ini kenapa gk sat set gitu loh kalo mau daftar.,Negative,0
2025-12-25 23:20:23,mau verifikasi wajah gabisa mulu! padahal lagi urgent,Negative,0
2025-12-25 23:20:23,"HP IP 11 susah verifikasi wajah , apakah harus saya beli Kamera nikon ?",Negative,0
2025-12-25 23:20:23,"susah banget ini aplikasi, saya mau verif wajah gabisa mulu, udah nyoba berbagai cara tetep aja kaga ke deteksi, sangat membantu sekali aplikasi ini",Negative,0
2025-12-25 23:20:23,Tidak bisa masuk di iphone 7,Negative,0
2025-12-25 23:20:23,busuk,Negative,0
2025-12-25 23:20:23,App ngentot,Positive,1
2025-12-25 23:20:23,Kurang fast respon,Positive,1
2025-12-25 23:20:23,GAK JELAS GAK BISA DAFTAR,Negative,0
2025-12-25 23:20:23,Saya tidak bisa login u/ mengambil antrean. Saya memakai iPhone 7. Sebelumnya bisa. Please fix. Tks.,Negative,0
2025-12-25 23:20:23,LO KALO BIKIN APLIKASI JANGAN NYUSAHIN MINIMAL DI MAINTENANCE ORANG SAKIT DISURUH BIKIN JKN KETIKA FACE RECOGNITION GA KEDETECT2,Negative,0
2025-12-25 23:20:23,"KAMERA UDH SESUAIKAN DI WAJAH, GW TUNGGU 2-3MENIT MASIH GA DAPET SENSOR NYA, GAJELAS APK",Negative,0
2025-12-25 23:20:23,gimana ya di ulang berkali2 tp verifikasi wajahnya gabisa dan lama. saya bingung hrs gmn,Negative,0
2025-12-25 23:20:23,Aplikasi jelek mau verifikasi wajah buat ganti faskes gak bisa2,Negative,0
2025-12-25 23:20:23,Permuk nya sangat sulit kamera nya ga kaya cermin,Negative,0
2025-12-25 23:20:23,Terima Kasih.,Positive,1
2025-12-25 23:20:23,Coba log in katanya belum terdaftar yaudah coba daftar. Pas daftar disuruh verifikasi wajah tapi gak bisa bisa. Jujur ini aplikasinya bener bener gak guna. Daripada uang yang dipake buat bangun aplikasi ini jadi sia-sia mending ganti vendor atau gak usah ada aplikasi ini sekalian.,Negative,0
2025-12-25 23:20:23,"Verifikasi wajah selalu gagal lapor ke org kesehetan disuruh ulang terus sampai bisa, padahal sudah dicoba berbagai cara tetap gabisa",Negative,0
2025-12-25 23:20:23,gausa sok mau verif wajah lah buat apk aja gabisa. ngedetect gabisa tolol,Negative,0
2025-12-25 23:20:23,Tidak bisa login sama sekali pdhl butuh jkn mobile..,Negative,0
2025-12-25 23:20:23,Aplikasi gak bisa perifikasi wajah aduh jodok,Negative,0
2025-12-25 23:20:23,"gabisa ganti faskes, minta verifikasi wajah, dicoba trs gabisa2, caur",Negative,0
2025-12-25 23:20:23,"Nyusahin rakyat mau update faskes aja ada kendalanya, kamera segala di mirror. IT nya gak guna",Negative,0
2025-12-25 23:20:23,"mau pindah faskes haru verifikasi wajah, tapi wajahnya ga terdeteksi. padahal udah lepas kacamata, di tempat yang terang, tapi tetep ga kebaca.",Negative,0
2025-12-25 23:20:23,"Mau daftar tapi pengenalan wajah sama sekali tidak bisa ke baca, padahal sudah di tempat terang",Negative,0
2025-12-25 23:20:23,"Ga berfungsi, tolong perbaiki BUG nya segera",Negative,0
2025-12-25 23:20:23,JELEK! Tidak Bisa Berfungsi! Alhasil gabisa diakses. Percuma download buang kuota,Negative,0
2025-12-25 23:20:23,"baru satu kali masukin sandi dibilang udah salah 3 kali masukin sandinya terus disuruh nunggu beberapa menit, ubah kata sandi pake sandi baru masih dibilang salah, ngaco ni aplikasii. benahinn laah.",Negative,0
2025-12-25 23:20:23,Minn gak kebaca kameranya di hp akuu. Mohon perbaiki bug nya yaaa,Negative,0
2025-12-25 23:20:23,"Verifikasi wajahnya payah banget, mirror lagi",Negative,0
2025-12-25 23:20:23,Kebantu bgt dengan ada ya bpjs,Negative,0
2025-12-25 23:20:23,tolong lah mau daftar aja di persulit memakai verifikasi wajah dan sudah verifikasi wajah pun tetep tidak ada respon berhasil atau tidak verifikasi wajahnya,Negative,0
2025-12-25 23:20:23,login gaa bisaaa pake face id,Negative,0
2025-12-25 23:20:23,"Harus verifikasi wajah buat perubahan data faskes 1, tapi akses ke kamera nya ngga ada buat IOS kah?",Negative,0
2025-12-25 23:20:23,"biometric"" peler gabisa login",Negative,0
2025-12-25 23:20:23,Tidak bisa mendaftar dengan biometrik dan selalu gagal.,Negative,0
2025-12-25 23:20:23,"Mau ganti faskes 1 minta verif, minta akses kamera, tapi ga ada opsi buat ngasi akses kamera. Terus aku kudu piye?",Negative,0
2025-12-25 23:20:23,Proses registrasi terlalu sulit. Apalagi terkait proses verifikasi yang masih menggunakan SMS (memang tersedia fitur verifikasi melalui WA tapi tidak semua perangkat muncul fitur ini),Negative,0
2025-12-25 23:20:23,aplikasi bobrok daftar face nya gabisa BNGST,Negative,0
2025-12-25 23:20:23,"Mau ambil antrian tulisannya gagal terhubung ke server ,dicba lagi tulisan tidak bisa ambil antrian lebih dari 1x padahal nmr antrian blm keluar,hbis update malah gak jelas",Negative,0
2025-12-25 23:20:23,"Udh digaji pake pajak ya aplikasi diperhatiin dong lolot amat??? Masa mau verifikasi wajah aja gabisa, cuma stuck di frame merah pdhl cahaya bagus wajah jelas. Gembel",Negative,0
2025-12-25 23:20:23,MINTA PENGENALAN WAJAH TP DARI APLIKASINYA GAK BISA AKSES KAMERA,Negative,0
2025-12-25 23:20:23,"Tolong aplikasinya diperbaiki lagi, masa buat verifikasi wajah aja susah banget, perkara mau ganti faskes. Bayar pajak rutin buat perbaiki aplikasi aja masa susah sih?",Negative,0
2025-12-25 23:20:23,"jelek, verifikasi muka wajah udh pas dalm kotak, masih ga ke detek gimana sih DONGO",Negative,0
2025-12-25 23:20:23,"Mau ubah faskes aja susahnya cok tinggal verifikasi wajah ga bisa bisa lanjut ke tahap selanjutnya, udah telpon operator tb tb dimatiin telfonnya. Anjing kerja yang bener tolol!",Negative,0
2025-12-25 23:20:23,Aplikasi ribet gak bisa daftar,Negative,0
2025-12-25 23:20:23,"kalo mau rekam wajah yang bener napa asu rekam wajah saja lama bangett sampe berjam"" nungguin masih gak kelar"" buat apa coba harus verifikasi wajah kalo harus sampe nunggu lama berjam"" asu gaguna ini apps",Negative,0
2025-12-25 23:20:23,Ga bisa verifikasi foto gimana ini,Negative,0
2025-12-25 23:20:23,Aplikasi jauh dari kata layak,Negative,0
2025-12-25 23:20:23,Susah bgt daftar apknya teru stak di verifikasi wajahnya berjam” udh mencobak gak bisa” giaman sihhh,Negative,0
2025-12-25 23:20:23,"Error spesial character bikin frustasi, kadang karena ngetik kepanjangan aja keluar error ini, tolong perhatiin ux nya kenapa gak di handle langsung dan remove di backend aja yg kayak gini",Negative,0
2025-12-25 23:20:23,"aplikasi goblok verif muka aja gabisa bisa najis, bukan mempermudah malah mempersulit",Negative,0
2025-12-25 23:20:23,Verifikasi ribet anjing! Susahnya minta ampun! App TOLOL,Negative,0
2025-12-25 23:20:23,"giliran vermuk gabisaa,gimana sih ini???!!!!!!!!",Negative,0
2025-12-25 23:20:23,"Saya ambil antrian online di JKN ke RS koesma tuban tapi sampai di RS harus antri manual lagi...
Terus fungsi antri online di aplikasi JKN apa min?",Negative,0
2025-12-25 23:20:23,gw daftar waktu verifikasi wajah kok bermasalah terus sih anj***g,Negative,0
2025-12-25 23:20:23,"mau verifikasi wajah aja susha banget gabisa bisa, bilangnya muka harus ada dalam kotak, aplikasi aneh",Negative,0
2025-12-25 23:20:23,kekonfirmasi dengan nik yang sama suruh ke bagian pendaftaran secara manual tll,Negative,0
2025-12-25 23:20:23,"kgk bisa verif muka anjim, semoga lu dan keluarga lu bolak balik RS makanin duit haram",Positive,1
2025-12-25 23:20:23,setelah update versi fitur tidak bisa dipakai. notifnya tidak dapat diproses tunggu benerapa saat terus.. coba logout login ga bisa.. coba install ulang tetap tidak bisa.. internet koneksinya stabil lancar,Negative,0
2025-12-25 23:20:23,tiap mau login pasti cuma stuck doang,Negative,0
2025-12-25 23:20:23,Pas beres daftar trus verif wajah alias scan wajah tapi gak bisa.. tetep aja merah..,Negative,0
2025-12-25 23:20:23,"Setelah update versi terbaru awal bulan Agustus, ada bberapa kendala: (1) tidak bisa mengakses menu ambil antrean untuk faskes tingkat pertama; (2) tidak bisa logout.
Coba uninstall malah tidak bisa login sama sekali. Tolong segera perbaiki.",Negative,0
2025-12-25 23:20:23,aplikasi stuck di rekam wajah,Negative,0
2025-12-25 23:20:23,Masa ga bisa identifikasi wajah. Cacat aplikasi ngentot,Negative,0
2025-12-25 23:20:23,"Aplikasi gabisa di pake, jangankan login, registrasi aja ga selesai, tahap verifikasi wajah/biometrik ga berfungsi, sidah banyak yang kasi review masi ga di perbaiki, di bawah naungan bumn tapi tetep gabisa proses online, ciri2 neg*ra gag*l",Negative,0
2025-12-25 23:20:23,"makin kesini makin ribet, tolong dong aplikasi mobile JKN bisa dibuat lebih simple untuk para penggunanya dan aplikasinya harusnya udh siap sedia. Belajar dlu deh sm develop BCA yg udh terintegrasi dan oke punya dan memudahkan penggunanya. Apalagi ini terkait kesehatan, masa ga sat set sih. Smg masukan dri pengguna bisa didengar untuk bisa mengupgrade aplikasi jdi lebih canggih",Positive,1
2025-12-25 23:20:23,Perpanjang SKCK aja suruh Buat jkn segala ribet jadi wni!! Adminnya gimana sihh??fitur kamera gak bisa di pakai.,Negative,0
2025-12-25 23:20:23,"Tolong hilangkan Bug saat mendaftar, yang ada pada verifikasi wajah. Wajah sudah sesuai dengan kotak yang di sediakan, Namun tidak ada proses yang di lakukan oleh sistem. Tolong di perbaiki.
TERIMAKASIH",Negative,0
2025-12-25 23:20:23,Ini kenapa scan wajah ngak bisa perbaiki lah buru buru ini,Negative,0
2025-12-25 23:20:23,Ga bisa masuk kamera itu gimanaa???,Negative,0
2025-12-25 23:20:23,gmn si ini mau log in masukin capcart ga bisa2 mempersulit !!! tolong perbaiki,Negative,0
2025-12-25 23:20:23,Akses kamera nya mana!!,Positive,1
2025-12-25 23:20:23,apk gajelas buat susah orang,Negative,0
2025-12-25 23:20:23,Aplikasi jelek,Negative,0
2025-12-25 23:20:23,"Aplikasi jelek bangat, verfikaai wajah susah bngt ke detek, perbaiki lagi. Viturnya juga jelek bangat sumpah",Negative,0
2025-12-25 23:20:23,Tolong diperbaiki untuk verifikasi wajahnya. Mau daftar faskes 1 dokter gigi gabisa terus terverifikasi wajahnya,Negative,0
2025-12-25 23:20:23,Saya mau ubah Faskes Tingkat 1 untuk dipakai di wilayah baru harus verifikasi wajah selalu minta akses kamera. Sudah dikasih akses kamera jg tetap langsung ke tutup. Mau nya gmn ya?,Negative,0
2025-12-25 23:20:23,"gabisa"" daftar pada saat proses kamera",Negative,0
2025-12-25 23:20:23,"gak bisa verifikasi wajah!! alhasil saya gabisa daftar,pdhl penting banget,,skrng ijin sakit diperusahaan hrus sudah dftr aplikasi ini,kalau belum ga bisa verifikasi skd dan gaji terpotong",Negative,0
2025-12-25 23:20:23,waktu daftar discan wajah gaada tombola apa apa gaada respon apa apa nunggu udah lama ni gajelas banget,Negative,0
2025-12-25 23:20:23,gak bisa ke deteksi wajah aing aplikasi sampah,Negative,0
2025-12-25 23:20:23,Apk tolollll ngabisin angaran aja,Positive,1
2025-12-25 23:20:23,"Min, bisa tolong di sesuaikan agar pengguna iphone SE gen1 masih bisa pake aplikasi nya? Sebelum update sih masih bisa setelah update jd ga bisa login, padahal udh input NIK dan password dengan benar di tap login tp ga masuk ke aplikasi nya, tetep di halaman login",Negative,0
2025-12-25 23:20:23,"Ga jelasss bangett aplikasinya, dari tadi ngga terverifikasi wajahnya",Positive,1
2025-12-25 23:20:23,"Plis bangett Mob JKN upgrade aplikasinya, Jelek banget!! Verifikasi wajah setengah mampus ga bisa",Negative,0
2025-12-25 23:20:23,gak layak banget ini aplikasi,Negative,0
2025-12-25 23:20:23,"Aplikasi ini sebenernya berguna, tapi fitur pengisian keluhan bikin frustasi. Setiap kali nulis sedikit panjang langsung error katanya ada “spesial karakter”, padahal cuma pakai titik, koma, atau enter biasa. Sampai harus ngetik ulang berulang kali baru bisa. Tolong segera diperbaiki biar pengguna nggak buang waktu cuma gara-gara form yang terlalu sensitif",Negative,0
2025-12-25 23:20:24,Aplikasi goblokkk varifikasi wajah gamau tolol,Negative,0
2025-12-25 23:20:24,"Bagian sistem indentifikasinya ga jelass mau apa, udah simpam wajah bagian kotak ga twrjadi apa”",Negative,0
2025-12-25 23:20:24,"Tidak bisa daftar karena biometrik ga bisa d klik, lemah banget sistem nya, padahal udh bayar mahal2, ga pernah di pake, mau coba daftat aplikasi susah banget.",Negative,0
2025-12-25 23:20:24,TOLONG YA DIPERBAIKI ! jangan menyusahkan bisa ga sih? mau verifikasi wajah aja gabisa! udah berkali-kali dicoba! aplikasi itu jangan dibuat menyulitkan. tolong diperbaiki bagian verifikasi wajah,Negative,0
2025-12-25 23:20:24,Mau daftar tapi pas verifikasi wajah malah ga bisa udah nyoba beberapa kali masih gabisa,Negative,0
2025-12-25 23:20:24,biometrik ga fungsi. wajah udah sesuai kotak aja msh gak ke detect.,Negative,0
2025-12-25 23:20:24,bikinn emosi kenapa ya serba sulit,Negative,0
2025-12-25 23:20:24,"katanya mempermudah, ini mempersulit aja. mau daftar online langkah pertamanya aja pas verifikasi muka super susah. buruk bgt pindaian nya , gada arahan lagi. apk payah",Negative,0
2025-12-25 23:20:24,"gmna sih ini mau daftar akun aja gabisa verifikasi wajah, udah ikutin ketentuannya gaada kelanjutan terus standby dikamera doang, gajelas, tolong diupdate dong",Negative,0
2025-12-25 23:20:24,"KALO BELUM MAMPU PAKAI APLIKASI GAUSAH MAKSAIN, VERIFIKASI WAJAH AJA GABISA KEBACA2 KOCAK",Negative,0
2025-12-25 23:20:24,"Disuruh verifikasi wajah tapi nga terverif2, padahal udah mgikutin petunjuk segala macam.",Negative,0
2025-12-25 23:20:24,susah banget daftar verifikasi wajah tolong di update lagi bug nya,Negative,0
2025-12-25 23:20:24,Terbaik aplikasi ini dan sangat membantu kami sebagai peserta bpjs,Positive,1
2025-12-25 23:20:24,"Saya ingin berbicara dengan cs, tapi tidak ada Kontak Cs di aplikasi Mobile JKN, di WA Pandawa juga tidak ada pilihan berbicara dengan costumer service BPJS Kesehatan.",Negative,0
2025-12-25 23:20:24,Login ke pemindai muka ga bisa”,Negative,0
2025-12-25 23:20:24,apk tolol verifikasi wajah ga confr”,Negative,0
2025-12-25 23:20:24,"Super praktis! Semua urusan BPJS sekarang tinggal lewat HP. Mau ganti faskes, cek tagihan, atau ambil antrean online — semua bisa dari aplikasi Mobile JKN. Gak ribet, tampilannya juga user-friendly banget. Wajib punya sih buat peserta BPJS! 👍✨",Negative,0
2025-12-25 23:20:24,"Mau daftar pun sulit, aplikasi belum siap luncur. Masa daftar aja lama banget gak bisa bisa. Typical app pemerintah selalu bobrok.",Negative,0
2025-12-25 23:20:24,"Dari tadi udh 10x sken muka gaada proses apa apa apliksi bikin emosi, kalo  gitu mending gausa onlen"" lah bikin emosi doang yg bikin aplikasinya ga jelas",Negative,0
2025-12-25 23:20:24,"Tidak bisa dapat no OTP, scan wajah tapi tidak merespon, aneh !!!",Negative,0
2025-12-25 23:20:24,KALO GA BECUS BUAT TEKNOLOGI GAUSA SOK DI BUAT BIAR KEREN KOCAKK 😡🤬,Negative,0
2025-12-25 23:20:24,"Plis dari bulan kemaren mau ganti faskes 1 gabisa, padahal dulu tinggal ganti aja terus done. Boleh ga si diapus aja frista nya kalo sistemnya masih buruk? Kan jadi merugikan.",Negative,0
2025-12-25 23:20:24,"Gila ya memang aplikasi tolol, disuruh verifikasi wajah tapi gak ada keterangan harus gimana udah berbagai sisi berbagai cara masih aja gak ada respon aplikasinya. Kalo ga bisa bikin aplikasi gak usah bikin deh, NGEREPOTIN",Negative,0
2025-12-25 23:20:24,Gagal terus verifikasi wajah gaada kejelasan,Negative,0
2025-12-25 23:20:24,"udah keliatan dari ux nya aja, gausa ngomongin ui dulu, bisa kok dibandingin sama app lain. mau verifikasi muka aja gabisa, ga ke detect, belum lagi kameranya ga dibikin mirror, udah tau buat selfie. layout, button” banyak yg perlu diimprove noh size sama spacing nya. ga ngerti kenapa banyak yg kasih bintang 5, buzzer?",Negative,0
2025-12-25 23:20:24,"gajelas kocakk, verifikasi wajahh udah lah mirror gabisa bisa, yang katanya mempermudah malah jdi mempersulit emng gajelas",Negative,0
2025-12-25 23:20:24,"Ini kenapa ga bisa daftar di iphone ga ada akses kameranya?? Aplikasi masih banyak bug besar udah go live aja, KACAUU KACAUUU",Negative,0
2025-12-25 23:20:24,INI NIAT MEMBANTU RAKYAT GA SIH VERMUK WAJAH SUSAH BGT KALO APK BLM JADI GAUSA DIKELUARIN DULU BENERIN DULU LAGI SAKIT VERTIFIKASI WAJAH DIPERSULIT TAMBAH SAKIT NIH UDH SEJAM DIDEPAN KAMERA UDH GELENG” KEDIP SAMPE SENYUM GA NGARUH SAMA SEKALI TOLONG SEGERA BENAHI,Negative,0
2025-12-25 23:20:24,Mau ganti faskes kehalang verifikasi wajah dah bolak balik instal uninstall tetep ga bs. Liat review emg kacrut ini apps ternyata,Negative,0
2025-12-25 23:20:24,Gagal terus verifikasi kocak,Negative,0
2025-12-25 23:20:24,Masa rekam wajah ga bisa bisa,Negative,0
2025-12-25 23:20:24,"Verivikasi wajah aja gabisa bisa cuma nongol muka doang, udah dipasin tapi gitu gitu aja gada konfirmasi atau apa kayak orang bego jadinya.",Negative,0
2025-12-25 23:20:24,Bayi saya baru lahir mau daftar ulang rujukan ngambil antrean di mintain nik,Negative,0
2025-12-25 23:20:24,"Sudah ikuti semua petunjuk, tapi verifikasi wajah tetap gagal. Muka udah pas di kotak, tapi aplikasi tidak respon sama sekali. Ini ganggu banget. Mohon perbaikan!",Negative,0
2025-12-25 23:20:24,"Setelah login, keterangan pada aplikasi permintaan anda blm dpt diproses",Negative,0
2025-12-25 23:20:24,TOLONG LAH FITUR VERIFIKASI NYUSAHIN BGT SAYAA MAU KONTROL INI MALAH NGEREPOTIN BANGET CAPE BGT MO NANGIS RASANYA CUMA UNTUK VERIFIKASI NYA MANA GADA PILIHAN LAIN LAGI UDH SAKIT TAMBAH SAKIT,Negative,0
2025-12-25 23:20:24,"Aplikasinya gk jelas mau daftar verifikasi wajah tapi gk selesai” hanya kotak kamera aja tanpa ada penyelesaian 
GAK BISA DAFTAR CUYY",Negative,0
2025-12-25 23:20:24,Saya sebagai ios dev ini aplikasi gajelas,Negative,0
2025-12-25 23:20:24,"Aplikasi nya masih perlu perbaikan, setelah coba ganti faskes 1, disuruh validasi lewat frista (face recognition) malah ga bisa-bisa. IT nya kerjanya ga bener, developer aplikasi kurang serius kerjanya",Negative,0
2025-12-25 23:20:24,"VERIF WAJAH PALING AMPAS DRI SEMUA APK PEMERINTAHAN YG W PAKE,MASI BAGUS FITUR VERIF WAJAH PINJOL",Negative,0
2025-12-25 23:20:24,"Aneh sekali saya gak bisa masuk dengan akun karena ada sistem biometrik verifikasi wajah menggunakan kamera, aplikasi mengharuskan user untuk mengizinkan akses kamera tetapi tidak ada opsi untuk mengizinkannya. Tolong diperbaiki",Negative,0
2025-12-25 23:20:24,"Aplikasi ampas ribet!! Daftar susaa, developer bapuk, klo gabisa buat aplikasi mending gausa",Negative,0
2025-12-25 23:20:24,"ni gimana si verif wajah gabisa bisa, di deketin ke kotak gabisa di jauhin gabisa sampe pegel pegangnya apa harus sambil kayang buat verif wajah?",Negative,0
2025-12-25 23:20:24,kalooo bikin aplikasi tuhh yg bener donggg masa verifikasi muka gabisa” mana mirorr,Negative,0
2025-12-25 23:20:24,Sangat lelet udah prifikasi wajah sesuai yg di tentukan malah gak jadi”,Negative,0
2025-12-25 23:20:24,"Aplikasi taek, verifikasi wajahmu lo ga kenek a",Negative,0
2025-12-25 23:20:24,"Verifikasi wajah gabisa bisa, ga gagal ga berhasil jg diem aj bgitu ga ada respon, udh pake hp lain sama ga bisa juga, ga jelas aplikasi pemerintah kerjanya",Negative,0
2025-12-25 23:20:24,"cukup mudah, tp pin lama saya tdk berlaku, jd harus reset pin, tp cepat selesai, terima kasih",Positive,1
2025-12-25 23:20:24,"minta akses kamera, tapi tidak ada opsi allow kamera di IOS",Negative,0
2025-12-25 23:20:24,"Kenapa selalu keluar terus dri apk, dan masuk kembali lagi? Eror terus",Negative,0
2025-12-25 23:20:24,Aplikasi bodoh mau daftar varifikasi muka malah ga berfungsi,Negative,0
2025-12-25 23:20:24,"Saya buat pengaduan dan pertanyaan via mobile jkn, tapi aplikasi gak support untuk ketikan kronologis panjang dan selalu bertanya yg sama padahal saya sudah ketikan  nomor tiket pengaduan yg awal supaya bisa lengkap membaca kronologis nya.

Saya telpon ke 165, alasan CS gk bisa eskalasi permasalahan saya karena tidak terintegrasi dengan mobile jkn. Dan suruh saya lgsung ke kantor pusat untuk pengaduannya.

Padahal kan maksud saya telpon 165 karena via mobile jkn ga support jadi saya ingin menyampaikan kronologis via 165 saja, baru akhirnya petugas CS nya mau mencatat (itupun akhirnya telpon saya dimatikan dengan alasan suara tidak terdengar padahal belum ada jeda lama dari trakhir petugas mendengar suara saya), intinya pertanyaan dan pengaduan saya sama2 tidak mendapat jawaban baik via mobile jkn maupun 165.

Kalau saya disuruh ke kantor pusat yaa percuma sekali ya, pdhal info nya bpjs kasih akses mobile jkn dan 165 untuk mempermudah bukan mempersulit dan oper2an",Negative,0
2025-12-25 23:20:24,Mau bikin akun aja harus pake verifikasi wajah dan itu gabisa2 terus.  Mau mindah faskes aja susahnya minta ampuuun,Negative,0
2025-12-25 23:20:24,susah banget sih mau identifikasi biometrik,Negative,0
2025-12-25 23:20:24,Sering banget log out sendiri anj*ng! Dengan alasan log in di device yang berbeda! T4i!,Negative,0
2025-12-25 23:20:24,aplikasi sangat buruk,Negative,0
2025-12-25 23:20:24,knp si gabisa verifikasi wajah,Negative,0
2025-12-25 23:20:24,Face recognition nya lama sekali kan apple ada face id bisa ukur jarak kedalaman pake sensor,Negative,0
2025-12-25 23:20:24,Scan wajah tidak berfungsi,Negative,0
2025-12-25 23:20:24,"Saat ada perubahan data, sangat sulit melakukan verifikasi wajah, sudah dicoba beberapa jam dalam beberapa hari, aplikasinya sama sekali tidak merespon, hanya kotak merah yang sama sekali tidak bergerak, tolong diperbaiki min, ini kan project mahal ya",Negative,0
2025-12-25 23:20:24,"Proses perubahan status menggunakan auto debit Bank Mandiri tidak bisa dan sudah dilakukan pengaduan tapi tidak membantu dan solusi yg diberikan tidak simple sehingga harus merubah auto debit dgn BCA. 
Harusnya semua bank di permudah proses pendaftaran auto debitnya.",Positive,1
2025-12-25 23:20:24,Bapuk,Negative,0
2025-12-25 23:20:24,Aplikasinya rusak,Negative,0
2025-12-25 23:20:24,"verifikasi wajah tidak bisa, sms juga tidak ada padahal pulsa ada. SEMUA RS HARUS DAFTAR DI JKN, SEDANGKAN APLIKASI JKN SEPERTI INI, PRODUK GAGAL",Negative,0
2025-12-25 23:20:24,Fix it!!!!,Positive,1
2025-12-25 23:20:24,"Apan gk bisa baca verif, ini apk depvlop nya anak smp kli ya",Negative,0
2025-12-25 23:20:24,"aplikasinya cacat masa gabisa verifikasi data terus aneh, aplikasi pemerintah bisanya nyusahin. yang bener dong bikin aplikasi, kalah sama apk pinjol",Negative,0
2025-12-25 23:20:24,Kasian ibu saya sudah tua suruh FR ga bisa bisa. Padahal duduk aja sudah kesulitan,Negative,0
2025-12-25 23:20:24,"Sensor kamera verifikasi nya kayak kont*l  yg buat alias buta map, udah kameranya mode miror dikira ga pusing apa di tambah keram tangan smpe 5 menit ga berhasil” tolol",Negative,0
2025-12-25 23:20:24,mau daftar nungguin kode otp dikirim ke email gak masuk2 sampe diulang2 tetep gak ada email kode otp niat gak sih bikin aplikasi,Negative,0
2025-12-25 23:20:24,RIBET,Negative,0
2025-12-25 23:20:24,perbaiki verifikasi wajah,Negative,0
2025-12-25 23:20:24,"E naskleng ci ne ngae aplikasi, aplikasi tain cicing naskleng nasplet sing dadi anggo",Negative,0
2025-12-25 23:20:24,MASA GA BISA VERIF WAJAH??? PADAHAL LOH UDAH DI DALEM KOTAK TAPI LAMA BGT GA KESCAN,Negative,0
2025-12-25 23:20:24,tidak bisa verifikasi wajah,Negative,0
2025-12-25 23:20:24,verifikasi wajah ini kok ga bisa anjir ga ada kelanjutan. aplikasi under government ga jelas tot,Negative,0
2025-12-25 23:20:24,dari awal susah bgt daftarnya dri yg sms engga masuk padahal pulsa ada terus sekarangg verifikasi juga gabisa susah bgt plis dimudahin aja,Negative,0
2025-12-25 23:20:24,"kenapa pas mau daftar terus scan wajah,gabisa bisaa,stuck aja terus disitu,hadehh menyulitkannnn",Negative,0
2025-12-25 23:20:24,Gabisa daftar krna harus verifikasi wajah. Sudah sesuai arahan berada di dalam kotak tapi engga ada reaksi apa-apa mentok saja disana. Kenapa ya? Mohon di tinjau,Negative,0
2025-12-25 23:20:24,"aplikasi ga jelas, mau daftar aja ga bisa bisa. udah sejam nunggu face recognition ga bisa bisa, mana ga mirror lagi kameranya. TERUS SAYA MAU DAFTAR GIMANA???",Negative,0
2025-12-25 23:20:24,mau login aja ga bisa masukan capcha sampai sukses juga ga bisa” aplikasi kurang worth it,Negative,0
2025-12-25 23:20:24,"Tidak bisa daftar, selalu nyangkut di verifikasi wajah, gak jelas gimana cara kerjanya aplikasi ini",Negative,0
2025-12-25 23:20:24,Susah login padahal kemarin mudah,Negative,0
2025-12-25 23:20:24,Aplikasi tolol,Negative,0
2025-12-25 23:20:24,Serius dikit lah buat aplikasi. Ini urusan sama masyarakat dan kalian buat ini di support pemerintah yang uangnya banyak dari rakyat juga. Login dibilang gagal sampai di suspend. Daftar autodebt muter2 kaya kentut akhirnya tetap gagal. Cek sendrilah klian yang buat asal jadi tapi gk direview,Negative,0
2025-12-25 23:20:24,"mau login tp infonya offline mulu, dr jam 2 subuh sampe jam 8 pagi bgitu terus.",Negative,0
2025-12-25 23:20:24,SANGAT SANGAT BURUK,Negative,0
2025-12-25 23:20:24,"Pemerintah jangan sok soan bikin aplikasi lagi lah, udah pake duit rakyat, anggaran ngga masuk akal, hasil kaya gini
Kalo ada aplikasi buatan pemerintah ngga pernah ada yg bener",Negative,0
2025-12-25 23:20:24,Apk nya gajelas suka keluar keluar sendiri bloon bgt,Positive,1
2025-12-25 23:20:24,Server sering eror jaringan bagus tapi gabisa daftar aneh,Negative,0
2025-12-25 23:20:24,"YANG BENER AJA !!! GAK BISA MASUK, PASTI KELUAR NOTIF “PERMINTAAN ANDA BELUM BISA DIPROSES” TERUSSSS, GILAK EMNG YA BIKIN EMOSI INI APLIKASI",Negative,0
2025-12-25 23:20:24,Apa yang bisa diharapkan dari apps pemerintah,Negative,0
2025-12-25 23:20:24,"Tidak bisa login, muncul notif error. capcha juga suka ga jelas, Bad App 👎",Negative,0
2025-12-25 23:20:24,"apa guna buat aplikasi kalo gangguan terus pas ketika genting pula ,aneh pemerintah",Negative,0
2025-12-25 23:20:25,"Saya mau login tidak bisa terus, bacaannya terus coba beberapa saat lagi, gimana ini aplikasinya disini saya bayar gak gratis jadi tolong pelayanannya juga di bagusin!!!!!!!",Negative,0
2025-12-25 23:20:25,"pemerintah kalo bikin sistem buat rakyat yang bener lah,bikin aplikasi gini aja ngga becus eror mulu,yang pegang server ngga niat kerja",Negative,0
2025-12-25 23:20:25,"Aplikasinya bagus, gampang digunakan untuk verifikasi",Positive,1
2025-12-25 23:20:25,Keren banget dengan adanya penggunaan aplikasi mobile JKN saya dapat melakukan segala nya dengan mudah dari informasi sampai mengakses jika sakit,Positive,1
2025-12-25 23:20:25,"Susah, wajah sudah sesuai di dalam garis merah, di suruh hadap kanan beberapa kali padahal sudah sesuai",Negative,0
2025-12-25 23:20:25,"apk sampah!! siapa sih vendornya?! minta akses kamera tpi di pengaturannya gak ada pengaturan buat izin akses kameranya, ribet banget anjing! buang buang anggaran aja buat aplikasi yg gak bisa dipake",Negative,0
2025-12-25 23:20:25,"Saya sudah coba beberapa kali untuk daftar akun, tapi selalu keterangannya nomor telfon sudah pernah di pakai peserta lain. sedangkan ini baru mau daftar udaa nggak bisa, mohon infonya terkait kendalanya. terima kasih🙏🏻🙏🏻🙏🏻",Negative,0
2025-12-25 23:20:25,"Halo min, mungkin fitur notifikasi saat antri sangat diperlukan, karena kadang estimasi antriannya sangat gak sesuai karena gak semua datang juga. Mungkin saran saya bisa ditambahkan informasi kalau sisa 10 antrian lagi kalau di faskes yang pasiennya banyak",Negative,0
2025-12-25 23:20:25,Bagus perlu di ketahui saya mengajukan pindah krn pelayanan buruk dari faskes sblum ny,Positive,1
2025-12-25 23:20:25,"Alamat di kartu BPJS terlalu lama untuk update ke alamat terbaru, peserta hanya bisa mengupdate manual untuk alamat surata saja",Negative,0
2025-12-25 23:20:25,Mantap memudahkan akses peserta.. bpjs keren,Positive,1
2025-12-25 23:20:25,Minta otp ga masuk masuk sangat buruk,Negative,0
2025-12-25 23:20:25,eror mulu pas lagi penting pentingnya,Negative,0
2025-12-25 23:20:25,tapi ga ada opsi di setting untuk mengizinkan kamera untuk aplikasi jkn. yg bikin koding tolol,Negative,0
2025-12-25 23:20:25,Mantappp,Positive,1
2025-12-25 23:20:25,"Pemerintah kalo bikin aplikasi sampah semua hasilnya, buat pengembangan aplikasinya pada di korupsi",Negative,0
2025-12-25 23:20:25,Sangat membantu pengurusan administrasi nggak harus ke kantor lagi,Positive,1
2025-12-25 23:20:25,kalo mau buka surat rujukan keluar keluar sndiri,Negative,0
2025-12-25 23:20:25,"Ini kalo emang aplikasinya belom ready jangan bikin bikin aturan baru, minta semua pake face recognition tapi akses kamera iphone aja gaada. QC applikasinya nya kerja ga sih? jangan jangan gaada testingnya dulu sebelum diluncurin",Negative,0
2025-12-25 23:20:25,"Tapi sering log out sendiri. Dan kalau mau log in susah. NIK belum terdaftar lah, atau ga sesuai. Padahal udah di cek betul betul dan ga ada yang salah. Ribet tau. Coba di perbaiki, kenapa bisa log out sendiri tiap bulan harus log in, yang terlalu ribet prosesnya",Negative,0
2025-12-25 23:20:25,"Di aplikasi jelas2 ditulis buka 08:00 - 14:30, saya sudah daftar nomor antrian dan sdh ada sampai dipuskesmas malah dibilang sudah tutup palayanan jam 12 siang. Gajelas gini amat pake gratisan. Mending gaji saya ga usah di potong buat BPJS!",Negative,0
2025-12-25 23:20:25,👍🏻👍🏻👍🏻👍🏻👍🏻,Positive,1
2025-12-25 23:20:25,susah bgt mau ganti data nomor telfon,Negative,0
2025-12-25 23:20:25,"Dikirain ada app kayak gini mempermudah ternyata makin susah, mau berobat aja susah banget daftar layanan gak bisa terus",Negative,0
2025-12-25 23:20:25,Verifikasi nomor hp via SMS berbayar dengan potongan pulsa Rp 1.100 dikali aja berapa kali Data gagal dirubah .. OTP nya berbayar sekali nya mau simpan data malah GAGAL …,Negative,0
2025-12-25 23:20:25,Auto debitnya kenapa tidak ada opsi bank BNI? Tolong tambahkan biar ga ribet buat rekening lagi!!!!,Negative,0
2025-12-25 23:20:25,"rewel bangett tiba tiba log out sendiri,mau log in malah katanya salah sandi padahal uda bener sesuai sama catatan,sedih bangettt lagi sakit di buat pusing gini 😥😥",Negative,0
2025-12-25 23:20:25,Klinik mediska pekalongan pelayananya is the best,Positive,1
2025-12-25 23:20:25,"Verifikasi wajah susah, harus coba berkali-kali",Negative,0
2025-12-25 23:20:25,aplikasi terjelek sistemnya rusak saya mau ubah faskes karna urgent malah gabisa tolol keburu mati baru bisa kode otp setahun ga dikirim kirim,Negative,0
2025-12-25 23:20:25,"inii kek mana coba mau daftar akun nyaa?? minta izin akses kamera tapi di pengaturan gaada buat izinkan kamera, sampah bngt",Negative,0
2025-12-25 23:20:25,Bg,Positive,1
2025-12-25 23:20:25,Baguss,Positive,1
2025-12-25 23:20:25,aplikasih sampah buat ribet aja,Negative,0
2025-12-25 23:20:25,Sangat mudah dan tdk berbelit2,Positive,1
2025-12-25 23:20:25,Mau bayar tunggakan susah harus menggunakan rehab versi terbaru gimna caranya,Negative,0
2025-12-25 23:20:25,"ga bisa otp padahal udah isi pulsa, app ga jelas",Negative,0
2025-12-25 23:20:25,lama kali donlodnya,Negative,0
2025-12-25 23:20:25,aneh pdl izin akses face id sudah dikasih tapi kenapa gabisa mulu? padahal urgent mau pindah faskes,Negative,0
2025-12-25 23:20:25,mudah tidak di persulit bagus mantap,Positive,1
2025-12-25 23:20:25,"Kemarin minggu anak saya masuk IGD,blm punya BPJS dari pihak RS dibantu untuk di bikinkan melalu online alhamdullilah belom ada sehari sudah jadi,sangat terbantuk adanya BPJS untuk pelayanan kesehatan tidak di pungut biyaya sepesarpun untuk biyaya RS nya🙏🥰",Negative,0
2025-12-25 23:20:25,Semoga para developer indonesia lebih expert dalam buat program.,Positive,1
2025-12-25 23:20:25,"Pelayanannya sangat baik, petugas ramah",Positive,1
2025-12-25 23:20:25,"Bukan mempermudah tp mempersulit.. daftar harus online,,sekalipun online kuota udah penuh 🤦‍♀️udah ikut bpjs lama tp baru juga mau menggunakan bpjs tp udah dipersulit bangettttttt. Gmna org yg gak punya hp???? Berarti dy gak bisa dilayanin,,minta daftar langsung gak bisa dilayanin karna infonya FKTP udah mendapat teguran dari bpjs 👊",Negative,0
2025-12-25 23:20:25,Mau program rehab tdk bisa karna minta versi yg baru ! Giliran nagih pake acara surat mnyurat ke hrd tempat kerja buat nagih kekurangan ! Aplikasi cuma ngasih waktu maksimal 5 bulan minta lunas dg alasan negara defisit ?!!! Defisit tuh gara” kalian korupsi njinggg !!! Bukan kita yg abisin duit,Negative,0
2025-12-25 23:20:25,Tidak bisa melihat surat rujukan,Negative,0
2025-12-25 23:20:25,Suruh nyalakan access kamera tapi dipengaturan gaada pilihan buat nyalakan access kamera,Negative,0
2025-12-25 23:20:25,"Earimasi ga sesuai sama aplikasi dan di faskesnya. Sudah datang sesuai estimasi di aplikasi malah sudah kelewat, jadi yg di apk ga d upadate. Buruk!!!",Negative,0
2025-12-25 23:20:25,"Terima kasih JKN team, semangat kembangkan terus",Positive,1
2025-12-25 23:20:25,"Saya mau mengajukan program rehap ko g bisa ya, disuru aplikasi rehap keversi terbaru, itu mksd nya gimna ya???",Negative,0
2025-12-25 23:20:25,Ampun kak,Negative,0
2025-12-25 23:20:25,Sangat membantu,Positive,1
2025-12-25 23:20:25,error,Negative,0
2025-12-25 23:20:25,tolol suka tiba2 keluar sendiri tolong d benahi,Negative,0
2025-12-25 23:20:25,"selalu mental terus, padahal log out juga ga. sampah ah",Negative,0
2025-12-25 23:20:25,Tolong yah sy mau login makai otp sms tp ga ada kodenya sama sekali,Negative,0
2025-12-25 23:20:25,"Masa setiap ambil nomor online pake mobile JKN selalu ga bisa sih!!, katanya apk ini untuk mempermudah mengambil nomor antrean puskesmas. Tapi apa ini, gak sekali dua kali ya setiap saya mau ambil nomor antrian puskesmas selalu gak bisa!!
Sangat kecewa sih saya, seharunya bisa memper mudah tetapi ini sama saja.!",Negative,0
2025-12-25 23:20:25,Disuruh verifikasi muka tapi ga bisa access kamera gmn tau ini aplikasi. Sumpah ga ngerti sama pengembangnya,Negative,0
2025-12-25 23:20:25,"Katanya salah masukan NIK tapi begitu sy masukkan kedua kalinya katanya sdh terdaftar tinggal login aja. Begitu login katanya salah lagi NIK. Yang betul yang mana sebenarnya,, jadi bingung 😫😫",Negative,0
2025-12-25 23:20:25,Muka udah di kotak 5 menit ga ngapa ngapain GJ,Negative,0
2025-12-25 23:20:25,"Mau login aja langsung diminta untuk daftar auto debit, kalo g daftar auto debit tidak bisa login",Negative,0
2025-12-25 23:20:25,"Bikin aplikas jangan asal dong. Buka menu apa apa serba gabisa.   Disuruh update versi , pas di update sma aja tetep gabisa, ngasal",Negative,0
2025-12-25 23:20:25,Bermanfaat,Positive,1
2025-12-25 23:20:25,Apk gak jelas bikin ruet,Negative,0
2025-12-25 23:20:25,Sumpah aplikasinya busuk bgt. Pemaksaan harus bayar. Padahal udah dibatalin gabisa,Negative,0
2025-12-25 23:20:25,Mantab mudah perubahannya,Positive,1
2025-12-25 23:20:25,"Ulasan ini dibacakah? Sya mau ganti faskes knp tidak bisa,aplikasi minta verifikasi wajah, izin ke kamera sudah dibuka, tetep tdk bisa? Mohon solusinya.",Negative,0
2025-12-25 23:20:25,sangat bermanfaat,Positive,1
2025-12-25 23:20:25,fix bugs surat rujukan di info riwayat pelayanan di mobile JKN V.4.11.2 iOS tidak bisa dibuka selalu force close.,Negative,0
2025-12-25 23:20:25,"kepesertaan non aktif karena usia mencapai 21, namun saat login sendiri, muncul jg anggota keluarga lainnya. aneh",Negative,0
2025-12-25 23:20:25,Kalau mau izinkan kamera ya aktifin dong akses kameranya. ITnya gmna toh? Perangkat ios,Negative,0
2025-12-25 23:20:25,Bpjs gatel ribet cok ak IT Mpp suroboyo,Negative,0
2025-12-25 23:20:25,Memudakan sekali berkat aplikasi ini,Negative,0
2025-12-25 23:20:25,"Wajib terdaftar autodebit dan ga bisa di non aktifkan autodebitnya, dan kalo sudah terdaftar bpjs ga bisa dinon aktifkan bpjsnya gils bgt si",Negative,0
2025-12-25 23:20:25,Sangat baik,Positive,1
2025-12-25 23:20:25,"Klo belum mampu bikin aplikasi buat monitoring dll khususnya untuk pelanggan jangan sok sok an, klo pun ada niatain bikin aplikasi kek gini anggaran jangan di korupsi biar aplikasi optimal dan berfungsi dengan baik 
Kok bisa aplikasi se bobrok ini rating 4,8 emng klo ada uang bisa membeli semuanya dan klo ada anggaran bisa di korupsi seenaknya",Negative,0
2025-12-25 23:20:25,Minimal app dipastikan bisa membantu masyarakat lah bukan malah menyusahkan & meribetkan!!!,Positive,1
2025-12-25 23:20:25,"ANEH gabisa daftar akun, katanya rekam wajah sesuai kotak, udh di tunggu 5 menit masih juga ga ada perubahan!!!!",Negative,0
2025-12-25 23:20:25,"Tiap mau login selalu offline 
Disuruh coba lahi nanti
Okelah besoknya udh dicoba pagi, offline lagi katanya 
Ini gimana sih eror terus
Niat bikin aplikasi gasih",Negative,0
2025-12-25 23:20:25,Great app,Positive,1
2025-12-25 23:20:25,"Tolong dong diperbaiki, masa ingin rubah data aja pake face recognition, padahal ga semua hp support elahhh.. mau berobat aja ribet 👎👎",Negative,0
2025-12-25 23:20:25,Akun kok tiba tiba logout sendiri udah login lagi tetep ga bisa masuk ini gimana?,Negative,0
2025-12-25 23:20:25,"CARA GANTI NOMOR HPNYA RIBET KALI COK
btw, yg tidak dapat sms OTP itu harus ada pulsa minimal 2000 yagesya",Negative,0
2025-12-25 23:20:25,"Mau face scan saja tidak bisa, saya mau daftar menggunakan nomor handpone malah katanya sudah ada yang mendaftarkan nomor saya.. ini gimana sih JKN, data no HP saya siapa yang menggunakan? Gw yakin mereka jg ga tau wkwkwk",Negative,0
2025-12-25 23:20:25,"Susah pakai scan wajah, saya mau mindahin faskes orang tua saya . Karena orang tua saya tidak bersama saya jadi susah",Negative,0
2025-12-25 23:20:25,"Pelayanan untuk perubahan faskes cepat dan sangat membantu Terimakasih , dan tidak lama dan sangat cepat",Positive,1
2025-12-25 23:20:25,"Di ipone 11 gak ada fitur kamera pas izin akses, jadi gak bisa verifikasi muka, gak bisa ganti faskes",Negative,0
2025-12-25 23:20:25,"Jkn tak bisa digunakan, GAGAL TERHUBUNG KE SERVER RS, udh beberapa bulan ini ga bsa daftar online ke poli, tolong segera di perbaiki",Negative,0
2025-12-25 23:20:25,Nomor OTP ga masuk masuk ke sms nunggu lama bgt taek,Negative,0
2025-12-25 23:20:25,Jelek gak bisa login apk sekelas government begini🤌🏻,Negative,0
2025-12-25 23:20:25,Pulsa ada no aktif tpi otp ga dikirim kirim aneh bgt tujuan diciptakan aplikasi kan untuk mempermudah ini malah makin mempersulit padahl semuanya sudah aman tpi susah bgt tinggal kirim kode otp doang,Negative,0
2025-12-25 23:20:25,Kenapa dipengaturan aplikasi gak ada pengaktifan kamera ya,Negative,0
2025-12-25 23:20:25,The app cant even open a camera,Positive,1
2025-12-25 23:20:26,"Verifikasi ribet, kadang error, tidak tersedia, fitur belum update",Negative,0
2025-12-25 23:20:26,"aplikasi plat merah
anggaran gede, sampe vendor tingal 10 persen, wajar aja kalo ga guna, mending mandiri",Negative,0
2025-12-25 23:20:26,sangat memudahkan pasien,Positive,1
2025-12-25 23:20:26,Bayar trus tiap bulan pelayanan di kota jambi buruk,Negative,0
2025-12-25 23:20:26,sangat membantu bgt,Positive,1
2025-12-25 23:20:26,"login ga bisa2, buang2 anggaran aja anj",Negative,0
2025-12-25 23:20:26,"Mau alih status jadi mandiri aja notifikasi virtual akunnya masuk ke mobile JKN, sememtara aplikasinya error terus ! Captcha nya ga muncul, muter terus ! Ribet ! Mau bayar aja ribet !",Negative,0
2025-12-25 23:20:26,Busuk .sering gangguan,Negative,0
2025-12-25 23:20:26,Wajar aplikasi pemerintah,Negative,0
2025-12-25 23:20:26,"Verifikasi wajah gk berhasil, kirim otp gk masuk. Gk banget.",Negative,0
2025-12-25 23:20:26,"Pemerintah bikin aplikasi 😏 
gak usah berharap banyak, 
Aplikasi 👎🏻",Negative,0
2025-12-25 23:20:26,"Di arahin verifikasi wajah , tapi ga ad akses kameranya ini aplikasi
Lucu !",Negative,0
2025-12-25 23:20:26,"Bagus, bnyk program yg gak jelas",Positive,1
2025-12-25 23:20:26,"gagal mulu verifikasi udah coba di hp yang berbeda tetep aja sama gabisa, offline tulisannya padahal kuota saya masi ada dan sinyal bagus.",Negative,0
2025-12-25 23:20:26,"dari jaman kanpan download gapernah bisa masuk, verifikasi wajah gabisa terus smpe di ulang2 instalnyaaa, pliss yaaa",Negative,0
2025-12-25 23:20:26,"Gabisa register, error",Negative,0
2025-12-25 23:20:26,Min sy mau daftar antrian online tp tdk bisa krn di kolom keluhan katanya “mengandung spesial karakter” padahal di keluhan sy tertulis hanya huruf ngga pakai angka ataupun simbol lain.. itu knapa ya?,Negative,0
2025-12-25 23:20:26,mau daftar aja lambatnya minta ampuuun deh!,Negative,0
2025-12-25 23:20:26,"Mau ganti faskes melalui app dan hrs vermuk tp permintaan akses app ke kamera tdk ada, bagaimana ini",Negative,0
2025-12-25 23:20:26,Gak bisa login tulisan nya salah NIK padadal sesuai sama di kartu yang terdaftar,Negative,0
2025-12-25 23:20:26,"Sampe sekarang mau log in gagal mulu. Dibilang salah password mulu. Giliran klik fiturr lupa pswd, semuanya dipersulit. Merasa rugi tiap bulan bayar bpjs",Negative,0
2025-12-25 23:20:26,Bagaimana bisa login kalau captcha tidak tampil,Negative,0
2025-12-25 23:20:26,Sangat memuaskan,Positive,1
2025-12-25 23:20:26,sangat bagus,Positive,1
2025-12-25 23:20:26,Aplikasi broken kah? OTP nomer teleponnya tidak muncul setelah ditunggu satu tahun. Sampah. Terimakasih.,Negative,0
2025-12-25 23:20:26,Apa hp gua doang ini yg ga ada akses KAMERA,Negative,0
2025-12-25 23:20:26,Minta verif.. verif blank ga jelass harus ngapain.. gini nih aplikasi yg garap tukang korupp ajur,Negative,0
2025-12-25 23:20:26,"sistem kursng mumpuni, update no hp harus verifikasi tpi gada pilihan metode verifikasi",Negative,0
2025-12-25 23:20:26,Cepat secara system,Positive,1
2025-12-25 23:20:26,"app KAMPANG, Gara2 susah verifikasi no hp, lokernya keburu di di tutup",Negative,0
2025-12-25 23:20:26,skip banget,Positive,1
2025-12-25 23:20:26,"Percuma buat apk kalau ujung ujungnya di suruh ke kantor cabang pendfaran autodebt dan ke kantor bpjss gajelas bangett,buatan pmrintah emang kyk gini yaa? Wkwwk wi",Positive,1
2025-12-25 23:20:26,Daftar autodebet super lama & selalu terlogout saat keluar aplikasi,Negative,0
2025-12-25 23:20:26,Tolong perbaiki akses kamera tidak ada.,Negative,0
2025-12-25 23:20:26,aplikasi jelekkkk👎👎,Negative,0
2025-12-25 23:20:26,"Tidak bisa masuk , cuma putih polos saja tampilannya",Negative,0
2025-12-25 23:20:26,"Setiap saya ingin melihat lampiran, selalu force Close dan error. Gak ada pilihan kirim ke email atau whatsapp, jadi saya bingung mau lihat rujukan dimana. Tidak tersedia Progressive Web Apps.. jadi harus beli hp baru?",Negative,0
2025-12-25 23:20:26,"GILA LO YA MAK GUA UDAH MERINTIH SAKIT, DIRUJUK KE RS UMUM LO KASIH JADWAL JAM 18.25 TAPI TERNYATA RS NYA GAK ADA JADWAL MALAM! GAKUSAH SOK SOK DIGITAL KALAU BELUM MAMPU TERINTEGRASI SAMA SISTEM RS!!!",Positive,1
2025-12-25 23:20:26,"Saya mau ganti faskes tapi harus menggunakan verifikasi wajah, namun tidak bisa karena kamera nya di aplikas nya tidak ada sehingga tidak bisa ganti faskes, sebelum nya bisa ini sudah setahun saya mau ganti lagi ga bisa. Gimana ini aplikasi nya seperti ini???",Negative,0
2025-12-25 23:20:26,"Menu tiap fiturnya tolong diperbaiki lagi, jgn hanya sekedar hiasan doang fungsinya pada error! Terutama di bagian rehab, aplikasi sudah terupdate msh tetap gak bisa.",Negative,0
2025-12-25 23:20:26,Force close saat buka surat rujukan,Negative,0
2025-12-25 23:20:26,Peraturan kamera pada hp iphone tidak tersedia buat apk jkn,Negative,0
2025-12-25 23:20:26,"Aplikasi sering mati loading terus, tel ke 165 malah disuruh dtg ke kantor bpjs terdekat tetap saja jauh sekali, terpaksa ke RS antri dari jam 7 pagi kebagiannya jam 3 sore pdhl sdh usia di atas 73",Negative,0
2025-12-25 23:20:26,Sangat membantu,Positive,1
2025-12-25 23:20:26,Saya mau ganti faskesntapi tidak bisa karena frista face recognition nya tidak bsa karena tidak ada kamera nya yang di izinkan itu,Negative,0
2025-12-25 23:20:26,"mau merubah faskes skrg diminta cerifikasi data pakai kamera, tp apps nya nda support di sistem utk akses kamera, aduh kapan negara maju ya.. korupsi nya terlalu menyeluruh ini bpjs bangkrut kapan y ditutup aja bayar iuran kesehatan bertahun2 tp fasilitas ga bisa dipakai. DZOLIM",Negative,0
2025-12-25 23:20:26,Good,Positive,1
2025-12-25 23:20:26,Untuk mendaftar susah karena fitir izinkan kamera,Negative,0
2025-12-25 23:20:26,Gak bisa di akses sama sekali app yg terlalu jelek,Negative,0
2025-12-25 23:20:26,"YaAllah daftar dipersulitt applikasi mu loh jelek banget. Pake ada fitur wajah tapi gak bisa di hp iphone.
Jelekk banget uangnya buat apa sih heran",Negative,0
2025-12-25 23:20:26,di ios tidak bisa daftar karna app meminta akses kamera tapi tidak ada opai tersebut,Negative,0
2025-12-25 23:20:26,Lemot dan log out sendiri,Negative,0
2025-12-25 23:20:26,"Mau pake program rehab tulisannya “keluarga tidak berhak mendaftar” lah terus yg berhak siapa? Tetangga gitu? Udah konttak WA yg bales bot, telpon CS malah dibilang harus lewat apk mobile jkn, udah dikasih tau klo lewat aplikasi mobile jkn tulisannya kyk gitu. Mau bayar aja ribet bener, mending gauasa dibayarlah pusing, ganti pake asuransi swasta aja yg ini bikin pusing",Negative,0
2025-12-25 23:20:26,Aplikasi sangat mudah d gunakan,Positive,1
2025-12-25 23:20:26,"Kode OTP berkali-kali lama masuk menunggu hampir 1 jam baru masuk terus kembali ke menu awal , aplikasi diperbaikin donk , bintang  1",Negative,0
2025-12-25 23:20:26,"ini tim pengembang apk ini pada kerja gasih sudah 5 hari nyoba terus reset password no hp sudah bener gaada yg salah gamuncul muncul otp, rata rata aplikasi pemerintah se bobrok ini? buat apa bayar pajak kalo yg digajih nya gaada yg bener bener menanggapi keluhan masyarakat",Negative,0
2025-12-25 23:20:26,"Ini maksudnya gimana, tolonglah manusia jaman sekarang itu kebanyakan berkacamata, pas mau daftar disuruh buka kacamata tapi gimana mereka mau membaca instruksi yang ada seperi harus menghadap kekiri lah kekananan lah kebelakang lah, sedangkan tulisannya aja tidak kelihatan, tolong dipikirkan lah, tidak user friendly banget",Negative,0
2025-12-25 23:20:26,Kenapa kalau aplikasi pemerintah itu bobrok yaa? Trouble nya ga kehitung jari dalam sehari,Negative,0
2025-12-25 23:20:26,Tidak bisa mengaktifkan akses kamera,Negative,0
2025-12-25 23:20:26,Tolong percepat proses melalui sms dan lewat email terimakasih trus ini aplikasi sering ngeleg,Negative,0
2025-12-25 23:20:26,ini app buatan negara?ecek2 gini banyak kekurangannya sekelas pemerintahan loh,Negative,0
2025-12-25 23:20:26,"No nik udh dimasukin dengan benar tapi bilangnya salah mulu diulang berulang kali juga tetep gak bisa, ini gimana sih apknya",Negative,0
2025-12-25 23:20:26,"Tidak bisa deteksi NIK, tidak bisa kirim kode verifikasi, tidak dapat digunakan.",Negative,0
2025-12-25 23:20:26,"masukin NIK gagal tapi ga jelas gagal karena apa, nyusahin banget, maksa bikin aplikasi tapi ga pernah diperbaiki ya gini",Negative,0
2025-12-25 23:20:26,"Udh lama sy mau daftar aplikasinya, udh berkali"" coba tp eror, nik gua ngga bisa . Tp klo cek di pandawa bpjs gua aktif. Ini mau sikron ke aplikasi, tp ribettnya minta ampun. Sampai skrg eror",Negative,0
2025-12-25 23:20:26,Rata2 aplikasi buatan pemerintah rusak semua,Negative,0
2025-12-25 23:20:26,"buat daftar aja susah, masak gaada opsi help center/ cs buat membantu kl ada masalah.. sekelas aplikasi pemerintah aja seperti ini buruk",Negative,0
2025-12-25 23:20:26,di suruh noleh kiri kanan tiba tiba ga kedetect udh senyum malah gabisa,Negative,0
2025-12-25 23:20:26,Selalu gagal padahal sudah mengkuti semua arahan dan selalu gagal,Negative,0
2025-12-25 23:20:26,"gabisa terdaftar terus padahal sudah sesuai dengan pemilik nik nya, tolong kedepannya sistem nya di uprage lagi, supaya pasien tidak kesusahan.",Negative,0
2025-12-25 23:20:26,It tooks forever to get the otp,Negative,0
2025-12-25 23:20:26,Ok,Positive,1
2025-12-25 23:20:26,Kereeen,Positive,1
2025-12-25 23:20:26,Sangat membantu sekali.,Positive,1
2025-12-25 23:20:26,Sangat memudahkan untuk pindah faskess,Positive,1
2025-12-25 23:20:26,"aplikasi laknatullah, biometri cek nya lagi ngerjain orang ya? dana nya buat apa aja",Negative,0
2025-12-25 23:20:26,Aplikasi tolol nunggu otp sms ga masuk2 bgst aplikasi Tolol anj mnyt mmk,Negative,0
2025-12-25 23:20:26,"Bukanya mempermudah malah mempersulit..yang bikin apk tidak paham apa gimana ya...PARAAAAH!!! Sangat Jelek,",Negative,0
2025-12-25 23:20:26,"Frista minta perizinan akses kamera, tapi di setting iphone gak bisa dan gak ada kolom untuk mengizinkan kamera.",Negative,0
2025-12-25 23:20:26,"Ganti status dari pegawai swasta ke mandiri kok ga bisa sehari ya, udah digital loh, kalo masih lama mending manual sekalian aja gausah ada aplikasi",Negative,0
2025-12-25 23:20:26,"Aplikasi tolol,niat bikin aplikasi gx sih,seharian kirim kode aplikasi gx dikirim kirim",Negative,0
2025-12-25 23:20:26,"Aplikasinya seperti tidak ada gunanya. Sudah upgrade tp tidak bisa kirim kode otp, dftar berkali kali ttp tidak bisa",Negative,0
2025-12-25 23:20:26,Aplikasi sangat membantu bisa merubah faskes secara online,Positive,1
2025-12-25 23:20:26,ga jelas aplikasinya nyusahin minta verifikasi dari nomer ngga kekirim” udah beberapa hari coba ga bisa” ga guna,Negative,0
2025-12-25 23:20:26,"Aplikasi aneh, pin salah trs padhal bener, udh direset pin udh dicatet bsok nya minta pin lagi pas dimasukin salah lagi minta reset pin lagi gilaa aja lo ngerjain orang! Dosa babii, digitalisasi bukanya mempermudah malah mempersulit !! 
Buang buang anggaran buat aplikasi ga jelas kek gini korup smua ajgg",Negative,0
2025-12-25 23:20:26,"Mau daftar aja loading mulu blokk, kasi gw aja yg buat aplikasi lebih bagus apalagi klo di dana in besar sama pemerintah, yg milih vendorr tolol bangett wee. aplikasi L",Negative,0
2025-12-25 23:20:26,"Ingin mengganti faskes, tapi tidak bisa karena harus ada verifikasi wajah, namun tidak ada permintaan izin akses kamera dari aplikasi jadi tidak bisa dirubah faskesnya, mohon diperbaiki",Negative,0
2025-12-25 23:20:26,"Tidak mempermudah pasien daftar , sinyal bagus, aplikasi baru, sdh login logout malah lemot",Negative,0
2025-12-25 23:20:27,"Sangat baik pelayanan bagus , cepat , dn ramah",Positive,1
2025-12-25 23:20:27,nama saya siapa disitu malah siapa,Negative,0
2025-12-25 23:20:27,aplikasi busuk. mau perubahan lokasi faskes minta aktifkan camera. udah di aktifkan semua dan di izinkan juga gak bisa. coba kalo buat aplikasi yg mempermudah. ke banyaka update2 gak jelas bukannya bagus malah makin gak jelas,Negative,0
2025-12-25 23:20:27,Sangat membantu saya dlm semua nya dan lbh mudah menggunakannya,Positive,1
2025-12-25 23:20:27,aplikasi ga becus,Negative,0
2025-12-25 23:20:27,mau ganti faskes harus pake biometrik tapi di setting apps ga ada buat allow camera??? bingung bgt,Negative,0
2025-12-25 23:20:27,"Kode verifikasi se abad baru masuk, seperti nya operator nya tidur di kantor",Negative,0
2025-12-25 23:20:27,"bayangin aja udah mau daftar nunggu seharian se enak jidatnya aja bilang kalo verifikasi wajah salah, habis itu ada lagi verif kode nomor tapi ga masuk masuk ke pesan. mohon ya pantek tolong jangan dipersulit orang mau berobat ya binatang, satu prang mati dosanya kalian nanggung",Negative,0
2025-12-25 23:20:27,"Boro2 masuk, daftar aj kagak bisa, aplikasi bodoh, g bisa di iphone",Negative,0
2025-12-25 23:20:27,Mau ganti nomor telepon aja ribet. Anehnya kok bisa akun saya pake nomor telepon orang lain?!,Negative,0
2025-12-25 23:20:27,Susah kali daftar! Verifikasi nomor udh betul semua aku pke nomor ini di sini verifikasi ga ada sms sampe 12x gila. Bubarin aja lah apk nya ga niattttt!!!,Negative,0
2025-12-25 23:20:27,Kode verifikasi tidak terkirim dan alhasil pendaftaran gagal,Negative,0
2025-12-25 23:20:27,Memudahkan,Positive,1
2025-12-25 23:20:27,"Susah untuk verifikasi face id & di suruh masukkan kode verifikasi lewat nomor hp malah tidak dapat, katanya sedang offline",Negative,0
2025-12-25 23:20:27,Sangat membantu,Positive,1
2025-12-25 23:20:27,Mempersusah,Positive,1
2025-12-25 23:20:27,"Halo, ketika ingin ubah data peserta setelah simpan perubahan muncul halaman frista face recognition untuk merekam wajah. Namun setelah klik mulai dan dialihkan pada setting, tidak muncul untuk setting akses kamera nya.",Negative,0
2025-12-25 23:20:27,Keren,Positive,1
2025-12-25 23:20:27,"Sangat membantu dalam mendapatkan pelayanan kesehatan,",Positive,1
2025-12-25 23:20:27,"parahhh kirim otp berapa kali pun ga masuk, pasien jadi tambah parah sakitnya kalau harus nunggu sistem kyk gini",Negative,0
2026-01-02 16:43:57,Fadhil jelek,Negative,0
2026-01-02 17:13:14,bersatu untuk berjaya,Positive,1
2026-01-03 01:21:17,Verifikasi wajahnya ga berhasil. Tolong ini diusut deh bikin aplikasi bukannya memudahkan malah menyusahkan. Udah banyak yang komplain loh udah berbulan2 jg gaada perubahan,Negative,0
2026-01-03 01:21:19,"Ini kenapa ya min buat daftar aja susah banget, waktu perekaman wajah lama banget padahal muka polos an ngga ada aksesoris apapun tapi ditungguin sampe 1 menitan ngga bisa”. Apa mukaku tidak terdeteksi?!",Negative,0
2026-01-03 01:21:21,"kode otp muncul harus isi pulsa, itupun kadang mau kdg tdk. setiap login cek antrean harus verifikasi wajah, tp mirror posisi bener tp gada hasilnya ttp gabisa login.",Negative,0
2026-01-03 01:21:23,Update dong gimana ini ga bisa ganti faskes,Negative,0
2026-01-03 01:21:24,"Mau rekam wajah. Pas buka kamera gak ada tombol take picture lah, trus rekam wajahnya pake apa? Yg bikin aplikasi kek KONTOOOLL",Negative,0
2026-01-03 01:21:26,Pelayanan pendaftaran online berjalan lancar dan baik.,Positive,1
2026-01-03 01:21:27,"Aplikasi taikkk !!! Katanya memudahkan masyarakat tapi verifikasi nya susah kayak daftar polisi,, eh iya sama sama dari pemerintah ya ,, kecewa hidup sekali menjadi WNI",Negative,0
2026-01-03 01:21:29,kenapa susah sekali mendaftar,Negative,0
2026-01-03 01:21:31,"Setiap pemerintah buat aplikasi pasti gak pernah beres😀orang mau berobat pun di persulitttt, rakyat indo bakal masuk surga lewat jalur pemerintah zolim",Negative,0
2026-01-03 01:21:32,gblokkkkk,Positive,1
2026-01-03 01:21:34,"Gak bisa daftar, tiap scan/verif wajah bener2 gabisa ngedetect apa-apa. stuck disitu mulu. salah gw apa",Negative,0
2026-01-03 01:21:36,Min gimana sih ini aplikasi nya org lagi sakit mau rujuk daftar nya gak bisa di bagian cocokan muka gimana sih???,Negative,0
2026-01-03 01:21:39,verif muka gabisa bisa,Negative,0
2026-01-03 01:21:42,"Verifikasi wajah tidak bisa , kamera hidup tapi tidak bisa verifikasi malah diam di kamera aja tanpa ada reaksi apapun, tolol yang buat ini",Negative,0
2026-01-03 01:21:44,daftar verivikasi wajah ga bisa bisaa udah di tempat terang udah depan lampu tetep bingkai nya merah tolol,Negative,0
2026-01-03 01:21:45,"aplikasi aneh,masa stuck di pemindaian wajah mulu gak pindah pindah,ini ngerti gaksih yg buat aplikasi",Negative,0
2026-01-03 01:21:48,"Buat pendataran nya aja gk jelas saat verifikasi wajah. Petunjuk cuma wajah harus di dalam kotak saja, petunjuk harus sesuai dengan kriteria yg di inginkan. Intinya mempersulit untuk mengakses banyaj hal.",Negative,0
2026-01-03 01:21:49,"Diawal udah dibuat kesel sama nih aplikasi, udah mau daftar trus pas sesi verifikasi wajah malah gaada respon, udah cocokin wajah di kotaknya masih ga keproses, sampe geleng"" sampe melet"" pun masih tetep gabisa, trus maunya apa???",Negative,0
2026-01-03 01:21:51,Face recognition didn’t work when you’re going to register,Negative,0
2026-01-03 01:21:54,"aneh bgt ga bisa daftar antrean,ga muncul”,surat rujukan tidak ada pdahl surat rujukan masih aktif.",Negative,0
2026-01-03 01:21:55,"Kode captha loading terus, Sekelas Apk plat merah seperti ini buruk nya, kurang kredibel.",Negative,0
2026-01-03 01:21:57,"Tolong banyak belajar dari Aplikasi pihak Swasta, dari segi kualitas aplikasi jauh dari yang diharapkan, malah mempersulit pengguna",Negative,0
2026-01-03 01:21:59,gak bisa verifikasi wajah,Negative,0
2026-01-03 01:22:01,"KAMERANYA KENAPA SIH GOBLOK, UDAH TAMPILIN MUKA MASIH AJA GK KE DETECT",Negative,0
2026-01-03 01:22:03,Aplikasi selalu error ketika verifikasi wajah ketika daftar. Sangat sulit untuk pengurusannya,Negative,0
2026-01-03 01:22:05,"Gajelas, verifikasi wajah ga berfungsi. apa-apa gabisa",Negative,0
2026-01-03 01:22:07,"Selalu gagal ditahap verifikasi wajah, padahal posisi sudah di dalam kotak yang ditentukan",Negative,0
2026-01-03 01:22:09,mau daftar aja susah banget verifikasi wajahnya padahal udah dipasin di kotak tetep merah terus gabisa dilewati juga.. tolong diperbaiki deh,Negative,0
2026-01-03 01:22:11,Beginikah kualitas aplikasi untuk kesehatan? Vermuk bekali kali ga ada yang nyantol.,Negative,0
2026-01-03 01:22:13,aaahhh aplikasi tolol. verifikasi wajah sampe 5 jam ga bsa.,Negative,0
2026-01-03 01:22:15,mau ganti faskes secara online tapi buat proses perekaman wajah gak berfungsi,Negative,0
2026-01-03 01:22:17,Foto verifikasinya wajah gak mau”,Negative,0
2026-01-03 01:22:18,"aplikasi sampah verifikasi wajah ga bisa2, bikin apk yg jelas lah jgn asal2an bikin apk sampah kaya gini",Negative,0
2026-01-03 01:22:20,NAJIS BAT ANJING,Negative,0
2026-01-03 01:22:21,verifikasi wajahnya udh di coba beberapa kali ga bisa trs,Negative,0
2026-01-03 01:22:23,"Bikin aplikasi yang bener bukannya memudahkan masyarakat tapi menyusahkan masyarakat, otaknya cuman mikirin uang aja mempersulit rakyat aja..",Negative,0
2026-01-03 01:22:25,Cukup bagus,Positive,1
2026-01-03 01:22:26,kenapa fitur kamera nya ga bisa,Negative,0
2026-01-03 01:22:28,kenapa setiap mau daftar pas udh bagian muka selalu gabisa???,Negative,0
2026-01-03 01:22:29,padahal udah deket sama kamera tetep aja gabisa,Positive,1
2026-01-03 01:22:31,"Aplikasi tol*l mau daftar verif wajah aja gabisa-bisa, gimana mau daftarnya tol*l, gabisa buat aplikasi ya gblk, uninstal kasi bintang 1 aplikasi tllol ini",Negative,0
2026-01-03 01:22:32,Tolong perbaiki bug face recognition di bagian pendaftaran,Negative,0
2026-01-03 01:22:34,"Mau dftr aja susah ny mintaammpuunn yatuhan. Udh ku ssuaikan tata letak wajah di dlm frame, TAPI GA MULAI2 di SCAN. Gda tmbol, gada tanda ap2 . Buriiiqq

App indo smua gada yg beres mmg",Negative,0
2026-01-03 01:22:36,Mau identifikasi wajah aja susahhh. Udah berjam-jam wajah saya tidak terdeteksi padahal kamera hp saya jernir pakai IP 13,Negative,0
2026-01-03 01:22:39,"APLIKASI PAYAH, GAK BERMUTU SAMA SEPERTI E-KTP TP APA2 MASIH MINTA FOTOCOPY KTP. PROJEK GAK BERMUTU ALA PEMERINTAH INDONESIA.",Negative,0
2026-01-03 01:22:41,"Tidak bisa daftar, stuck pada saat verifikasi wajah.",Negative,0
2026-01-03 01:22:42,Biar apa pake frista frista sengaja nih biar gabisa daftar online ntah agenda apa yg sedang dijalankan,Negative,0
2026-01-03 01:22:44,"Aplikasi aneh, baru mau mulai aja udah gabisa. lol",Negative,0
2026-01-03 01:22:45,dibagian peremakan wajah lama banget,Negative,0
2026-01-03 01:22:47,"Aplikasi sampah mempersulit , verifikasi wajah aja gabisa gini amat tinggal di Indo",Negative,0
2026-01-03 01:22:49,ini kenapa kok vermuk gak bisaa yaa saat daftar baru,Negative,0
2026-01-03 01:22:51,"Kebanyakan makan gaji buta
Aplikasi tidak berjalan sesuai sop",Negative,0
2026-01-03 01:22:53,Kenapa waktu mau daftar akun tidak bisa deteksi wajah? menyusahkan,Negative,0
2026-01-03 01:22:55,"Ini saat daftar kenapa aplikasi tidak merespon saat face recognition, pengaturan kamera tidak ada kendala.. apa ada update aplikasi???",Negative,0
2026-01-03 01:22:57,"Jika Verifikasi wajah belum stabil harusnya jangan di munculkan, diterbaiki dulu jika sudah akurat baru di luncurkan
Untuk saat ini verifikasi wajah sangat menyusahkan/mempersulit dan membuang waktu",Negative,0
2026-01-03 01:22:59,Buat apa ada seken muka kalo gak bisa berapa kali ulang ulang,Negative,0
2026-01-03 01:23:00,Aplikasi rusak gabisa verifikasi kamari nunggu ampe bermenit menit ga bisa bisa bisa tuh malah mlongo aja aplikasi BUKAN MEMPERMUDAH MEMPERSULIT ANGGARAN BUAT BIKIN APP NYA BERAPA EMNG EMNG AMPE KALAH AMA APP PINJOL BUAT VERIF NYA HERAN,Negative,0
2026-01-03 01:23:01,Kenapa sulit sekali?,Negative,0
2026-01-03 01:23:03,mau daftar tapi harus ada biometri ngerekam wajah tertulis wajah ditaro dikotak yg tersedia sudah ditaro tapi ga ngerekam” dan tidak aja selanjutnya apa…harusnya ada apoikasi biar memudahkan bukan malah bikin ribet yang ada…solusinya apa klo seperti ini,Negative,0
2026-01-03 01:23:04,tidak bisa mengubah kolasi faskes 1 karena fitur akses kamera tidak muncul di pengaturan,Negative,0
2026-01-03 01:23:06,"Daftar sudah sesuai data, tinggal verifikasi wajah sudah pas di dalam kotak nya tapi tidak merespon",Negative,0
2026-01-03 01:23:09,aplikasi jelek mau daftar online ke poli gigi dan mulut ga bisa,Negative,0
2026-01-03 01:23:11,Gmna coba verif foto kaga bisa bisa udah ulang ulang 10 kali keluar masuk tetep aja kaga bisa bisa verif apliasi tolol buang buang anggaran doang,Negative,0
2026-01-03 01:23:13,Saya tidak bisa melakukan perubahan faskes. Sampai tahap face recognition tidak ada petunjuk harus melakukan apa. Akan saya ganti jika sudan ada petunjuk jelas,Positive,1
2026-01-03 01:23:14,"KECEWA!!!!,,,NIK,,sudah benar,,mau masuk ajj susahnya minta ampun,,mau minta verifikasi kode,,gak ada respon",Negative,0
2026-01-03 01:23:16,"ga tau ya kenapa, tapi verifikasi wajah pas mau daftar nya lamaaaa bangett 😭🫢",Negative,0
2026-01-03 01:23:17,"bisa ga si klo bikin aplikasi yang bener, masa face app aja ga bisa, mau daftar gini aja suusahhh",Negative,0
2026-01-03 01:23:19,"Saya mau ganti faskes, saat verifikasi wajah tidak bisa. Untuk apa verifikasi wajah kalau tidak bisa digunakan, kembalikan saja seperti dulu pakai pin",Negative,0
2026-01-03 01:23:20,Akses ke kamera gak ada pilihannya 🙂 minimal kalo buat app tu dicoba sndiri dulu masuk akal apa gak perintahnya aneh banget,Negative,0
2026-01-03 01:23:22,"Kenapa ga kedeteksi saat di bagian biometrik,sudah 2hari nyoba ga di acc",Negative,0
2026-01-03 01:23:23,MAU DAFTAR BPJS VERIFIKASI MUKA AJA GA KE DETECT TERUS🙂 tolong solusinya sampe install-uninstall berulang kali masih ga bisa,Negative,0
2026-01-03 01:23:25,lama banget buat daftar aja pake ada verifikasi mukanya. mana gabisa2 tolonglah bnerin,Negative,0
2026-01-03 01:23:26,Saya sampai tahap facial recognition tapi muka saya tidak dikenali dan ngga ada tombol apa”. Contact CS lewat WA dan mereka cuman kasih poster yang ga ada tahap facial recognitionnya. Amazing design,Negative,0
2026-01-03 01:23:28,"aplikasi bodoh kah ini? bengak buyan yang buat aplikasi, fitur foto ga kepake dongo  banget blok",Negative,0
2026-01-03 01:23:29,sistem kamera tidak bisa,Negative,0
2026-01-03 01:23:30,Daftar sampai biomatrik wajah nunggu puluhan menit gak kelar kelar. Lol,Negative,0
2026-01-03 01:23:32,Sken wajad hampir dua jam sampai naik asam lambung,Negative,0
2026-01-03 01:23:33,"Gk bisa verifikasi wajah aneh
Padahl udh didepan kamera pas kotaknya
Sesuai intruksi",Negative,0
2026-01-03 01:23:35,Verifikasi nya susah bgt aneh,Negative,0
2026-01-03 01:23:36,TIDAK BISA VERIFIKASI WAJAH PADAHAL KAMERA JERNIH SESUAI ARAHAN.,Negative,0
2026-01-03 01:23:38,Perekaman wajah gagal terus,Negative,0
2026-01-03 01:23:39,"Verif wajah ga work, nambah dosa aja",Negative,0
2026-01-03 01:23:41,Tidak bisa,Positive,1
2026-01-03 01:23:42,"Biometrik tidak bisa, lanjut buat akun juga tidak bisa. Apa ada solusi?",Negative,0
2026-01-03 01:23:43,"tolong dong benerin app nya, aku gabisa ganti faskes, nyantol waktu verifikasi muka",Negative,0
2026-01-03 01:23:45,Aplikasi tolol duit negara dikorupsi doang bikin apk gini aja susah banget. Masa verifikasi wajah untuk eligible ga bisa2 mendingan lu suruh gua jadi it lu otomatis bagus itu apk. Tolol,Negative,0
2026-01-03 01:23:46,Buat daftar apkikasinya susah banget  pas ambil foto wajah,Negative,0
2026-01-03 01:23:48,"bayangin lo bikin aplikasi dana puluhan miliar tapi buat akses kamera aja ga bisa, uangnya malah dipake buat beli buzzer rating goblok",Negative,0
2026-01-03 01:23:49,aplikasi eror cacat ni aplikasi nya prodak pemerintah ga ada yg beres,Negative,0
2026-01-03 01:23:51,Ada masalah di verifikasi muka dan email/sms,Negative,0
2026-01-03 01:23:53,MAU GANTI PASS AJA SUSAH. MINTA KIRIM KODE VERIFIKASI LEWAT NOMOR TELFON BERKALI2 GA MASUK SMS NYA. PRODUK PEMERINTAH CUMA NYUSAHIN RAKYAT,Negative,0
2026-01-03 01:23:55,"Buat daftar aja gabisa, kameranya nge bug
Tolong di betulkan karna sangat amat tidak membantu.

Terimakasih",Negative,0
2026-01-03 01:23:56,"Aplikasi sampah mau daftar aja gabisa gabisa, stuck di foto muncul kamera doang gak bisa diapa apain gak ada menu lain lain gembel",Negative,0
2026-01-03 01:23:58,aplikasi bodoh verifikasi muka ga ke detect sama sekali padahal pencahayaan dll udah bener,Negative,0
2026-01-03 01:24:00,"Mau verif pindah faskes pake harus foto wajah, kalo fitur belom siap jgn di deployyy tolll polotolll blokkk",Negative,0
2026-01-03 01:24:01,sistem bobrok check in gak jelas hal gampang di susahkan,Negative,0
2026-01-03 01:24:03,Nyesel hidup di indonesia pelayanan sampah semua,Negative,0
2026-01-03 01:24:04,Gimana sih ini aplikasi gabisa di gunain,Negative,0
2026-01-03 01:24:06,"pas aku mau daftar kan harus input data wajah ,masa ga ada tombol buat take nya, terus ga ada perubahan warnanya merah terus, bener bener ngeselin aplikasinya",Negative,0
2026-01-03 01:24:08,Verifikasi wajah dh ku liat yt liat tiktok car cara nya pun tdk bisa tdk ada opsi sms ato telp bisa ga seh bikin yang bener verif nya aneh mau daftar aja di persulit mana verifikasi nga jelas padahal lagi butuh min di bagusin dlu baru terjun rilis aplikasi ga jelas ini,Negative,0
2026-01-03 01:24:09,"- istri saya tidak bisa ambil foto untuk ganti kelas faskes

- sewaktu telfon, CS nya terburu2 mau mengakhiri percakapan, ketika di tanya jawabannya ""iyaahhhh"" seperti malas & emosi.",Negative,0
2026-01-03 01:24:11,"scan wajah kalo gak bisa otomatis mending gak usah pake yang otomatis, pakai scan manual aja, ini orang keburu mati gak bisa di tangani. udah 2 hari gak bisa berobat gara” scan wajah gak bisa dtack, emang apk tolol",Negative,0
2026-01-03 01:24:13,"Kenapa pas proses verifikasi ko merah terus kameranya, tolong di perbaiki apk nya",Negative,0
2026-01-03 01:24:15,"Aplikasi sangat tidak jelas!!
aplikasi malah mempersulit bukan mempermudah. proses pendaftaran stuck pada saat pengambilan gambar tidak ada kemajuan!!!",Negative,0
2026-01-03 01:24:17,GAJELAS ANJIR APLIKASINYA SUMPAH MAU BIKIN AKUN PAS VERIF WAJAH GABISA2. APLIKASI BOBROK KLO BLM SIAP MASUK ERA DIGITAL GAUSA SOK BIKIN ATURAN HARUS DAFTAR LEWAT APP BJIRRRRR,Negative,0
2026-01-03 01:24:19,Min… kenapa untuk memverifikasi data pendaftaran kameranya tidak ada merespons sama sekali padahal sudah diulang berkali-kali dilain waktu dan wifi yang berbeda juga menggunakan kamera hp yang bagus,Negative,0
2026-01-03 01:24:20,Daftar verifikasi wajah gabisa lol,Negative,0
2026-01-03 01:24:22,Mau ganti faskes aja ribetnya minta ampun. Berkali2 verifikasi wajah ga bisa. Kalo bisa bintang 0 gua kasih bintang 0 dah. SAMPAH,Negative,0
2026-01-03 01:24:23,"Lgsg unistall aja. Apps ga guna, minta verifikasi wajah tp fitur verifikasi wajah ga fungsi. 
Ga bs bikin apps tp sok iye 🤣",Negative,0
2026-01-03 01:24:25,Banyak banget bug nya. Wajah saya gak ter verifikasi verifikasi. Padahal udah didalam kotaknya,Negative,0
2026-01-03 01:24:26,"verifikasi aja gak bisa"" haduh",Negative,0
2026-01-03 01:24:28,"Kenapa sih hal2 penting kaya gini harus di kelola orang gak tolol, tiap bikin aplikasi pasti jeblok semu",Negative,0
2026-01-03 01:24:29,Aplikasi gak jelas,Negative,0
2026-01-03 01:24:31,App bego gausah sok sokan pake biometric kalo gabisa dipake siapa sih vendor nya orang bpjs juga bego vendor tolol kek gini malah dipilih gangerti cara bikin app,Negative,0
2026-01-03 01:24:32,Tolong benerin fitur verif wajahnya saya mau ganti faskess,Negative,0
2026-01-03 01:24:33,"Saya mau merubah lokasi faskes, namun setelah semua proses input data kemudian masuk fase sistem Frista dan meminta mengakses kamera, tapi setelah di berikan akses, aplikasi merestart dan semua proses berulang, gitu terus sampe gila

Istri saya download untuk daftar baru, namun sampe fase Frista untuk menginput biometrik wajah, aplikasi tidak merespon dan mengambil foto sebagaimana mestinya, jika di batalkan proses berulang lagi dari awal, 
Aplikasi pemerintah emang sampah",Negative,0
2026-01-03 01:24:35,"mau pindah faskes, disuruh izinkan kamera untuk biometrik dan gabisa kalo ga klik ""izinkan"". auto redirect ke settings, TAPI di menu settings ""allow what BPJS can access"" di iphone, GA ADA fitur kameranya buat di allow. lah gmn si GA JELAS plis",Negative,0
2026-01-03 01:24:36,Sampah bangett gk bisa verifikasi waja.. Tolong dong diperhatikan lagi aplikasi ini kenapa gk sat set gitu loh kalo mau daftar.,Negative,0
2026-01-03 01:24:38,mau verifikasi wajah gabisa mulu! padahal lagi urgent,Negative,0
2026-01-03 01:24:39,"HP IP 11 susah verifikasi wajah , apakah harus saya beli Kamera nikon ?",Negative,0
2026-01-03 01:24:41,"susah banget ini aplikasi, saya mau verif wajah gabisa mulu, udah nyoba berbagai cara tetep aja kaga ke deteksi, sangat membantu sekali aplikasi ini",Negative,0
2026-01-03 01:24:42,Tidak bisa masuk di iphone 7,Negative,0
2026-01-03 01:24:44,busuk,Negative,0
2026-01-03 01:24:45,App ngentot,Positive,1
2026-01-03 01:24:47,Kurang fast respon,Positive,1
2026-01-03 01:24:49,GAK JELAS GAK BISA DAFTAR,Negative,0
2026-01-03 01:24:50,Saya tidak bisa login u/ mengambil antrean. Saya memakai iPhone 7. Sebelumnya bisa. Please fix. Tks.,Negative,0
2026-01-03 01:24:51,LO KALO BIKIN APLIKASI JANGAN NYUSAHIN MINIMAL DI MAINTENANCE ORANG SAKIT DISURUH BIKIN JKN KETIKA FACE RECOGNITION GA KEDETECT2,Negative,0
2026-01-03 01:24:53,"KAMERA UDH SESUAIKAN DI WAJAH, GW TUNGGU 2-3MENIT MASIH GA DAPET SENSOR NYA, GAJELAS APK",Negative,0
2026-01-03 01:24:55,gimana ya di ulang berkali2 tp verifikasi wajahnya gabisa dan lama. saya bingung hrs gmn,Negative,0
2026-01-03 01:24:56,Aplikasi jelek mau verifikasi wajah buat ganti faskes gak bisa2,Negative,0
2026-01-03 01:24:57,Permuk nya sangat sulit kamera nya ga kaya cermin,Negative,0
2026-01-03 01:24:59,Terima Kasih.,Positive,1
2026-01-03 01:25:00,Coba log in katanya belum terdaftar yaudah coba daftar. Pas daftar disuruh verifikasi wajah tapi gak bisa bisa. Jujur ini aplikasinya bener bener gak guna. Daripada uang yang dipake buat bangun aplikasi ini jadi sia-sia mending ganti vendor atau gak usah ada aplikasi ini sekalian.,Negative,0
2026-01-03 01:25:02,"Verifikasi wajah selalu gagal lapor ke org kesehetan disuruh ulang terus sampai bisa, padahal sudah dicoba berbagai cara tetap gabisa",Negative,0
2026-01-03 01:25:04,gausa sok mau verif wajah lah buat apk aja gabisa. ngedetect gabisa tolol,Negative,0
2026-01-03 01:25:05,Tidak bisa login sama sekali pdhl butuh jkn mobile..,Negative,0
2026-01-03 01:25:07,Aplikasi gak bisa perifikasi wajah aduh jodok,Negative,0
2026-01-03 01:25:09,"gabisa ganti faskes, minta verifikasi wajah, dicoba trs gabisa2, caur",Negative,0
2026-01-03 01:25:10,"Nyusahin rakyat mau update faskes aja ada kendalanya, kamera segala di mirror. IT nya gak guna",Negative,0
2026-01-03 01:25:12,"mau pindah faskes haru verifikasi wajah, tapi wajahnya ga terdeteksi. padahal udah lepas kacamata, di tempat yang terang, tapi tetep ga kebaca.",Negative,0
2026-01-03 01:25:14,"Mau daftar tapi pengenalan wajah sama sekali tidak bisa ke baca, padahal sudah di tempat terang",Negative,0
2026-01-03 01:25:16,"Ga berfungsi, tolong perbaiki BUG nya segera",Negative,0
2026-01-03 01:25:18,JELEK! Tidak Bisa Berfungsi! Alhasil gabisa diakses. Percuma download buang kuota,Negative,0
2026-01-03 01:25:19,"baru satu kali masukin sandi dibilang udah salah 3 kali masukin sandinya terus disuruh nunggu beberapa menit, ubah kata sandi pake sandi baru masih dibilang salah, ngaco ni aplikasii. benahinn laah.",Negative,0
2026-01-03 01:25:21,Minn gak kebaca kameranya di hp akuu. Mohon perbaiki bug nya yaaa,Negative,0
2026-01-03 01:25:23,"Verifikasi wajahnya payah banget, mirror lagi",Negative,0
2026-01-03 01:25:25,Kebantu bgt dengan ada ya bpjs,Negative,0
2026-01-03 01:25:26,tolong lah mau daftar aja di persulit memakai verifikasi wajah dan sudah verifikasi wajah pun tetep tidak ada respon berhasil atau tidak verifikasi wajahnya,Negative,0
2026-01-03 01:25:28,login gaa bisaaa pake face id,Negative,0
2026-01-03 01:25:29,"Harus verifikasi wajah buat perubahan data faskes 1, tapi akses ke kamera nya ngga ada buat IOS kah?",Negative,0
2026-01-03 01:25:31,"biometric"" peler gabisa login",Negative,0
2026-01-03 01:25:33,Tidak bisa mendaftar dengan biometrik dan selalu gagal.,Negative,0
2026-01-03 01:25:34,"Mau ganti faskes 1 minta verif, minta akses kamera, tapi ga ada opsi buat ngasi akses kamera. Terus aku kudu piye?",Negative,0
2026-01-03 01:25:36,Proses registrasi terlalu sulit. Apalagi terkait proses verifikasi yang masih menggunakan SMS (memang tersedia fitur verifikasi melalui WA tapi tidak semua perangkat muncul fitur ini),Negative,0
2026-01-03 01:25:39,aplikasi bobrok daftar face nya gabisa BNGST,Negative,0
2026-01-03 01:25:40,"Mau ambil antrian tulisannya gagal terhubung ke server ,dicba lagi tulisan tidak bisa ambil antrian lebih dari 1x padahal nmr antrian blm keluar,hbis update malah gak jelas",Negative,0
2026-01-03 01:25:42,"Udh digaji pake pajak ya aplikasi diperhatiin dong lolot amat??? Masa mau verifikasi wajah aja gabisa, cuma stuck di frame merah pdhl cahaya bagus wajah jelas. Gembel",Negative,0
2026-01-03 01:25:44,MINTA PENGENALAN WAJAH TP DARI APLIKASINYA GAK BISA AKSES KAMERA,Negative,0
2026-01-03 01:25:46,"Tolong aplikasinya diperbaiki lagi, masa buat verifikasi wajah aja susah banget, perkara mau ganti faskes. Bayar pajak rutin buat perbaiki aplikasi aja masa susah sih?",Negative,0
2026-01-03 01:25:48,"jelek, verifikasi muka wajah udh pas dalm kotak, masih ga ke detek gimana sih DONGO",Negative,0
2026-01-03 01:25:50,"Mau ubah faskes aja susahnya cok tinggal verifikasi wajah ga bisa bisa lanjut ke tahap selanjutnya, udah telpon operator tb tb dimatiin telfonnya. Anjing kerja yang bener tolol!",Negative,0
2026-01-03 01:25:53,Aplikasi ribet gak bisa daftar,Negative,0
2026-01-03 01:25:55,"kalo mau rekam wajah yang bener napa asu rekam wajah saja lama bangett sampe berjam"" nungguin masih gak kelar"" buat apa coba harus verifikasi wajah kalo harus sampe nunggu lama berjam"" asu gaguna ini apps",Negative,0
2026-01-03 01:25:57,Ga bisa verifikasi foto gimana ini,Negative,0
2026-01-03 01:25:59,Aplikasi jauh dari kata layak,Negative,0
2026-01-03 01:26:01,Susah bgt daftar apknya teru stak di verifikasi wajahnya berjam” udh mencobak gak bisa” giaman sihhh,Negative,0
2026-01-03 01:26:04,"Error spesial character bikin frustasi, kadang karena ngetik kepanjangan aja keluar error ini, tolong perhatiin ux nya kenapa gak di handle langsung dan remove di backend aja yg kayak gini",Negative,0
2026-01-03 01:26:05,"aplikasi goblok verif muka aja gabisa bisa najis, bukan mempermudah malah mempersulit",Negative,0
2026-01-03 01:26:08,Verifikasi ribet anjing! Susahnya minta ampun! App TOLOL,Negative,0
2026-01-03 01:26:10,"giliran vermuk gabisaa,gimana sih ini???!!!!!!!!",Negative,0
2026-01-03 01:26:12,"Saya ambil antrian online di JKN ke RS koesma tuban tapi sampai di RS harus antri manual lagi...
Terus fungsi antri online di aplikasi JKN apa min?",Negative,0
2026-01-03 01:26:14,gw daftar waktu verifikasi wajah kok bermasalah terus sih anj***g,Negative,0
2026-01-03 01:26:16,"mau verifikasi wajah aja susha banget gabisa bisa, bilangnya muka harus ada dalam kotak, aplikasi aneh",Negative,0
2026-01-03 01:26:18,kekonfirmasi dengan nik yang sama suruh ke bagian pendaftaran secara manual tll,Negative,0
2026-01-03 01:26:20,"kgk bisa verif muka anjim, semoga lu dan keluarga lu bolak balik RS makanin duit haram",Positive,1
2026-01-03 01:26:21,setelah update versi fitur tidak bisa dipakai. notifnya tidak dapat diproses tunggu benerapa saat terus.. coba logout login ga bisa.. coba install ulang tetap tidak bisa.. internet koneksinya stabil lancar,Negative,0
2026-01-03 01:26:23,tiap mau login pasti cuma stuck doang,Negative,0
2026-01-03 01:26:25,Pas beres daftar trus verif wajah alias scan wajah tapi gak bisa.. tetep aja merah..,Negative,0
2026-01-03 01:26:27,"Setelah update versi terbaru awal bulan Agustus, ada bberapa kendala: (1) tidak bisa mengakses menu ambil antrean untuk faskes tingkat pertama; (2) tidak bisa logout.
Coba uninstall malah tidak bisa login sama sekali. Tolong segera perbaiki.",Negative,0
2026-01-03 01:26:29,aplikasi stuck di rekam wajah,Negative,0
2026-01-03 01:26:30,Masa ga bisa identifikasi wajah. Cacat aplikasi ngentot,Negative,0
2026-01-03 01:26:32,"Aplikasi gabisa di pake, jangankan login, registrasi aja ga selesai, tahap verifikasi wajah/biometrik ga berfungsi, sidah banyak yang kasi review masi ga di perbaiki, di bawah naungan bumn tapi tetep gabisa proses online, ciri2 neg*ra gag*l",Negative,0
2026-01-03 01:26:33,"makin kesini makin ribet, tolong dong aplikasi mobile JKN bisa dibuat lebih simple untuk para penggunanya dan aplikasinya harusnya udh siap sedia. Belajar dlu deh sm develop BCA yg udh terintegrasi dan oke punya dan memudahkan penggunanya. Apalagi ini terkait kesehatan, masa ga sat set sih. Smg masukan dri pengguna bisa didengar untuk bisa mengupgrade aplikasi jdi lebih canggih",Positive,1
2026-01-03 01:26:35,Perpanjang SKCK aja suruh Buat jkn segala ribet jadi wni!! Adminnya gimana sihh??fitur kamera gak bisa di pakai.,Negative,0
2026-01-03 01:26:37,"Tolong hilangkan Bug saat mendaftar, yang ada pada verifikasi wajah. Wajah sudah sesuai dengan kotak yang di sediakan, Namun tidak ada proses yang di lakukan oleh sistem. Tolong di perbaiki.
TERIMAKASIH",Negative,0
2026-01-03 01:26:39,Ini kenapa scan wajah ngak bisa perbaiki lah buru buru ini,Negative,0
2026-01-03 01:26:41,Ga bisa masuk kamera itu gimanaa???,Negative,0
2026-01-03 01:26:43,gmn si ini mau log in masukin capcart ga bisa2 mempersulit !!! tolong perbaiki,Negative,0
2026-01-03 01:26:45,Akses kamera nya mana!!,Positive,1
2026-01-03 01:26:47,apk gajelas buat susah orang,Negative,0
2026-01-03 01:26:48,Aplikasi jelek,Negative,0
2026-01-03 01:26:50,"Aplikasi jelek bangat, verfikaai wajah susah bngt ke detek, perbaiki lagi. Viturnya juga jelek bangat sumpah",Negative,0
2026-01-03 01:26:52,Tolong diperbaiki untuk verifikasi wajahnya. Mau daftar faskes 1 dokter gigi gabisa terus terverifikasi wajahnya,Negative,0
2026-01-03 01:26:55,Saya mau ubah Faskes Tingkat 1 untuk dipakai di wilayah baru harus verifikasi wajah selalu minta akses kamera. Sudah dikasih akses kamera jg tetap langsung ke tutup. Mau nya gmn ya?,Negative,0
2026-01-03 01:26:56,"gabisa"" daftar pada saat proses kamera",Negative,0
2026-01-03 01:26:59,"gak bisa verifikasi wajah!! alhasil saya gabisa daftar,pdhl penting banget,,skrng ijin sakit diperusahaan hrus sudah dftr aplikasi ini,kalau belum ga bisa verifikasi skd dan gaji terpotong",Negative,0
2026-01-03 01:27:01,waktu daftar discan wajah gaada tombola apa apa gaada respon apa apa nunggu udah lama ni gajelas banget,Negative,0
2026-01-03 01:27:03,gak bisa ke deteksi wajah aing aplikasi sampah,Negative,0
2026-01-03 01:27:05,Apk tolollll ngabisin angaran aja,Positive,1
2026-01-03 01:27:07,"Min, bisa tolong di sesuaikan agar pengguna iphone SE gen1 masih bisa pake aplikasi nya? Sebelum update sih masih bisa setelah update jd ga bisa login, padahal udh input NIK dan password dengan benar di tap login tp ga masuk ke aplikasi nya, tetep di halaman login",Negative,0
2026-01-03 01:27:08,"Ga jelasss bangett aplikasinya, dari tadi ngga terverifikasi wajahnya",Positive,1
2026-01-03 01:27:10,"Plis bangett Mob JKN upgrade aplikasinya, Jelek banget!! Verifikasi wajah setengah mampus ga bisa",Negative,0
2026-01-03 01:27:12,gak layak banget ini aplikasi,Negative,0
2026-01-03 01:27:14,"Aplikasi ini sebenernya berguna, tapi fitur pengisian keluhan bikin frustasi. Setiap kali nulis sedikit panjang langsung error katanya ada “spesial karakter”, padahal cuma pakai titik, koma, atau enter biasa. Sampai harus ngetik ulang berulang kali baru bisa. Tolong segera diperbaiki biar pengguna nggak buang waktu cuma gara-gara form yang terlalu sensitif",Negative,0
2026-01-03 01:27:15,Aplikasi goblokkk varifikasi wajah gamau tolol,Negative,0
2026-01-03 01:27:17,"Bagian sistem indentifikasinya ga jelass mau apa, udah simpam wajah bagian kotak ga twrjadi apa”",Negative,0
2026-01-03 01:27:19,"Tidak bisa daftar karena biometrik ga bisa d klik, lemah banget sistem nya, padahal udh bayar mahal2, ga pernah di pake, mau coba daftat aplikasi susah banget.",Negative,0
2026-01-03 01:27:21,TOLONG YA DIPERBAIKI ! jangan menyusahkan bisa ga sih? mau verifikasi wajah aja gabisa! udah berkali-kali dicoba! aplikasi itu jangan dibuat menyulitkan. tolong diperbaiki bagian verifikasi wajah,Negative,0
2026-01-03 01:27:23,Mau daftar tapi pas verifikasi wajah malah ga bisa udah nyoba beberapa kali masih gabisa,Negative,0
2026-01-03 01:27:24,biometrik ga fungsi. wajah udah sesuai kotak aja msh gak ke detect.,Negative,0
2026-01-03 01:27:26,bikinn emosi kenapa ya serba sulit,Negative,0
2026-01-03 01:27:28,"katanya mempermudah, ini mempersulit aja. mau daftar online langkah pertamanya aja pas verifikasi muka super susah. buruk bgt pindaian nya , gada arahan lagi. apk payah",Negative,0
2026-01-03 01:27:30,"gmna sih ini mau daftar akun aja gabisa verifikasi wajah, udah ikutin ketentuannya gaada kelanjutan terus standby dikamera doang, gajelas, tolong diupdate dong",Negative,0
2026-01-03 01:27:31,"KALO BELUM MAMPU PAKAI APLIKASI GAUSAH MAKSAIN, VERIFIKASI WAJAH AJA GABISA KEBACA2 KOCAK",Negative,0
2026-01-03 01:27:33,"Disuruh verifikasi wajah tapi nga terverif2, padahal udah mgikutin petunjuk segala macam.",Negative,0
2026-01-03 01:27:34,susah banget daftar verifikasi wajah tolong di update lagi bug nya,Negative,0
2026-01-03 01:27:36,Terbaik aplikasi ini dan sangat membantu kami sebagai peserta bpjs,Positive,1
2026-01-03 01:27:38,"Saya ingin berbicara dengan cs, tapi tidak ada Kontak Cs di aplikasi Mobile JKN, di WA Pandawa juga tidak ada pilihan berbicara dengan costumer service BPJS Kesehatan.",Negative,0
2026-01-03 01:27:40,Login ke pemindai muka ga bisa”,Negative,0
2026-01-03 01:27:42,apk tolol verifikasi wajah ga confr”,Negative,0
2026-01-03 01:27:44,"Super praktis! Semua urusan BPJS sekarang tinggal lewat HP. Mau ganti faskes, cek tagihan, atau ambil antrean online — semua bisa dari aplikasi Mobile JKN. Gak ribet, tampilannya juga user-friendly banget. Wajib punya sih buat peserta BPJS! 👍✨",Negative,0
2026-01-03 01:27:45,"Mau daftar pun sulit, aplikasi belum siap luncur. Masa daftar aja lama banget gak bisa bisa. Typical app pemerintah selalu bobrok.",Negative,0
2026-01-03 01:27:47,"Dari tadi udh 10x sken muka gaada proses apa apa apliksi bikin emosi, kalo  gitu mending gausa onlen"" lah bikin emosi doang yg bikin aplikasinya ga jelas",Negative,0
2026-01-03 01:27:49,"Tidak bisa dapat no OTP, scan wajah tapi tidak merespon, aneh !!!",Negative,0
2026-01-03 01:27:51,KALO GA BECUS BUAT TEKNOLOGI GAUSA SOK DI BUAT BIAR KEREN KOCAKK 😡🤬,Negative,0
2026-01-03 01:27:53,"Plis dari bulan kemaren mau ganti faskes 1 gabisa, padahal dulu tinggal ganti aja terus done. Boleh ga si diapus aja frista nya kalo sistemnya masih buruk? Kan jadi merugikan.",Negative,0
2026-01-03 01:27:55,"Gila ya memang aplikasi tolol, disuruh verifikasi wajah tapi gak ada keterangan harus gimana udah berbagai sisi berbagai cara masih aja gak ada respon aplikasinya. Kalo ga bisa bikin aplikasi gak usah bikin deh, NGEREPOTIN",Negative,0
2026-01-03 01:27:56,Gagal terus verifikasi wajah gaada kejelasan,Negative,0
2026-01-03 01:27:58,"udah keliatan dari ux nya aja, gausa ngomongin ui dulu, bisa kok dibandingin sama app lain. mau verifikasi muka aja gabisa, ga ke detect, belum lagi kameranya ga dibikin mirror, udah tau buat selfie. layout, button” banyak yg perlu diimprove noh size sama spacing nya. ga ngerti kenapa banyak yg kasih bintang 5, buzzer?",Negative,0
2026-01-03 01:28:00,"gajelas kocakk, verifikasi wajahh udah lah mirror gabisa bisa, yang katanya mempermudah malah jdi mempersulit emng gajelas",Negative,0
2026-01-03 01:28:02,"Ini kenapa ga bisa daftar di iphone ga ada akses kameranya?? Aplikasi masih banyak bug besar udah go live aja, KACAUU KACAUUU",Negative,0
2026-01-03 01:28:04,INI NIAT MEMBANTU RAKYAT GA SIH VERMUK WAJAH SUSAH BGT KALO APK BLM JADI GAUSA DIKELUARIN DULU BENERIN DULU LAGI SAKIT VERTIFIKASI WAJAH DIPERSULIT TAMBAH SAKIT NIH UDH SEJAM DIDEPAN KAMERA UDH GELENG” KEDIP SAMPE SENYUM GA NGARUH SAMA SEKALI TOLONG SEGERA BENAHI,Negative,0
2026-01-03 01:28:06,Mau ganti faskes kehalang verifikasi wajah dah bolak balik instal uninstall tetep ga bs. Liat review emg kacrut ini apps ternyata,Negative,0
2026-01-03 01:28:08,Gagal terus verifikasi kocak,Negative,0
2026-01-03 01:28:09,Masa rekam wajah ga bisa bisa,Negative,0
2026-01-03 01:28:11,"Verivikasi wajah aja gabisa bisa cuma nongol muka doang, udah dipasin tapi gitu gitu aja gada konfirmasi atau apa kayak orang bego jadinya.",Negative,0
2026-01-03 01:28:14,Bayi saya baru lahir mau daftar ulang rujukan ngambil antrean di mintain nik,Negative,0
2026-01-03 01:28:16,"Sudah ikuti semua petunjuk, tapi verifikasi wajah tetap gagal. Muka udah pas di kotak, tapi aplikasi tidak respon sama sekali. Ini ganggu banget. Mohon perbaikan!",Negative,0
2026-01-03 01:28:18,"Setelah login, keterangan pada aplikasi permintaan anda blm dpt diproses",Negative,0
2026-01-03 01:28:19,TOLONG LAH FITUR VERIFIKASI NYUSAHIN BGT SAYAA MAU KONTROL INI MALAH NGEREPOTIN BANGET CAPE BGT MO NANGIS RASANYA CUMA UNTUK VERIFIKASI NYA MANA GADA PILIHAN LAIN LAGI UDH SAKIT TAMBAH SAKIT,Negative,0
2026-01-03 01:28:21,"Aplikasinya gk jelas mau daftar verifikasi wajah tapi gk selesai” hanya kotak kamera aja tanpa ada penyelesaian 
GAK BISA DAFTAR CUYY",Negative,0
2026-01-03 01:28:23,Saya sebagai ios dev ini aplikasi gajelas,Negative,0
2026-01-03 01:28:25,"Aplikasi nya masih perlu perbaikan, setelah coba ganti faskes 1, disuruh validasi lewat frista (face recognition) malah ga bisa-bisa. IT nya kerjanya ga bener, developer aplikasi kurang serius kerjanya",Negative,0
2026-01-03 01:28:27,"VERIF WAJAH PALING AMPAS DRI SEMUA APK PEMERINTAHAN YG W PAKE,MASI BAGUS FITUR VERIF WAJAH PINJOL",Negative,0
2026-01-03 01:28:29,"Aneh sekali saya gak bisa masuk dengan akun karena ada sistem biometrik verifikasi wajah menggunakan kamera, aplikasi mengharuskan user untuk mengizinkan akses kamera tetapi tidak ada opsi untuk mengizinkannya. Tolong diperbaiki",Negative,0
2026-01-03 01:28:30,"Aplikasi ampas ribet!! Daftar susaa, developer bapuk, klo gabisa buat aplikasi mending gausa",Negative,0
2026-01-03 01:28:32,"ni gimana si verif wajah gabisa bisa, di deketin ke kotak gabisa di jauhin gabisa sampe pegel pegangnya apa harus sambil kayang buat verif wajah?",Negative,0
2026-01-03 01:28:33,kalooo bikin aplikasi tuhh yg bener donggg masa verifikasi muka gabisa” mana mirorr,Negative,0
2026-01-03 01:28:36,Sangat lelet udah prifikasi wajah sesuai yg di tentukan malah gak jadi”,Negative,0
2026-01-03 01:28:38,"Aplikasi taek, verifikasi wajahmu lo ga kenek a",Negative,0
2026-01-03 01:28:40,"Verifikasi wajah gabisa bisa, ga gagal ga berhasil jg diem aj bgitu ga ada respon, udh pake hp lain sama ga bisa juga, ga jelas aplikasi pemerintah kerjanya",Negative,0
2026-01-03 01:28:42,"cukup mudah, tp pin lama saya tdk berlaku, jd harus reset pin, tp cepat selesai, terima kasih",Positive,1
2026-01-03 01:28:44,"minta akses kamera, tapi tidak ada opsi allow kamera di IOS",Negative,0
2026-01-03 01:28:46,"Kenapa selalu keluar terus dri apk, dan masuk kembali lagi? Eror terus",Negative,0
2026-01-03 01:28:48,Aplikasi bodoh mau daftar varifikasi muka malah ga berfungsi,Negative,0
2026-01-03 01:28:50,"Saya buat pengaduan dan pertanyaan via mobile jkn, tapi aplikasi gak support untuk ketikan kronologis panjang dan selalu bertanya yg sama padahal saya sudah ketikan  nomor tiket pengaduan yg awal supaya bisa lengkap membaca kronologis nya.

Saya telpon ke 165, alasan CS gk bisa eskalasi permasalahan saya karena tidak terintegrasi dengan mobile jkn. Dan suruh saya lgsung ke kantor pusat untuk pengaduannya.

Padahal kan maksud saya telpon 165 karena via mobile jkn ga support jadi saya ingin menyampaikan kronologis via 165 saja, baru akhirnya petugas CS nya mau mencatat (itupun akhirnya telpon saya dimatikan dengan alasan suara tidak terdengar padahal belum ada jeda lama dari trakhir petugas mendengar suara saya), intinya pertanyaan dan pengaduan saya sama2 tidak mendapat jawaban baik via mobile jkn maupun 165.

Kalau saya disuruh ke kantor pusat yaa percuma sekali ya, pdhal info nya bpjs kasih akses mobile jkn dan 165 untuk mempermudah bukan mempersulit dan oper2an",Negative,0
2026-01-03 01:28:52,Mau bikin akun aja harus pake verifikasi wajah dan itu gabisa2 terus.  Mau mindah faskes aja susahnya minta ampuuun,Negative,0
2026-01-03 01:28:54,susah banget sih mau identifikasi biometrik,Negative,0
2026-01-03 01:28:55,Sering banget log out sendiri anj*ng! Dengan alasan log in di device yang berbeda! T4i!,Negative,0
2026-01-03 01:28:57,aplikasi sangat buruk,Negative,0
2026-01-03 01:29:00,knp si gabisa verifikasi wajah,Negative,0
2026-01-03 01:29:01,Face recognition nya lama sekali kan apple ada face id bisa ukur jarak kedalaman pake sensor,Negative,0
2026-01-03 01:29:04,Scan wajah tidak berfungsi,Negative,0
2026-01-03 01:29:06,"Saat ada perubahan data, sangat sulit melakukan verifikasi wajah, sudah dicoba beberapa jam dalam beberapa hari, aplikasinya sama sekali tidak merespon, hanya kotak merah yang sama sekali tidak bergerak, tolong diperbaiki min, ini kan project mahal ya",Negative,0
2026-01-03 01:29:08,"Proses perubahan status menggunakan auto debit Bank Mandiri tidak bisa dan sudah dilakukan pengaduan tapi tidak membantu dan solusi yg diberikan tidak simple sehingga harus merubah auto debit dgn BCA. 
Harusnya semua bank di permudah proses pendaftaran auto debitnya.",Positive,1
2026-01-03 01:29:09,Bapuk,Negative,0
2026-01-03 01:29:11,Aplikasinya rusak,Negative,0
2026-01-03 01:29:12,"verifikasi wajah tidak bisa, sms juga tidak ada padahal pulsa ada. SEMUA RS HARUS DAFTAR DI JKN, SEDANGKAN APLIKASI JKN SEPERTI INI, PRODUK GAGAL",Negative,0
2026-01-03 01:29:15,Fix it!!!!,Positive,1
2026-01-03 01:29:17,"Apan gk bisa baca verif, ini apk depvlop nya anak smp kli ya",Negative,0
2026-01-03 01:29:18,"aplikasinya cacat masa gabisa verifikasi data terus aneh, aplikasi pemerintah bisanya nyusahin. yang bener dong bikin aplikasi, kalah sama apk pinjol",Negative,0
2026-01-03 01:29:20,Kasian ibu saya sudah tua suruh FR ga bisa bisa. Padahal duduk aja sudah kesulitan,Negative,0
2026-01-03 01:29:22,"Sensor kamera verifikasi nya kayak kont*l  yg buat alias buta map, udah kameranya mode miror dikira ga pusing apa di tambah keram tangan smpe 5 menit ga berhasil” tolol",Negative,0
2026-01-03 01:29:24,mau daftar nungguin kode otp dikirim ke email gak masuk2 sampe diulang2 tetep gak ada email kode otp niat gak sih bikin aplikasi,Negative,0
2026-01-03 01:29:26,RIBET,Negative,0
2026-01-03 01:29:29,perbaiki verifikasi wajah,Negative,0
2026-01-03 01:29:30,"E naskleng ci ne ngae aplikasi, aplikasi tain cicing naskleng nasplet sing dadi anggo",Negative,0
2026-01-03 01:29:32,MASA GA BISA VERIF WAJAH??? PADAHAL LOH UDAH DI DALEM KOTAK TAPI LAMA BGT GA KESCAN,Negative,0
2026-01-03 01:29:35,tidak bisa verifikasi wajah,Negative,0
2026-01-03 01:29:38,verifikasi wajah ini kok ga bisa anjir ga ada kelanjutan. aplikasi under government ga jelas tot,Negative,0
2026-01-03 01:29:39,dari awal susah bgt daftarnya dri yg sms engga masuk padahal pulsa ada terus sekarangg verifikasi juga gabisa susah bgt plis dimudahin aja,Negative,0
2026-01-03 01:29:40,"kenapa pas mau daftar terus scan wajah,gabisa bisaa,stuck aja terus disitu,hadehh menyulitkannnn",Negative,0
2026-01-03 01:29:42,Gabisa daftar krna harus verifikasi wajah. Sudah sesuai arahan berada di dalam kotak tapi engga ada reaksi apa-apa mentok saja disana. Kenapa ya? Mohon di tinjau,Negative,0
2026-01-03 01:29:44,"aplikasi ga jelas, mau daftar aja ga bisa bisa. udah sejam nunggu face recognition ga bisa bisa, mana ga mirror lagi kameranya. TERUS SAYA MAU DAFTAR GIMANA???",Negative,0
2026-01-03 01:29:46,mau login aja ga bisa masukan capcha sampai sukses juga ga bisa” aplikasi kurang worth it,Negative,0
2026-01-03 01:29:48,"Tidak bisa daftar, selalu nyangkut di verifikasi wajah, gak jelas gimana cara kerjanya aplikasi ini",Negative,0
2026-01-03 01:29:50,Susah login padahal kemarin mudah,Negative,0
2026-01-03 01:29:52,Aplikasi tolol,Negative,0
2026-01-03 01:29:54,Serius dikit lah buat aplikasi. Ini urusan sama masyarakat dan kalian buat ini di support pemerintah yang uangnya banyak dari rakyat juga. Login dibilang gagal sampai di suspend. Daftar autodebt muter2 kaya kentut akhirnya tetap gagal. Cek sendrilah klian yang buat asal jadi tapi gk direview,Negative,0
2026-01-03 01:29:56,"mau login tp infonya offline mulu, dr jam 2 subuh sampe jam 8 pagi bgitu terus.",Negative,0
2026-01-03 01:29:58,SANGAT SANGAT BURUK,Negative,0
2026-01-03 01:30:00,"Pemerintah jangan sok soan bikin aplikasi lagi lah, udah pake duit rakyat, anggaran ngga masuk akal, hasil kaya gini
Kalo ada aplikasi buatan pemerintah ngga pernah ada yg bener",Negative,0
2026-01-03 01:30:02,Apk nya gajelas suka keluar keluar sendiri bloon bgt,Positive,1
2026-01-03 01:30:04,Server sering eror jaringan bagus tapi gabisa daftar aneh,Negative,0
2026-01-03 01:30:06,"YANG BENER AJA !!! GAK BISA MASUK, PASTI KELUAR NOTIF “PERMINTAAN ANDA BELUM BISA DIPROSES” TERUSSSS, GILAK EMNG YA BIKIN EMOSI INI APLIKASI",Negative,0
2026-01-03 01:30:08,Apa yang bisa diharapkan dari apps pemerintah,Negative,0
2026-01-03 01:30:10,"Tidak bisa login, muncul notif error. capcha juga suka ga jelas, Bad App 👎",Negative,0
2026-01-03 01:30:12,"apa guna buat aplikasi kalo gangguan terus pas ketika genting pula ,aneh pemerintah",Negative,0
2026-01-03 01:30:14,"Saya mau login tidak bisa terus, bacaannya terus coba beberapa saat lagi, gimana ini aplikasinya disini saya bayar gak gratis jadi tolong pelayanannya juga di bagusin!!!!!!!",Negative,0
2026-01-03 01:30:16,"pemerintah kalo bikin sistem buat rakyat yang bener lah,bikin aplikasi gini aja ngga becus eror mulu,yang pegang server ngga niat kerja",Negative,0
2026-01-03 01:30:19,"Aplikasinya bagus, gampang digunakan untuk verifikasi",Positive,1
2026-01-03 01:30:20,Keren banget dengan adanya penggunaan aplikasi mobile JKN saya dapat melakukan segala nya dengan mudah dari informasi sampai mengakses jika sakit,Positive,1
2026-01-03 01:30:23,"Susah, wajah sudah sesuai di dalam garis merah, di suruh hadap kanan beberapa kali padahal sudah sesuai",Negative,0
2026-01-03 01:30:25,"apk sampah!! siapa sih vendornya?! minta akses kamera tpi di pengaturannya gak ada pengaturan buat izin akses kameranya, ribet banget anjing! buang buang anggaran aja buat aplikasi yg gak bisa dipake",Negative,0
2026-01-03 01:30:27,"Saya sudah coba beberapa kali untuk daftar akun, tapi selalu keterangannya nomor telfon sudah pernah di pakai peserta lain. sedangkan ini baru mau daftar udaa nggak bisa, mohon infonya terkait kendalanya. terima kasih🙏🏻🙏🏻🙏🏻",Negative,0
2026-01-03 01:30:29,"Halo min, mungkin fitur notifikasi saat antri sangat diperlukan, karena kadang estimasi antriannya sangat gak sesuai karena gak semua datang juga. Mungkin saran saya bisa ditambahkan informasi kalau sisa 10 antrian lagi kalau di faskes yang pasiennya banyak",Negative,0
2026-01-03 01:30:30,Bagus perlu di ketahui saya mengajukan pindah krn pelayanan buruk dari faskes sblum ny,Positive,1
2026-01-03 01:30:32,"Alamat di kartu BPJS terlalu lama untuk update ke alamat terbaru, peserta hanya bisa mengupdate manual untuk alamat surata saja",Negative,0
2026-01-03 01:30:33,Mantap memudahkan akses peserta.. bpjs keren,Positive,1
2026-01-03 01:30:35,Minta otp ga masuk masuk sangat buruk,Negative,0
2026-01-03 01:30:37,eror mulu pas lagi penting pentingnya,Negative,0
2026-01-03 01:30:38,tapi ga ada opsi di setting untuk mengizinkan kamera untuk aplikasi jkn. yg bikin koding tolol,Negative,0
2026-01-03 01:30:39,Mantappp,Positive,1
2026-01-03 01:30:41,"Pemerintah kalo bikin aplikasi sampah semua hasilnya, buat pengembangan aplikasinya pada di korupsi",Negative,0
2026-01-03 01:30:43,Sangat membantu pengurusan administrasi nggak harus ke kantor lagi,Positive,1
2026-01-03 01:30:45,kalo mau buka surat rujukan keluar keluar sndiri,Negative,0
2026-01-03 01:30:46,"Ini kalo emang aplikasinya belom ready jangan bikin bikin aturan baru, minta semua pake face recognition tapi akses kamera iphone aja gaada. QC applikasinya nya kerja ga sih? jangan jangan gaada testingnya dulu sebelum diluncurin",Negative,0
2026-01-03 01:30:48,"Tapi sering log out sendiri. Dan kalau mau log in susah. NIK belum terdaftar lah, atau ga sesuai. Padahal udah di cek betul betul dan ga ada yang salah. Ribet tau. Coba di perbaiki, kenapa bisa log out sendiri tiap bulan harus log in, yang terlalu ribet prosesnya",Negative,0
2026-01-03 01:30:49,"Di aplikasi jelas2 ditulis buka 08:00 - 14:30, saya sudah daftar nomor antrian dan sdh ada sampai dipuskesmas malah dibilang sudah tutup palayanan jam 12 siang. Gajelas gini amat pake gratisan. Mending gaji saya ga usah di potong buat BPJS!",Negative,0
2026-01-03 01:30:51,👍🏻👍🏻👍🏻👍🏻👍🏻,Positive,1
2026-01-03 01:30:52,susah bgt mau ganti data nomor telfon,Negative,0
2026-01-03 01:30:53,"Dikirain ada app kayak gini mempermudah ternyata makin susah, mau berobat aja susah banget daftar layanan gak bisa terus",Negative,0
2026-01-03 01:30:55,Verifikasi nomor hp via SMS berbayar dengan potongan pulsa Rp 1.100 dikali aja berapa kali Data gagal dirubah .. OTP nya berbayar sekali nya mau simpan data malah GAGAL …,Negative,0
2026-01-03 01:30:57,Auto debitnya kenapa tidak ada opsi bank BNI? Tolong tambahkan biar ga ribet buat rekening lagi!!!!,Negative,0
2026-01-03 01:30:58,"rewel bangett tiba tiba log out sendiri,mau log in malah katanya salah sandi padahal uda bener sesuai sama catatan,sedih bangettt lagi sakit di buat pusing gini 😥😥",Negative,0
2026-01-03 01:31:00,Klinik mediska pekalongan pelayananya is the best,Positive,1
2026-01-03 01:31:01,"Verifikasi wajah susah, harus coba berkali-kali",Negative,0
2026-01-03 01:31:03,aplikasi terjelek sistemnya rusak saya mau ubah faskes karna urgent malah gabisa tolol keburu mati baru bisa kode otp setahun ga dikirim kirim,Negative,0
2026-01-03 01:31:05,"inii kek mana coba mau daftar akun nyaa?? minta izin akses kamera tapi di pengaturan gaada buat izinkan kamera, sampah bngt",Negative,0
2026-01-03 01:31:07,Bg,Positive,1
2026-01-03 01:31:08,Baguss,Positive,1
2026-01-03 01:31:10,aplikasih sampah buat ribet aja,Negative,0
2026-01-03 01:31:11,Sangat mudah dan tdk berbelit2,Positive,1
2026-01-03 01:31:12,Mau bayar tunggakan susah harus menggunakan rehab versi terbaru gimna caranya,Negative,0
2026-01-03 01:31:14,"ga bisa otp padahal udah isi pulsa, app ga jelas",Negative,0
2026-01-03 01:31:15,lama kali donlodnya,Negative,0
2026-01-03 01:31:16,aneh pdl izin akses face id sudah dikasih tapi kenapa gabisa mulu? padahal urgent mau pindah faskes,Negative,0
2026-01-03 01:31:18,mudah tidak di persulit bagus mantap,Positive,1
2026-01-03 01:31:20,"Kemarin minggu anak saya masuk IGD,blm punya BPJS dari pihak RS dibantu untuk di bikinkan melalu online alhamdullilah belom ada sehari sudah jadi,sangat terbantuk adanya BPJS untuk pelayanan kesehatan tidak di pungut biyaya sepesarpun untuk biyaya RS nya🙏🥰",Negative,0
2026-01-03 01:31:21,Semoga para developer indonesia lebih expert dalam buat program.,Positive,1
2026-01-03 01:31:23,"Pelayanannya sangat baik, petugas ramah",Positive,1
2026-01-03 01:31:24,"Bukan mempermudah tp mempersulit.. daftar harus online,,sekalipun online kuota udah penuh 🤦‍♀️udah ikut bpjs lama tp baru juga mau menggunakan bpjs tp udah dipersulit bangettttttt. Gmna org yg gak punya hp???? Berarti dy gak bisa dilayanin,,minta daftar langsung gak bisa dilayanin karna infonya FKTP udah mendapat teguran dari bpjs 👊",Negative,0
2026-01-03 01:31:26,Mau program rehab tdk bisa karna minta versi yg baru ! Giliran nagih pake acara surat mnyurat ke hrd tempat kerja buat nagih kekurangan ! Aplikasi cuma ngasih waktu maksimal 5 bulan minta lunas dg alasan negara defisit ?!!! Defisit tuh gara” kalian korupsi njinggg !!! Bukan kita yg abisin duit,Negative,0
2026-01-03 01:31:27,Tidak bisa melihat surat rujukan,Negative,0
2026-01-03 01:31:30,Suruh nyalakan access kamera tapi dipengaturan gaada pilihan buat nyalakan access kamera,Negative,0
2026-01-03 01:31:31,"Earimasi ga sesuai sama aplikasi dan di faskesnya. Sudah datang sesuai estimasi di aplikasi malah sudah kelewat, jadi yg di apk ga d upadate. Buruk!!!",Negative,0
2026-01-03 01:31:33,"Terima kasih JKN team, semangat kembangkan terus",Positive,1
2026-01-03 01:31:34,"Saya mau mengajukan program rehap ko g bisa ya, disuru aplikasi rehap keversi terbaru, itu mksd nya gimna ya???",Negative,0
2026-01-03 01:31:36,Ampun kak,Negative,0
2026-01-03 01:31:37,Sangat membantu,Positive,1
2026-01-03 01:31:39,error,Negative,0
2026-01-03 01:31:40,tolol suka tiba2 keluar sendiri tolong d benahi,Negative,0
2026-01-03 01:31:41,"selalu mental terus, padahal log out juga ga. sampah ah",Negative,0
2026-01-03 01:31:43,Tolong yah sy mau login makai otp sms tp ga ada kodenya sama sekali,Negative,0
2026-01-03 01:31:45,"Masa setiap ambil nomor online pake mobile JKN selalu ga bisa sih!!, katanya apk ini untuk mempermudah mengambil nomor antrean puskesmas. Tapi apa ini, gak sekali dua kali ya setiap saya mau ambil nomor antrian puskesmas selalu gak bisa!!
Sangat kecewa sih saya, seharunya bisa memper mudah tetapi ini sama saja.!",Negative,0
2026-01-03 01:31:46,Disuruh verifikasi muka tapi ga bisa access kamera gmn tau ini aplikasi. Sumpah ga ngerti sama pengembangnya,Negative,0
2026-01-03 01:31:47,"Katanya salah masukan NIK tapi begitu sy masukkan kedua kalinya katanya sdh terdaftar tinggal login aja. Begitu login katanya salah lagi NIK. Yang betul yang mana sebenarnya,, jadi bingung 😫😫",Negative,0
2026-01-03 01:31:49,Muka udah di kotak 5 menit ga ngapa ngapain GJ,Negative,0
2026-01-03 01:31:50,"Mau login aja langsung diminta untuk daftar auto debit, kalo g daftar auto debit tidak bisa login",Negative,0
2026-01-03 01:31:52,"Bikin aplikas jangan asal dong. Buka menu apa apa serba gabisa.   Disuruh update versi , pas di update sma aja tetep gabisa, ngasal",Negative,0
2026-01-03 01:31:54,Bermanfaat,Positive,1
2026-01-03 01:31:56,Apk gak jelas bikin ruet,Negative,0
2026-01-03 01:31:58,Sumpah aplikasinya busuk bgt. Pemaksaan harus bayar. Padahal udah dibatalin gabisa,Negative,0
2026-01-03 01:32:00,Mantab mudah perubahannya,Positive,1
2026-01-03 01:32:02,"Ulasan ini dibacakah? Sya mau ganti faskes knp tidak bisa,aplikasi minta verifikasi wajah, izin ke kamera sudah dibuka, tetep tdk bisa? Mohon solusinya.",Negative,0
2026-01-03 01:32:04,sangat bermanfaat,Positive,1
2026-01-03 01:32:05,fix bugs surat rujukan di info riwayat pelayanan di mobile JKN V.4.11.2 iOS tidak bisa dibuka selalu force close.,Negative,0
2026-01-03 01:32:07,"kepesertaan non aktif karena usia mencapai 21, namun saat login sendiri, muncul jg anggota keluarga lainnya. aneh",Negative,0
2026-01-03 01:32:09,Kalau mau izinkan kamera ya aktifin dong akses kameranya. ITnya gmna toh? Perangkat ios,Negative,0
2026-01-03 01:32:10,Bpjs gatel ribet cok ak IT Mpp suroboyo,Negative,0
2026-01-03 01:32:12,Memudakan sekali berkat aplikasi ini,Negative,0
2026-01-03 01:32:14,"Wajib terdaftar autodebit dan ga bisa di non aktifkan autodebitnya, dan kalo sudah terdaftar bpjs ga bisa dinon aktifkan bpjsnya gils bgt si",Negative,0
2026-01-03 01:32:16,Sangat baik,Positive,1
2026-01-03 01:32:18,"Klo belum mampu bikin aplikasi buat monitoring dll khususnya untuk pelanggan jangan sok sok an, klo pun ada niatain bikin aplikasi kek gini anggaran jangan di korupsi biar aplikasi optimal dan berfungsi dengan baik 
Kok bisa aplikasi se bobrok ini rating 4,8 emng klo ada uang bisa membeli semuanya dan klo ada anggaran bisa di korupsi seenaknya",Negative,0
2026-01-03 01:32:20,Minimal app dipastikan bisa membantu masyarakat lah bukan malah menyusahkan & meribetkan!!!,Positive,1
2026-01-03 01:32:21,"ANEH gabisa daftar akun, katanya rekam wajah sesuai kotak, udh di tunggu 5 menit masih juga ga ada perubahan!!!!",Negative,0
2026-01-03 01:32:23,"Tiap mau login selalu offline 
Disuruh coba lahi nanti
Okelah besoknya udh dicoba pagi, offline lagi katanya 
Ini gimana sih eror terus
Niat bikin aplikasi gasih",Negative,0
2026-01-03 01:32:25,Great app,Positive,1
2026-01-03 01:32:26,"Tolong dong diperbaiki, masa ingin rubah data aja pake face recognition, padahal ga semua hp support elahhh.. mau berobat aja ribet 👎👎",Negative,0
2026-01-03 01:32:28,Akun kok tiba tiba logout sendiri udah login lagi tetep ga bisa masuk ini gimana?,Negative,0
2026-01-03 01:32:29,"CARA GANTI NOMOR HPNYA RIBET KALI COK
btw, yg tidak dapat sms OTP itu harus ada pulsa minimal 2000 yagesya",Negative,0
2026-01-03 01:32:31,"Mau face scan saja tidak bisa, saya mau daftar menggunakan nomor handpone malah katanya sudah ada yang mendaftarkan nomor saya.. ini gimana sih JKN, data no HP saya siapa yang menggunakan? Gw yakin mereka jg ga tau wkwkwk",Negative,0
2026-01-03 01:32:32,"Susah pakai scan wajah, saya mau mindahin faskes orang tua saya . Karena orang tua saya tidak bersama saya jadi susah",Negative,0
2026-01-03 01:32:33,"Pelayanan untuk perubahan faskes cepat dan sangat membantu Terimakasih , dan tidak lama dan sangat cepat",Positive,1
2026-01-03 01:32:35,"Di ipone 11 gak ada fitur kamera pas izin akses, jadi gak bisa verifikasi muka, gak bisa ganti faskes",Negative,0
2026-01-03 01:32:36,"Jkn tak bisa digunakan, GAGAL TERHUBUNG KE SERVER RS, udh beberapa bulan ini ga bsa daftar online ke poli, tolong segera di perbaiki",Negative,0
2026-01-03 01:32:39,Nomor OTP ga masuk masuk ke sms nunggu lama bgt taek,Negative,0
2026-01-03 01:32:40,Jelek gak bisa login apk sekelas government begini🤌🏻,Negative,0
2026-01-03 01:32:41,Pulsa ada no aktif tpi otp ga dikirim kirim aneh bgt tujuan diciptakan aplikasi kan untuk mempermudah ini malah makin mempersulit padahl semuanya sudah aman tpi susah bgt tinggal kirim kode otp doang,Negative,0
2026-01-03 01:32:43,Kenapa dipengaturan aplikasi gak ada pengaktifan kamera ya,Negative,0
2026-01-03 01:32:45,The app cant even open a camera,Positive,1
2026-01-03 01:32:47,"Verifikasi ribet, kadang error, tidak tersedia, fitur belum update",Negative,0
2026-01-03 01:32:48,"aplikasi plat merah
anggaran gede, sampe vendor tingal 10 persen, wajar aja kalo ga guna, mending mandiri",Negative,0
2026-01-03 01:32:50,sangat memudahkan pasien,Positive,1
2026-01-03 01:32:52,Bayar trus tiap bulan pelayanan di kota jambi buruk,Negative,0
2026-01-03 01:32:54,sangat membantu bgt,Positive,1
2026-01-03 01:32:56,"login ga bisa2, buang2 anggaran aja anj",Negative,0
2026-01-03 01:32:57,"Mau alih status jadi mandiri aja notifikasi virtual akunnya masuk ke mobile JKN, sememtara aplikasinya error terus ! Captcha nya ga muncul, muter terus ! Ribet ! Mau bayar aja ribet !",Negative,0
2026-01-03 01:33:00,Busuk .sering gangguan,Negative,0
2026-01-03 01:33:02,Wajar aplikasi pemerintah,Negative,0
2026-01-03 01:33:03,"Verifikasi wajah gk berhasil, kirim otp gk masuk. Gk banget.",Negative,0
2026-01-03 01:33:05,"Pemerintah bikin aplikasi 😏 
gak usah berharap banyak, 
Aplikasi 👎🏻",Negative,0
2026-01-03 01:33:06,"Di arahin verifikasi wajah , tapi ga ad akses kameranya ini aplikasi
Lucu !",Negative,0
2026-01-03 01:33:08,"Bagus, bnyk program yg gak jelas",Positive,1
2026-01-03 01:33:09,"gagal mulu verifikasi udah coba di hp yang berbeda tetep aja sama gabisa, offline tulisannya padahal kuota saya masi ada dan sinyal bagus.",Negative,0
2026-01-03 01:33:10,"dari jaman kanpan download gapernah bisa masuk, verifikasi wajah gabisa terus smpe di ulang2 instalnyaaa, pliss yaaa",Negative,0
2026-01-03 01:33:12,"Gabisa register, error",Negative,0
2026-01-03 01:33:14,Min sy mau daftar antrian online tp tdk bisa krn di kolom keluhan katanya “mengandung spesial karakter” padahal di keluhan sy tertulis hanya huruf ngga pakai angka ataupun simbol lain.. itu knapa ya?,Negative,0
2026-01-03 01:33:16,mau daftar aja lambatnya minta ampuuun deh!,Negative,0
2026-01-03 01:33:18,"Mau ganti faskes melalui app dan hrs vermuk tp permintaan akses app ke kamera tdk ada, bagaimana ini",Negative,0
2026-01-03 01:33:20,Gak bisa login tulisan nya salah NIK padadal sesuai sama di kartu yang terdaftar,Negative,0
2026-01-03 01:33:21,"Sampe sekarang mau log in gagal mulu. Dibilang salah password mulu. Giliran klik fiturr lupa pswd, semuanya dipersulit. Merasa rugi tiap bulan bayar bpjs",Negative,0
2026-01-03 01:33:23,Bagaimana bisa login kalau captcha tidak tampil,Negative,0
2026-01-03 01:33:24,Sangat memuaskan,Positive,1
2026-01-03 01:33:25,sangat bagus,Positive,1
2026-01-03 01:33:27,Aplikasi broken kah? OTP nomer teleponnya tidak muncul setelah ditunggu satu tahun. Sampah. Terimakasih.,Negative,0
2026-01-03 01:33:28,Apa hp gua doang ini yg ga ada akses KAMERA,Negative,0
2026-01-03 01:33:30,Minta verif.. verif blank ga jelass harus ngapain.. gini nih aplikasi yg garap tukang korupp ajur,Negative,0
2026-01-03 01:33:32,"sistem kursng mumpuni, update no hp harus verifikasi tpi gada pilihan metode verifikasi",Negative,0
2026-01-03 01:33:33,Cepat secara system,Positive,1
2026-01-03 01:33:35,"app KAMPANG, Gara2 susah verifikasi no hp, lokernya keburu di di tutup",Negative,0
2026-01-03 01:33:37,skip banget,Positive,1
2026-01-03 01:33:39,"Percuma buat apk kalau ujung ujungnya di suruh ke kantor cabang pendfaran autodebt dan ke kantor bpjss gajelas bangett,buatan pmrintah emang kyk gini yaa? Wkwwk wi",Positive,1
2026-01-03 01:33:40,Daftar autodebet super lama & selalu terlogout saat keluar aplikasi,Negative,0
2026-01-03 01:33:42,Tolong perbaiki akses kamera tidak ada.,Negative,0
2026-01-03 01:33:43,aplikasi jelekkkk👎👎,Negative,0
2026-01-03 01:33:45,"Tidak bisa masuk , cuma putih polos saja tampilannya",Negative,0
2026-01-03 01:33:46,"Setiap saya ingin melihat lampiran, selalu force Close dan error. Gak ada pilihan kirim ke email atau whatsapp, jadi saya bingung mau lihat rujukan dimana. Tidak tersedia Progressive Web Apps.. jadi harus beli hp baru?",Negative,0
2026-01-03 01:33:48,"GILA LO YA MAK GUA UDAH MERINTIH SAKIT, DIRUJUK KE RS UMUM LO KASIH JADWAL JAM 18.25 TAPI TERNYATA RS NYA GAK ADA JADWAL MALAM! GAKUSAH SOK SOK DIGITAL KALAU BELUM MAMPU TERINTEGRASI SAMA SISTEM RS!!!",Positive,1
2026-01-03 01:33:49,"Saya mau ganti faskes tapi harus menggunakan verifikasi wajah, namun tidak bisa karena kamera nya di aplikas nya tidak ada sehingga tidak bisa ganti faskes, sebelum nya bisa ini sudah setahun saya mau ganti lagi ga bisa. Gimana ini aplikasi nya seperti ini???",Negative,0
2026-01-03 01:33:51,"Menu tiap fiturnya tolong diperbaiki lagi, jgn hanya sekedar hiasan doang fungsinya pada error! Terutama di bagian rehab, aplikasi sudah terupdate msh tetap gak bisa.",Negative,0
2026-01-03 01:33:53,Force close saat buka surat rujukan,Negative,0
2026-01-03 01:33:55,Peraturan kamera pada hp iphone tidak tersedia buat apk jkn,Negative,0
2026-01-03 01:33:56,"Aplikasi sering mati loading terus, tel ke 165 malah disuruh dtg ke kantor bpjs terdekat tetap saja jauh sekali, terpaksa ke RS antri dari jam 7 pagi kebagiannya jam 3 sore pdhl sdh usia di atas 73",Negative,0
2026-01-03 01:33:58,Sangat membantu,Positive,1
2026-01-03 01:33:59,Saya mau ganti faskesntapi tidak bisa karena frista face recognition nya tidak bsa karena tidak ada kamera nya yang di izinkan itu,Negative,0
2026-01-03 01:34:01,"mau merubah faskes skrg diminta cerifikasi data pakai kamera, tp apps nya nda support di sistem utk akses kamera, aduh kapan negara maju ya.. korupsi nya terlalu menyeluruh ini bpjs bangkrut kapan y ditutup aja bayar iuran kesehatan bertahun2 tp fasilitas ga bisa dipakai. DZOLIM",Negative,0
2026-01-03 01:34:03,Good,Positive,1
2026-01-03 01:34:05,Untuk mendaftar susah karena fitir izinkan kamera,Negative,0
2026-01-03 01:34:07,Gak bisa di akses sama sekali app yg terlalu jelek,Negative,0
2026-01-03 01:34:08,"YaAllah daftar dipersulitt applikasi mu loh jelek banget. Pake ada fitur wajah tapi gak bisa di hp iphone.
Jelekk banget uangnya buat apa sih heran",Negative,0
2026-01-03 01:34:10,di ios tidak bisa daftar karna app meminta akses kamera tapi tidak ada opai tersebut,Negative,0
2026-01-03 01:34:12,Lemot dan log out sendiri,Negative,0
2026-01-03 01:34:14,"Mau pake program rehab tulisannya “keluarga tidak berhak mendaftar” lah terus yg berhak siapa? Tetangga gitu? Udah konttak WA yg bales bot, telpon CS malah dibilang harus lewat apk mobile jkn, udah dikasih tau klo lewat aplikasi mobile jkn tulisannya kyk gitu. Mau bayar aja ribet bener, mending gauasa dibayarlah pusing, ganti pake asuransi swasta aja yg ini bikin pusing",Negative,0
2026-01-03 01:34:15,Aplikasi sangat mudah d gunakan,Positive,1
2026-01-03 01:34:17,"Kode OTP berkali-kali lama masuk menunggu hampir 1 jam baru masuk terus kembali ke menu awal , aplikasi diperbaikin donk , bintang  1",Negative,0
2026-01-03 01:34:19,"ini tim pengembang apk ini pada kerja gasih sudah 5 hari nyoba terus reset password no hp sudah bener gaada yg salah gamuncul muncul otp, rata rata aplikasi pemerintah se bobrok ini? buat apa bayar pajak kalo yg digajih nya gaada yg bener bener menanggapi keluhan masyarakat",Negative,0
2026-01-03 01:34:21,"Ini maksudnya gimana, tolonglah manusia jaman sekarang itu kebanyakan berkacamata, pas mau daftar disuruh buka kacamata tapi gimana mereka mau membaca instruksi yang ada seperi harus menghadap kekiri lah kekananan lah kebelakang lah, sedangkan tulisannya aja tidak kelihatan, tolong dipikirkan lah, tidak user friendly banget",Negative,0
2026-01-03 01:34:22,Kenapa kalau aplikasi pemerintah itu bobrok yaa? Trouble nya ga kehitung jari dalam sehari,Negative,0
2026-01-03 01:34:24,Tidak bisa mengaktifkan akses kamera,Negative,0
2026-01-03 01:34:26,Tolong percepat proses melalui sms dan lewat email terimakasih trus ini aplikasi sering ngeleg,Negative,0
2026-01-03 01:34:27,ini app buatan negara?ecek2 gini banyak kekurangannya sekelas pemerintahan loh,Negative,0
2026-01-03 01:34:29,"No nik udh dimasukin dengan benar tapi bilangnya salah mulu diulang berulang kali juga tetep gak bisa, ini gimana sih apknya",Negative,0
2026-01-03 01:34:31,"Tidak bisa deteksi NIK, tidak bisa kirim kode verifikasi, tidak dapat digunakan.",Negative,0
2026-01-03 01:34:32,"masukin NIK gagal tapi ga jelas gagal karena apa, nyusahin banget, maksa bikin aplikasi tapi ga pernah diperbaiki ya gini",Negative,0
2026-01-03 01:34:34,"Udh lama sy mau daftar aplikasinya, udh berkali"" coba tp eror, nik gua ngga bisa . Tp klo cek di pandawa bpjs gua aktif. Ini mau sikron ke aplikasi, tp ribettnya minta ampun. Sampai skrg eror",Negative,0
2026-01-03 01:34:35,Rata2 aplikasi buatan pemerintah rusak semua,Negative,0
2026-01-03 01:34:37,"buat daftar aja susah, masak gaada opsi help center/ cs buat membantu kl ada masalah.. sekelas aplikasi pemerintah aja seperti ini buruk",Negative,0
2026-01-03 01:34:39,di suruh noleh kiri kanan tiba tiba ga kedetect udh senyum malah gabisa,Negative,0
2026-01-03 01:34:40,Selalu gagal padahal sudah mengkuti semua arahan dan selalu gagal,Negative,0
2026-01-03 01:34:42,"gabisa terdaftar terus padahal sudah sesuai dengan pemilik nik nya, tolong kedepannya sistem nya di uprage lagi, supaya pasien tidak kesusahan.",Negative,0
2026-01-03 01:34:43,It tooks forever to get the otp,Negative,0
2026-01-03 01:34:44,Ok,Positive,1
2026-01-03 01:34:46,Kereeen,Positive,1
2026-01-03 01:34:48,Sangat membantu sekali.,Positive,1
2026-01-03 01:34:50,Sangat memudahkan untuk pindah faskess,Positive,1
2026-01-03 01:34:52,"aplikasi laknatullah, biometri cek nya lagi ngerjain orang ya? dana nya buat apa aja",Negative,0
2026-01-03 01:34:54,Aplikasi tolol nunggu otp sms ga masuk2 bgst aplikasi Tolol anj mnyt mmk,Negative,0
2026-01-03 01:34:56,"Bukanya mempermudah malah mempersulit..yang bikin apk tidak paham apa gimana ya...PARAAAAH!!! Sangat Jelek,",Negative,0
2026-01-03 01:34:58,"Frista minta perizinan akses kamera, tapi di setting iphone gak bisa dan gak ada kolom untuk mengizinkan kamera.",Negative,0
2026-01-03 01:35:00,"Ganti status dari pegawai swasta ke mandiri kok ga bisa sehari ya, udah digital loh, kalo masih lama mending manual sekalian aja gausah ada aplikasi",Negative,0
2026-01-03 01:35:01,"Aplikasi tolol,niat bikin aplikasi gx sih,seharian kirim kode aplikasi gx dikirim kirim",Negative,0
2026-01-03 01:35:04,"Aplikasinya seperti tidak ada gunanya. Sudah upgrade tp tidak bisa kirim kode otp, dftar berkali kali ttp tidak bisa",Negative,0
2026-01-03 01:35:06,Aplikasi sangat membantu bisa merubah faskes secara online,Positive,1
2026-01-03 01:35:08,ga jelas aplikasinya nyusahin minta verifikasi dari nomer ngga kekirim” udah beberapa hari coba ga bisa” ga guna,Negative,0
2026-01-03 01:35:09,"Aplikasi aneh, pin salah trs padhal bener, udh direset pin udh dicatet bsok nya minta pin lagi pas dimasukin salah lagi minta reset pin lagi gilaa aja lo ngerjain orang! Dosa babii, digitalisasi bukanya mempermudah malah mempersulit !! 
Buang buang anggaran buat aplikasi ga jelas kek gini korup smua ajgg",Negative,0
2026-01-03 01:35:11,"Mau daftar aja loading mulu blokk, kasi gw aja yg buat aplikasi lebih bagus apalagi klo di dana in besar sama pemerintah, yg milih vendorr tolol bangett wee. aplikasi L",Negative,0
2026-01-03 01:35:13,"Ingin mengganti faskes, tapi tidak bisa karena harus ada verifikasi wajah, namun tidak ada permintaan izin akses kamera dari aplikasi jadi tidak bisa dirubah faskesnya, mohon diperbaiki",Negative,0
2026-01-03 01:35:15,"Tidak mempermudah pasien daftar , sinyal bagus, aplikasi baru, sdh login logout malah lemot",Negative,0
2026-01-03 01:35:17,"Sangat baik pelayanan bagus , cepat , dn ramah",Positive,1
2026-01-03 01:35:18,nama saya siapa disitu malah siapa,Negative,0
2026-01-03 01:35:20,aplikasi busuk. mau perubahan lokasi faskes minta aktifkan camera. udah di aktifkan semua dan di izinkan juga gak bisa. coba kalo buat aplikasi yg mempermudah. ke banyaka update2 gak jelas bukannya bagus malah makin gak jelas,Negative,0
2026-01-03 01:35:21,Sangat membantu saya dlm semua nya dan lbh mudah menggunakannya,Positive,1
2026-01-03 01:35:23,aplikasi ga becus,Negative,0
2026-01-03 01:35:25,mau ganti faskes harus pake biometrik tapi di setting apps ga ada buat allow camera??? bingung bgt,Negative,0
2026-01-03 01:35:27,"Kode verifikasi se abad baru masuk, seperti nya operator nya tidur di kantor",Negative,0
2026-01-03 01:35:29,"bayangin aja udah mau daftar nunggu seharian se enak jidatnya aja bilang kalo verifikasi wajah salah, habis itu ada lagi verif kode nomor tapi ga masuk masuk ke pesan. mohon ya pantek tolong jangan dipersulit orang mau berobat ya binatang, satu prang mati dosanya kalian nanggung",Negative,0
2026-01-03 01:35:31,"Boro2 masuk, daftar aj kagak bisa, aplikasi bodoh, g bisa di iphone",Negative,0
2026-01-03 01:35:33,Mau ganti nomor telepon aja ribet. Anehnya kok bisa akun saya pake nomor telepon orang lain?!,Negative,0
2026-01-03 01:35:35,Susah kali daftar! Verifikasi nomor udh betul semua aku pke nomor ini di sini verifikasi ga ada sms sampe 12x gila. Bubarin aja lah apk nya ga niattttt!!!,Negative,0
2026-01-03 01:35:36,Kode verifikasi tidak terkirim dan alhasil pendaftaran gagal,Negative,0
2026-01-03 01:35:39,Memudahkan,Positive,1
2026-01-03 01:35:40,"Susah untuk verifikasi face id & di suruh masukkan kode verifikasi lewat nomor hp malah tidak dapat, katanya sedang offline",Negative,0
2026-01-03 01:35:42,Sangat membantu,Positive,1
2026-01-03 01:35:44,Mempersusah,Positive,1
2026-01-03 01:35:45,"Halo, ketika ingin ubah data peserta setelah simpan perubahan muncul halaman frista face recognition untuk merekam wajah. Namun setelah klik mulai dan dialihkan pada setting, tidak muncul untuk setting akses kamera nya.",Negative,0
2026-01-03 01:35:47,Keren,Positive,1
2026-01-03 01:35:49,"Sangat membantu dalam mendapatkan pelayanan kesehatan,",Positive,1
2026-01-03 01:35:50,"parahhh kirim otp berapa kali pun ga masuk, pasien jadi tambah parah sakitnya kalau harus nunggu sistem kyk gini",Negative,0
